wals_code	name	latitude	longitude	genus	family	countrycodes	features
cub	Cubeo	1.33333333333	-70.5	Tucanoan	Tucanoan	US	absence_of_common_consonants=4 No nasals|alignment_of_verbal_person_marking=2 Accusative|consonant-vowel_ratio=1 Low|consonant_inventories=1 Small|distance_contrasts_in_demonstratives=2 -|expression_of_pronominal_subjects=2 Subject affixes on verb|finger_and_hand=2 Different|fixed_stress_locations=1 No fixed stress|front_rounded_vowels=1 None|gender_distinctions_in_independent_personal_pronouns=3 3rd person singular only|glottalized_consonants=1 -|hand_and_arm=2 Different|intensifiers_and_reflexive_pronouns=2 Differentiated|lateral_consonants=1 No laterals|minor_morphological_means_of_signaling_negation=4 None|negative_morphemes=1 Negative affix|order_of_adjective_and_noun=1 Adjective-Noun|order_of_adposition_and_noun_phrase=1 Postpositions|order_of_degree_word_and_adjective=3 No dominant order|order_of_genitive_and_noun=1 -|order_of_negative_morpheme_and_verb=4 [V-Neg]|order_of_numeral_and_noun=1 Numeral-Noun|order_of_object_and_verb=1 OV|order_of_person_markers_on_the_verb=1 A and P do not or do not both occur on the verb|order_of_relative_clause_and_noun=1 Noun-Relative clause|order_of_subject,_object_and_verb=5 OVS|order_of_subject_and_verb=2 VS|passive_constructions=1 Present|person_marking_on_adpositions=2 -|polar_questions=2 Interrogative verb morphology|position_of_case_affixes=9 -|position_of_interrogative_phrases_in_content_questions=1 Initial interrogative phrase|position_of_negative_word_with_respect_to_subject,_object,_and_verb=20 MorphNeg|position_of_polar_question_particles=6 No question particle|position_of_pronominal_possessive_affixes=4 No possessive affixes|position_of_tense-aspect_affixes=2 Tense-aspect suffixes|postnominal_relative_clauses=1 -|postverbal_negative_morphemes=2 [V-Neg]|prefixing_vs._suffixing_in_inflectional_morphology=2 Strongly suffixing|presence_of_uncommon_consonants=1 -|preverbal_negative_morphemes=4 None|pronominal_and_adnominal_demonstratives=1 -|relationship_between_the_order_of_object_and_verb_and_the_order_of_adjective_and_noun=1 OV and AdjN|relationship_between_the_order_of_object_and_verb_and_the_order_of_adposition_and_noun_phrase=1 OV and Postpositions|relationship_between_the_order_of_object_and_verb_and_the_order_of_relative_clause_and_noun=4 -|rhythm_types=1 -|syllable_structure=1 Simple|the_position_of_negative_morphemes_in_object-initial_languages=4 O[V-Neg]S|third_person_pronouns_and_demonstratives=2 Related for all demonstratives|third_person_zero_of_verbal_person_marking=2 No zero realization|tone=2 Simple tone system|uvular_consonants=1 None|verbal_person_marking=5 -|voicing_and_gaps_in_plosive_systems=4 Missing /g/|voicing_in_plosives_and_fricatives=2 In plosives alone|vowel_quality_inventories=2 -|weight-sensitive_stress=8 -|weight_factors_in_weight-sensitive_stress_systems=1 -
des	Desano	0.833333333333	-69.8333333333	Tucanoan	Tucanoan	US	coding_of_nominal_plurality=2 Plural suffix|comitatives_and_instrumentals=2 Differentiation|expression_of_pronominal_subjects=2 -|finger_and_hand=2 -|fixed_stress_locations=1 No fixed stress|hand_and_arm=2 Different|minor_morphological_means_of_signaling_negation=4 -|negative_morphemes=1 Negative affix|negsov_order=4 No NegSOV|order_of_adjective_and_noun=1 Adjective-Noun|order_of_adposition_and_noun_phrase=2 -|order_of_adverbial_subordinator_and_clause=2 Final subordinator word|order_of_demonstrative_and_noun=1 Demonstrative-Noun|order_of_genitive_and_noun=1 Genitive-Noun|order_of_negative_morpheme_and_verb=1 -|order_of_numeral_and_noun=3 No dominant order|order_of_object_and_verb=1 OV|order_of_relative_clause_and_noun=1 Noun-Relative clause|order_of_subject,_object_and_verb=2 -|order_of_subject_and_verb=1 SV|polar_questions=2 Interrogative verb morphology|position_of_case_affixes=9 -|position_of_interrogative_phrases_in_content_questions=1 Initial interrogative phrase|position_of_negative_word_with_respect_to_subject,_object,_and_verb=20 MorphNeg|position_of_polar_question_particles=6 No question particle|position_of_pronominal_possessive_affixes=4 No possessive affixes|position_of_tense-aspect_affixes=2 Tense-aspect suffixes|postnominal_relative_clauses=1 Noun-Relative clause (NRel) dominant|postverbal_negative_morphemes=4 -|prefixing_vs._suffixing_in_inflectional_morphology=2 Strongly suffixing|preverbal_negative_morphemes=1 -|relationship_between_the_order_of_object_and_verb_and_the_order_of_adjective_and_noun=4 -|relationship_between_the_order_of_object_and_verb_and_the_order_of_adposition_and_noun_phrase=4 -|relationship_between_the_order_of_object_and_verb_and_the_order_of_relative_clause_and_noun=4 -|snegov_order=4 -|sonegv_order=8 No SONegV|sovneg_order=2 Suffix&NoDoubleNeg|the_associative_plural=2 Unique affixal associative plural|the_morphological_imperative=4 Second person number-neutral|the_position_of_negative_morphemes_in_sov_languages=6 -|the_prohibitive=3 Special imperative + normal negative|weight-sensitive_stress=7 Not predictable|weight_factors_in_weight-sensitive_stress_systems=6 Lexical stress
dhb	Dharumbal	-22.75	150.5	Northern Pama-Nyungan	Pama-Nyungan	US	'want'_complement_subjects=1 -|ditransitive_constructions:_the_verb_'give'=2 Double-object construction|order_of_genitive_and_noun=1 -|order_of_object_and_verb=1 OV|order_of_subject,_object_and_verb=2 -|order_of_subject_and_verb=1 SV|position_of_case_affixes=1 Case suffixes|position_of_interrogative_phrases_in_content_questions=2 -|position_of_tense-aspect_affixes=2 Tense-aspect suffixes
din	Dinka	8.5	28.0	Nilotic	Eastern Sudanic	US	absence_of_common_consonants=1 -|coding_of_nominal_plurality=3 Plural stem change|consonant-vowel_ratio=3 -|consonant_inventories=3 -|definite_articles=1 -|expression_of_pronominal_subjects=2 -|front_rounded_vowels=1 None|glottalized_consonants=1 No glottalized consonants|languages_with_different_word_order_in_negative_clauses=2 -|languages_with_two_dominant_orders_of_subject,_object,_and_verb=1 -|lateral_consonants=2 /l/, no obstruent laterals|minor_morphological_means_of_signaling_negation=4 -|negative_morphemes=2 -|negsov_order=4 No NegSOV|nominal_and_locational_predication=1 Different|noun_phrase_conjunction=2 'And' identical to 'with'|order_of_adjective_and_noun=2 Noun-Adjective|order_of_adposition_and_noun_phrase=2 -|order_of_adverbial_subordinator_and_clause=1 -|order_of_degree_word_and_adjective=2 Adjective-Degree word|order_of_demonstrative_and_noun=4 Demonstrative suffix|order_of_genitive_and_noun=2 Noun-Genitive|order_of_negative_morpheme_and_verb=1 NegV|order_of_numeral_and_noun=1 -|order_of_object,_oblique,_and_verb=6 No dominant order|order_of_object_and_verb=2 -|order_of_relative_clause_and_noun=1 Noun-Relative clause|order_of_subject,_object_and_verb=2 -|order_of_subject_and_verb=1 SV|polar_questions=5 Absence of declarative morphemes|position_of_interrogative_phrases_in_content_questions=2 -|position_of_negative_word_with_respect_to_subject,_object,_and_verb=6 SNegOV|position_of_negative_words_relative_to_beginning_and_end_of_clause_and_with_respect_to_adjacency_to_verb=3 -|position_of_polar_question_particles=2 -|position_of_pronominal_possessive_affixes=2 -|position_of_tense-aspect_affixes=2 -|postnominal_relative_clauses=1 -|postverbal_negative_morphemes=4 None|predicative_adjectives=1 Verbal encoding|predicative_possession=5 'Have'|prefixing_vs._suffixing_in_inflectional_morphology=2 -|presence_of_uncommon_consonants=1 None|preverbal_negative_morphemes=1 -|relationship_between_the_order_of_object_and_verb_and_the_order_of_adjective_and_noun=5 Other|relationship_between_the_order_of_object_and_verb_and_the_order_of_adposition_and_noun_phrase=5 Other|relationship_between_the_order_of_object_and_verb_and_the_order_of_relative_clause_and_noun=5 Other|snegov_order=4 -|sonegv_order=8 No SONegV|sovneg_order=11 -|syllable_structure=2 -|tea=1 Words derived from Sinitic cha|the_position_of_negative_morphemes_in_sov_languages=12 SVO/SOV but SNegOV|tone=3 Complex tone system|uvular_consonants=1 None|voicing_and_gaps_in_plosive_systems=2 None missing in /p t k b d g/|voicing_in_plosives_and_fricatives=2 In plosives alone|vowel_quality_inventories=2 -|zero_copula_for_predicate_nominals=1 -
dja	Djabugay	-16.75	145.583333333	Northern Pama-Nyungan	Pama-Nyungan	US	cultural_categories_of_languages_with_identity_of_'finger'_and_'hand'=1 -|ditransitive_constructions:_the_verb_'give'=1 -|finger_and_hand=2 -|hand_and_arm=2 -|inclusive/exclusive_forms_in_pama-nyungan=2 -|indefinite_pronouns=1 -|minor_morphological_means_of_signaling_negation=4 -|negative_morphemes=2 Negative particle|nominal_and_verbal_conjunction=2 Differentiation|occurrence_of_nominal_plurality=6 -|order_of_demonstrative_and_noun=6 Mixed|order_of_negative_morpheme_and_verb=1 NegV|order_of_object_and_verb=1 OV|order_of_subject,_object_and_verb=1 SOV|order_of_subject_and_verb=1 -|position_of_case_affixes=1 Case suffixes|position_of_interrogative_phrases_in_content_questions=2 Not initial interrogative phrase|position_of_negative_word_with_respect_to_subject,_object,_and_verb=21 Other|position_of_tense-aspect_affixes=2 Tense-aspect suffixes|postverbal_negative_morphemes=4 None|prefixing_vs._suffixing_in_inflectional_morphology=2 Strongly suffixing|preverbal_negative_morphemes=1 NegV|sovneg_order=11 -|the_morphological_imperative=4 Second person number-neutral|the_position_of_negative_morphemes_in_sov_languages=6 -|the_prohibitive=1 Normal imperative + normal negative
dmi	Dumi	27.25	86.6666666667	Mahakiranti	Sino-Tibetan	US	coding_of_evidentiality=1 -|comitatives_and_instrumentals=2 Differentiation|definite_articles=5 No definite or indefinite article|indefinite_articles=5 No definite or indefinite article|minor_morphological_means_of_signaling_negation=4 None|multiple_negative_constructions_in_sov_languages=26 SV & OV & [Neg-V]/[V-Neg]|negative_morphemes=2 -|nominal_and_locational_predication=1 Different|order_of_adjective_and_noun=2 -|order_of_adposition_and_noun_phrase=1 Postpositions|order_of_demonstrative_and_noun=1 Demonstrative-Noun|order_of_genitive_and_noun=1 Genitive-Noun|order_of_negative_morpheme_and_verb=11 Type 3 / Type 4|order_of_numeral_and_noun=1 -|order_of_object_and_verb=1 OV|order_of_subject_and_verb=1 SV|ordinal_numerals=6 -|politeness_distinctions_in_pronouns=1 No politeness distinction|position_of_case_affixes=6 Postpositional clitics|position_of_interrogative_phrases_in_content_questions=2 Not initial interrogative phrase|position_of_negative_word_with_respect_to_subject,_object,_and_verb=20 MorphNeg|position_of_pronominal_possessive_affixes=1 Possessive prefixes|position_of_tense-aspect_affixes=2 Tense-aspect suffixes|postverbal_negative_morphemes=2 [V-Neg]|predicative_adjectives=3 Mixed|preverbal_negative_morphemes=2 [Neg-V]|relationship_between_the_order_of_object_and_verb_and_the_order_of_adjective_and_noun=4 -|relationship_between_the_order_of_object_and_verb_and_the_order_of_adposition_and_noun_phrase=1 OV and Postpositions|semantic_distinctions_of_evidentiality=2 Indirect only|the_morphological_imperative=1 Second singular and second plural|the_optative=1 Inflectional optative present|the_position_of_negative_morphemes_in_sov_languages=15 More than one construction|the_prohibitive=3 Special imperative + normal negative|third_person_pronouns_and_demonstratives=1 -|zero_copula_for_predicate_nominals=1 -
dyi	Dyirbal	-17.8333333333	145.583333333	Northern Pama-Nyungan	Pama-Nyungan	US	absence_of_common_consonants=1 -|adjectives_without_nouns=2 -|antipassive_constructions=2 Oblique patient|applicative_constructions=8 -|asymmetrical_case-marking=5 Qualitatively asymmetrical|coding_of_evidentiality=1 -|consonant-vowel_ratio=3 -|consonant_inventories=3 -|distance_contrasts_in_demonstratives=2 -|ditransitive_constructions:_the_verb_'give'=4 Mixed|fixed_stress_locations=1 -|front_rounded_vowels=1 -|glottalized_consonants=1 -|inclusive/exclusive_forms_in_pama-nyungan=2 -|indefinite_pronouns=1 -|lateral_consonants=2 /l/, no obstruent laterals|locus_of_marking:_whole-language_typology=5 -|locus_of_marking_in_possessive_noun_phrases=2 -|locus_of_marking_in_the_clause=1 -|m-t_pronouns=1 -|m_in_first_person_singular=1 No m in first person singular|m_in_second_person_singular=1 No m in second person singular|minor_morphological_means_of_signaling_negation=4 -|n-m_pronouns=1 -|negative_morphemes=2 -|nominal_and_locational_predication=1 Different|noun_phrase_conjunction=1 'And' different from 'with'|number_of_cases=1 -|number_of_genders=1 -|number_of_possessive_nouns=1 -|numeral_classifiers=1 Absent|obligatory_possessive_inflection=2 -|occurrence_of_nominal_plurality=6 -|order_of_adjective_and_noun=2 -|order_of_adposition_and_noun_phrase=2 -|order_of_demonstrative_and_noun=1 Demonstrative-Noun|order_of_genitive_and_noun=1 -|order_of_negative_morpheme_and_verb=1 -|order_of_numeral_and_noun=2 Noun-Numeral|order_of_object,_oblique,_and_verb=1 -|order_of_object_and_verb=2 -|order_of_relative_clause_and_noun=1 -|order_of_subject,_object_and_verb=2 -|order_of_subject_and_verb=1 -|other_roles_of_applied_objects=5 -|polar_questions=1 -|politeness_distinctions_in_pronouns=1 -|position_of_case_affixes=1 Case suffixes|position_of_interrogative_phrases_in_content_questions=2 -|position_of_negative_word_with_respect_to_subject,_object,_and_verb=21 Other|position_of_negative_words_relative_to_beginning_and_end_of_clause_and_with_respect_to_adjacency_to_verb=3 Immed preverbal|position_of_polar_question_particles=2 -|position_of_tense-aspect_affixes=2 -|possessive_classification=2 Two classes|postnominal_relative_clauses=1 -|postverbal_negative_morphemes=4 None|predicative_adjectives=1 -|predicative_possession=5 -|prefixing_vs._suffixing_in_inflectional_morphology=2 Strongly suffixing|presence_of_uncommon_consonants=1 None|preverbal_negative_morphemes=1 -|productivity_of_the_antipassive_construction=4 -|pronominal_and_adnominal_demonstratives=1 Identical|reduplication=1 -|relationship_between_the_order_of_object_and_verb_and_the_order_of_adjective_and_noun=4 -|relationship_between_the_order_of_object_and_verb_and_the_order_of_relative_clause_and_noun=4 -|rhythm_types=1 -|semantic_distinctions_of_evidentiality=2 -|sex-based_and_non-sex-based_gender_systems=1 -|syllable_structure=2 -|systems_of_gender_assignment=2 Semantic|the_associative_plural=1 -|the_morphological_imperative=1 -|the_position_of_negative_morphemes_in_sov_languages=6 -|the_prohibitive=2 -|tone=1 -|uvular_consonants=1 -|voicing_and_gaps_in_plosive_systems=2 -|voicing_in_plosives_and_fricatives=4 -|vowel_quality_inventories=2 -|weight-sensitive_stress=8 -|weight_factors_in_weight-sensitive_stress_systems=1 -|zero_copula_for_predicate_nominals=1 -|zero_marking_of_a_and_p_arguments=2 -
gny	Gunya	-26.5	146.5	Northern Pama-Nyungan	Pama-Nyungan	US	coding_of_evidentiality=2 Verbal affix or clitic|hand_and_arm=2 Different|inclusive/exclusive_forms_in_pama-nyungan=1 No inclusive/exclusive opposition|semantic_distinctions_of_evidentiality=2 -
grs	Garus	-4.95	145.666666667	Madang	Trans-New Guinea	US	minor_morphological_means_of_signaling_negation=4 -|negative_morphemes=2 -|order_of_negative_morpheme_and_verb=1 NegV|position_of_pronominal_possessive_affixes=2 -|position_of_tense-aspect_affixes=2 -|postverbal_negative_morphemes=4 -|preverbal_negative_morphemes=1 -
guu	Guugu Yimidhirr	-15.0	144.833333333	Northern Pama-Nyungan	Pama-Nyungan	US	'want'_complement_subjects=1 -|alignment_of_verbal_person_marking=1 Neutral|coding_of_evidentiality=1 No grammatical evidentials|coding_of_nominal_plurality=2 -|comitatives_and_instrumentals=2 Differentiation|distance_contrasts_in_demonstratives=2 Two-way contrast|ditransitive_constructions:_the_verb_'give'=1 Indirect-object construction|expression_of_pronominal_subjects=2 -|finger_and_hand=2 Different|fixed_stress_locations=2 Initial|gender_distinctions_in_independent_personal_pronouns=6 -|hand_and_arm=2 -|inclusive/exclusive_forms_in_pama-nyungan=2 -|indefinite_pronouns=1 Interrogative-based|minor_morphological_means_of_signaling_negation=4 None|negative_morphemes=2 -|negsov_order=4 No NegSOV|nominal_and_locational_predication=1 -|nonperiphrastic_causative_constructions=2 -|number_of_genders=1 None|order_of_adjective_and_noun=2 Noun-Adjective|order_of_degree_word_and_adjective=1 Degree word-Adjective|order_of_demonstrative_and_noun=1 Demonstrative-Noun|order_of_genitive_and_noun=3 No dominant order|order_of_negative_morpheme_and_verb=1 NegV|order_of_numeral_and_noun=1 -|order_of_object_and_verb=1 OV|order_of_person_markers_on_the_verb=1 A and P do not or do not both occur on the verb|order_of_subject,_object_and_verb=2 -|order_of_subject_and_verb=1 SV|passive_constructions=1 -|person_marking_on_adpositions=2 -|plurality_in_independent_personal_pronouns=4 Person-number stem|position_of_case_affixes=1 Case suffixes|position_of_interrogative_phrases_in_content_questions=2 Not initial interrogative phrase|position_of_negative_word_with_respect_to_subject,_object,_and_verb=20 -|position_of_negative_words_relative_to_beginning_and_end_of_clause_and_with_respect_to_adjacency_to_verb=3 Immed preverbal|position_of_pronominal_possessive_affixes=4 No possessive affixes|position_of_tense-aspect_affixes=2 -|postverbal_negative_morphemes=4 None|predicative_adjectives=2 Nonverbal encoding|prefixing_vs._suffixing_in_inflectional_morphology=2 Strongly suffixing|preverbal_negative_morphemes=1 -|pronominal_and_adnominal_demonstratives=1 Identical|purpose_clauses=3 Deranked|relationship_between_the_order_of_object_and_verb_and_the_order_of_adjective_and_noun=2 OV and NAdj|rhythm_types=1 Trochaic|semantic_distinctions_of_evidentiality=1 No grammatical evidentials|sex-based_and_non-sex-based_gender_systems=1 -|snegov_order=4 No SNegOV|sonegv_order=1 Word&NoDoubleNeg|sovneg_order=11 -|systems_of_gender_assignment=1 No gender|the_position_of_negative_morphemes_in_sov_languages=3 SONegV|third_person_pronouns_and_demonstratives=6 Related for non-human reference|third_person_zero_of_verbal_person_marking=1 No person marking|verbal_person_marking=1 No person marking|weight-sensitive_stress=8 Fixed stress (no weight-sensitivity)|weight_factors_in_weight-sensitive_stress_systems=1 -|zero_copula_for_predicate_nominals=1 -
hay	Hayu	27.25	86.0	Mahakiranti	Sino-Tibetan	US	coding_of_nominal_plurality=2 Plural suffix|ditransitive_constructions:_the_verb_'give'=1 -|expression_of_pronominal_subjects=2 -|imperative-hortative_systems=4 -|indefinite_pronouns=1 Interrogative-based|minor_morphological_means_of_signaling_negation=4 -|negative_morphemes=2 -|negsov_order=4 -|number_of_genders=1 -|order_of_adjective_and_noun=1 Adjective-Noun|order_of_adposition_and_noun_phrase=2 -|order_of_adverbial_subordinator_and_clause=4 Subordinating suffix|order_of_degree_word_and_adjective=1 Degree word-Adjective|order_of_demonstrative_and_noun=1 Demonstrative-Noun|order_of_genitive_and_noun=1 -|order_of_negative_morpheme_and_verb=1 NegV|order_of_numeral_and_noun=1 -|order_of_object_and_verb=2 -|order_of_relative_clause_and_noun=1 -|order_of_subject,_object_and_verb=2 -|order_of_subject_and_verb=1 SV|polar_questions=1 -|position_of_case_affixes=6 Postpositional clitics|position_of_negative_word_with_respect_to_subject,_object,_and_verb=7 SONegV|position_of_negative_words_relative_to_beginning_and_end_of_clause_and_with_respect_to_adjacency_to_verb=3 -|position_of_polar_question_particles=2 -|position_of_pronominal_possessive_affixes=2 -|position_of_tense-aspect_affixes=2 Tense-aspect suffixes|postverbal_negative_morphemes=4 None|prefixing_vs._suffixing_in_inflectional_morphology=2 Strongly suffixing|prenominal_relative_clauses=1 -|preverbal_negative_morphemes=1 -|relationship_between_the_order_of_object_and_verb_and_the_order_of_adjective_and_noun=1 OV and AdjN|relationship_between_the_order_of_object_and_verb_and_the_order_of_adposition_and_noun_phrase=4 -|relationship_between_the_order_of_object_and_verb_and_the_order_of_relative_clause_and_noun=1 OV and RelN|sex-based_and_non-sex-based_gender_systems=1 No gender|snegov_order=4 No SNegOV|sonegv_order=1 Word&NoDoubleNeg|sovneg_order=11 NoSOVNeg|systems_of_gender_assignment=1 -|the_associative_plural=1 -|the_morphological_imperative=1 -|the_optative=2 -|the_position_of_negative_morphemes_in_sov_languages=3 SONegV|the_prohibitive=2 Normal imperative + special negative|vowel_nasalization=2 -
htc	Huastec	22.0833333333	-99.3333333333	Mayan	Mayan	US	absence_of_common_consonants=1 All present|coding_of_nominal_plurality=2 Plural suffix|consonant-vowel_ratio=3 -|consonant_inventories=3 Average|definite_articles=1 Definite word distinct from demonstrative|finger_and_hand=2 Different|fixed_stress_locations=1 No fixed stress|front_rounded_vowels=1 None|glottalized_consonants=2 Ejectives only|green_and_blue=2 Green/blue|hand_and_arm=2 Different|indefinite_articles=2 Indefinite word same as 'one'|indefinite_pronouns=1 Interrogative-based|lateral_consonants=2 -|minor_morphological_means_of_signaling_negation=4 None|negative_morphemes=2 -|negsvo_order=4 No NegSVO|number_of_basic_colour_categories=3 -|number_of_non-derived_basic_colour_categories=5 5|order_of_adjective_and_noun=1 Adjective-Noun|order_of_adposition_and_noun_phrase=2 Prepositions|order_of_adverbial_subordinator_and_clause=1 Initial subordinator word|order_of_degree_word_and_adjective=1 Degree word-Adjective|order_of_demonstrative_and_noun=1 Demonstrative-Noun|order_of_genitive_and_noun=2 Noun-Genitive|order_of_negative_morpheme_and_verb=1 NegV|order_of_numeral_and_noun=1 Numeral-Noun|order_of_object,_oblique,_and_verb=1 VOX|order_of_object_and_verb=2 VO|order_of_relative_clause_and_noun=1 Noun-Relative clause|order_of_subject,_object_and_verb=2 SVO|order_of_subject_and_verb=2 VS|polar_questions=6 Interrogative intonation only|position_of_case_affixes=9 No case affixes or adpositional clitics|position_of_interrogative_phrases_in_content_questions=1 Initial interrogative phrase|position_of_negative_word_with_respect_to_subject,_object,_and_verb=2 SNegVO|position_of_negative_words_relative_to_beginning_and_end_of_clause_and_with_respect_to_adjacency_to_verb=3 Immed preverbal|position_of_polar_question_particles=2 -|position_of_tense-aspect_affixes=5 No tense-aspect inflection|postnominal_relative_clauses=1 -|postverbal_negative_morphemes=4 None|prefixing_vs._suffixing_in_inflectional_morphology=2 -|presence_of_uncommon_consonants=5 'Th' sounds|preverbal_negative_morphemes=1 NegV|red_and_yellow=1 Red vs. yellow|reduplication=1 Productive full and partial reduplication|relationship_between_the_order_of_object_and_verb_and_the_order_of_adjective_and_noun=3 VO and AdjN|relationship_between_the_order_of_object_and_verb_and_the_order_of_adposition_and_noun_phrase=4 VO and Prepositions|relationship_between_the_order_of_object_and_verb_and_the_order_of_relative_clause_and_noun=4 VO and NRel|rhythm_types=1 -|snegvo_order=1 Word&NoDoubleNeg|svnego_order=7 -|svoneg_order=4 No SVONeg|syllable_structure=2 Moderately complex|the_position_of_negative_morphemes_in_svo_languages=2 SNegVO|tone=1 No tones|uvular_consonants=1 None|voicing_and_gaps_in_plosive_systems=1 Other|voicing_in_plosives_and_fricatives=4 -|vowel_quality_inventories=2 Average (5-6)|weight-sensitive_stress=5 Unbounded: Stress can be anywhere|weight_factors_in_weight-sensitive_stress_systems=2 Long vowel
itz	Itzaj	17.0	-89.8333333333	Mayan	Mayan	US	'want'_complement_subjects=1 -|'when'_clauses=1 -|coding_of_evidentiality=4 Separate particle|ditransitive_constructions:_the_verb_'give'=1 -|finger_and_hand=2 -|hand_and_arm=2 -|indefinite_pronouns=1 -|negative_indefinite_pronouns_and_predicate_negation=1 -|nominal_and_verbal_conjunction=1 -|occurrence_of_nominal_plurality=6 -|purpose_clauses=3 -|reduplication=1 -|semantic_distinctions_of_evidentiality=2 Indirect only|utterance_complement_clauses=1 -
ixi	Ixil	15.5	-91.0	Mayan	Mayan	US	finger_and_hand=2 Different|hand_and_arm=1 Identical|order_of_adposition_and_noun_phrase=2 -|order_of_object,_oblique,_and_verb=1 -|order_of_object_and_verb=2 VO|order_of_subject,_object_and_verb=3 VSO|order_of_subject_and_verb=1 -|ordinal_numerals=6 First, two-th, three-th|position_of_pronominal_possessive_affixes=1 Possessive prefixes|position_of_tense-aspect_affixes=2 -|relationship_between_the_order_of_object_and_verb_and_the_order_of_adposition_and_noun_phrase=4 VO and Prepositions|the_velar_nasal=3 -
jak	Jakaltek	15.6666666667	-91.6666666667	Mayan	Mayan	US	'want'_complement_subjects=2 Subject is expressed overtly|absence_of_common_consonants=1 All present|alignment_of_case_marking_of_full_noun_phrases=1 Neutral|alignment_of_case_marking_of_pronouns=1 Neutral|alignment_of_verbal_person_marking=3 Ergative|antipassive_constructions=1 Implicit patient|applicative_constructions=6 Non-benefactive object; only transitive|asymmetrical_case-marking=1 No case-marking|case_syncretism=1 No case marking|coding_of_evidentiality=4 Separate particle|coding_of_nominal_plurality=7 Plural word|comitatives_and_instrumentals=2 Differentiation|comparative_constructions=1 Locational|consonant-vowel_ratio=4 Moderately high|consonant_inventories=4 Moderately large|definite_articles=4 No definite, but indefinite article|distance_contrasts_in_demonstratives=2 Two-way contrast|ditransitive_constructions:_the_verb_'give'=1 Indirect-object construction|epistemic_possibility=3 Other|exponence_of_selected_inflectional_formatives=5 No case|exponence_of_tense-aspect-mood_inflection=1 -|expression_of_pronominal_subjects=6 Mixed|finger_and_hand=2 Different|fixed_stress_locations=2 Initial|front_rounded_vowels=1 None|fusion_of_selected_inflectional_formatives=1 Exclusively concatenative|gender_distinctions_in_independent_personal_pronouns=6 No gender distinctions|glottalized_consonants=2 Ejectives only|hand_and_arm=1 Identical|imperative-hortative_systems=1 Maximal system|inclusive/exclusive_distinction_in_independent_pronouns=3 No inclusive/exclusive|inclusive/exclusive_distinction_in_verbal_inflection=3 No inclusive/exclusive|indefinite_articles=2 Indefinite word same as 'one'|indefinite_pronouns=1 Interrogative-based|inflectional_synthesis_of_the_verb=3 4-5 categories per word|lateral_consonants=2 /l/, no obstruent laterals|locus_of_marking:_whole-language_typology=1 Head-marking|locus_of_marking_in_possessive_noun_phrases=1 Head marking|locus_of_marking_in_the_clause=1 Head marking|m-t_pronouns=1 No M-T pronouns|m_in_first_person_singular=1 No m in first person singular|m_in_second_person_singular=1 -|minor_morphological_means_of_signaling_negation=4 None|n-m_pronouns=1 No N-M pronouns|negative_morphemes=2 Negative particle|nominal_and_locational_predication=1 Different|nominal_and_verbal_conjunction=2 Differentiation|nonperiphrastic_causative_constructions=2 Morphological but no compound|noun_phrase_conjunction=2 'And' identical to 'with'|number_of_cases=1 No morphological case-marking|number_of_possessive_nouns=1 -|numeral_bases=2 Hybrid vigesimal-decimal|numeral_classifiers=3 Obligatory|obligatory_possessive_inflection=2 Absent|occurrence_of_nominal_plurality=4 All nouns, always optional|order_of_adjective_and_noun=1 Adjective-Noun|order_of_adposition_and_noun_phrase=2 Prepositions|order_of_adverbial_subordinator_and_clause=1 Initial subordinator word|order_of_degree_word_and_adjective=1 Degree word-Adjective|order_of_demonstrative_and_noun=2 Noun-Demonstrative|order_of_genitive_and_noun=2 Noun-Genitive|order_of_negative_morpheme_and_verb=1 NegV|order_of_numeral_and_noun=1 Numeral-Noun|order_of_object_and_verb=2 VO|order_of_person_markers_on_the_verb=3 P precedes A|order_of_relative_clause_and_noun=1 Noun-Relative clause|order_of_subject,_object_and_verb=3 VSO|order_of_subject_and_verb=2 VS|ordinal_numerals=5 First/one-th, two-th, three-th|other_roles_of_applied_objects=5 -|overlap_between_situational_and_epistemic_modal_marking=2 Overlap for either possibility or necessity|passive_constructions=1 Present|perfective/imperfective_aspect=1 Grammatical marking|periphrastic_causative_constructions=3 Both|person_marking_on_adpositions=4 Pronouns and nouns|plurality_in_independent_personal_pronouns=3 Person-number affixes|polar_questions=6 Interrogative intonation only|politeness_distinctions_in_pronouns=1 No politeness distinction|position_of_case_affixes=9 No case affixes or adpositional clitics|position_of_interrogative_phrases_in_content_questions=1 Initial interrogative phrase|position_of_negative_word_with_respect_to_subject,_object,_and_verb=9 NegVSO|position_of_polar_question_particles=6 No question particle|position_of_pronominal_possessive_affixes=1 Possessive prefixes|position_of_tense-aspect_affixes=4 Mixed type|possessive_classification=1 No possessive classification|postnominal_relative_clauses=1 Noun-Relative clause (NRel) dominant|postverbal_negative_morphemes=4 None|predicative_adjectives=1 Verbal encoding|prefixing_vs._suffixing_in_inflectional_morphology=6 Strong prefixing|presence_of_uncommon_consonants=1 None|preverbal_negative_morphemes=1 NegV|productivity_of_the_antipassive_construction=4 -|reciprocal_constructions=4 Identical to reflexive|reduplication=1 Productive full and partial reduplication|relationship_between_the_order_of_object_and_verb_and_the_order_of_adjective_and_noun=3 VO and AdjN|relationship_between_the_order_of_object_and_verb_and_the_order_of_adposition_and_noun_phrase=4 VO and Prepositions|relationship_between_the_order_of_object_and_verb_and_the_order_of_relative_clause_and_noun=4 VO and NRel|relativization_on_obliques=4 Gap|relativization_on_subjects=4 Gap|semantic_distinctions_of_evidentiality=2 Indirect only|situational_possibility=1 Affixes on verbs|subtypes_of_asymmetric_standard_negation=2 A/NonReal|suppletion_according_to_tense_and_aspect=4 None|suppletion_in_imperatives_and_hortatives=5 -|syllable_structure=2 Moderately complex|symmetric_and_asymmetric_standard_negation=3 Both|syncretism_in_verbal_person/number_marking=3 Not syncretic|the_future_tense=2 No inflectional future|the_morphological_imperative=1 Second singular and second plural|the_optative=2 Inflectional optative absent|the_past_tense=4 No past tense|the_perfect=4 No perfect|the_position_of_negative_morphemes_in_verb-initial_languages=1 NegVSO|the_prohibitive=3 Special imperative + normal negative|the_velar_nasal=3 No velar nasal|third_person_pronouns_and_demonstratives=1 Unrelated|third_person_zero_of_verbal_person_marking=4 Zero in all 3sg forms|tone=1 No tones|utterance_complement_clauses=1 Balanced|uvular_consonants=4 Uvular stops and continuants|verb-initial_with_clause-final_negative=4 No clause-final neg|verb-initial_with_negative_that_is_immediately_postverbal_or_between_subject_and_object=6 -|verb-initial_with_preverbal_negative=1 Separate word, no double negation	Position_of_negative_words_relative_to_beginning_and_end_of_clause_and_with_respect_to_adjacency_to_verb=?|verbal_number_and_suppletion=1 None|verbal_person_marking=5 Both the A and P arguments|voicing_and_gaps_in_plosive_systems=1 Other|voicing_in_plosives_and_fricatives=1 No voicing contrast|vowel_nasalization=2 Contrast absent|vowel_quality_inventories=2 Average (5-6)|weight-sensitive_stress=8 Fixed stress (no weight-sensitivity)|weight_factors_in_weight-sensitive_stress_systems=1 No weight|zero_copula_for_predicate_nominals=1 Impossible|zero_marking_of_a_and_p_arguments=2 Non-zero marking
jlu	Luwo	8.0	28.0	Nilotic	Eastern Sudanic	US	coding_of_nominal_plurality=2 -|minor_morphological_means_of_signaling_negation=4 -|order_of_adjective_and_noun=2 Noun-Adjective|order_of_adposition_and_noun_phrase=2 -|order_of_genitive_and_noun=1 -|order_of_negative_morpheme_and_verb=1 -|position_of_pronominal_possessive_affixes=2 -|postverbal_negative_morphemes=4 -|preverbal_negative_morphemes=1 NegV
kek	K'ekchí	16.0	-89.8333333333	Mayan	Mayan	US	absence_of_common_consonants=1 All present|consonant-vowel_ratio=3 -|consonant_inventories=3 -|finger_and_hand=2 -|front_rounded_vowels=1 -|glottalized_consonants=5 Ejectives and implosives|hand_and_arm=2 -|imperative-hortative_systems=4 Neither type of system|lateral_consonants=2 /l/, no obstruent laterals|ordinal_numerals=6 First, two-th, three-th|presence_of_uncommon_consonants=1 -|uvular_consonants=1 -|voicing_and_gaps_in_plosive_systems=2 -|voicing_in_plosives_and_fricatives=1 No voicing contrast|vowel_quality_inventories=2 -
kgu	Kalkatungu	-21.0	139.5	Northern Pama-Nyungan	Pama-Nyungan	US	'want'_complement_subjects=1 -|absence_of_common_consonants=3 No fricatives|alignment_of_verbal_person_marking=2 Accusative|consonant-vowel_ratio=5 High|consonant_inventories=3 Average|ditransitive_constructions:_the_verb_'give'=4 Mixed|fixed_stress_locations=1 -|front_rounded_vowels=1 None|gender_distinctions_in_independent_personal_pronouns=6 -|glottalized_consonants=1 No glottalized consonants|inclusive/exclusive_forms_in_pama-nyungan=1 No inclusive/exclusive opposition|indefinite_pronouns=1 -|lateral_consonants=2 /l/, no obstruent laterals|nominal_and_locational_predication=1 Different|nominal_and_verbal_conjunction=1 -|nonperiphrastic_causative_constructions=2 -|occurrence_of_nominal_plurality=6 -|order_of_adjective_and_noun=2 Noun-Adjective|order_of_genitive_and_noun=1 Genitive-Noun|order_of_numeral_and_noun=1 -|order_of_object_and_verb=1 OV|order_of_person_markers_on_the_verb=1 A and P do not or do not both occur on the verb|order_of_subject,_object_and_verb=1 SOV|order_of_subject_and_verb=1 SV|passive_constructions=2 Absent|person_marking_on_adpositions=1 No adpositions|position_of_case_affixes=1 Case suffixes|position_of_interrogative_phrases_in_content_questions=1 Initial interrogative phrase|position_of_tense-aspect_affixes=2 Tense-aspect suffixes|predicative_adjectives=2 Nonverbal encoding|presence_of_uncommon_consonants=1 -|relationship_between_the_order_of_object_and_verb_and_the_order_of_adjective_and_noun=2 OV and NAdj|rhythm_types=1 Trochaic|syllable_structure=2 Moderately complex|third_person_zero_of_verbal_person_marking=4 Zero in all 3sg forms|tone=1 No tones|uvular_consonants=1 None|verbal_person_marking=4 A or P argument|voicing_and_gaps_in_plosive_systems=2 -|voicing_in_plosives_and_fricatives=1 No voicing contrast|vowel_quality_inventories=1 Small (2-4)|weight-sensitive_stress=8 Fixed stress (no weight-sensitivity)|weight_factors_in_weight-sensitive_stress_systems=1 -|zero_copula_for_predicate_nominals=2 Possible
khg	Khaling	27.5	86.6666666667	Mahakiranti	Sino-Tibetan	US	coding_of_nominal_plurality=2 Plural suffix|definite_articles=5 No definite or indefinite article|finger_and_hand=2 Different|hand_and_arm=1 Identical|indefinite_articles=5 -|minor_morphological_means_of_signaling_negation=4 None|negative_morphemes=2 -|negsov_order=4 No NegSOV|optional_double_negation=2 -|optional_double_negation_in_sov_languages=6 SO[Neg-V(-Neg)]|order_of_adjective_and_noun=2 -|order_of_adverbial_subordinator_and_clause=1 -|order_of_degree_word_and_adjective=1 Degree word-Adjective|order_of_demonstrative_and_noun=2 -|order_of_genitive_and_noun=1 -|order_of_negative_morpheme_and_verb=1 -|order_of_numeral_and_noun=1 Numeral-Noun|order_of_object_and_verb=2 -|order_of_relative_clause_and_noun=2 Relative clause-Noun|order_of_subject,_object_and_verb=2 -|order_of_subject_and_verb=1 -|polar_questions=1 Question particle|position_of_case_affixes=9 -|position_of_interrogative_phrases_in_content_questions=2 Not initial interrogative phrase|position_of_negative_word_with_respect_to_subject,_object,_and_verb=20 -|position_of_polar_question_particles=2 Final|position_of_pronominal_possessive_affixes=1 Possessive prefixes|position_of_tense-aspect_affixes=2 -|postverbal_negative_morphemes=2 [V-Neg]|prefixing_vs._suffixing_in_inflectional_morphology=2 Strongly suffixing|prenominal_relative_clauses=1 Relative clause-Noun (RelN) dominant|preverbal_negative_morphemes=1 -|relationship_between_the_order_of_object_and_verb_and_the_order_of_adjective_and_noun=1 OV and AdjN|relationship_between_the_order_of_object_and_verb_and_the_order_of_relative_clause_and_noun=1 OV and RelN|snegov_order=4 No SNegOV|sonegv_order=8 -|sovneg_order=6 Suffix&OnlyWithAnotherNeg|the_position_of_negative_morphemes_in_sov_languages=6 -|the_velar_nasal=1 Initial velar nasal
kje	Koreguaje	1.0	-75.5	Tucanoan	Tucanoan	US	coding_of_evidentiality=1 -|finger_and_hand=2 -|hand_and_arm=2 -|order_of_adjective_and_noun=2 -|order_of_adposition_and_noun_phrase=1 Postpositions|order_of_genitive_and_noun=1 Genitive-Noun|order_of_numeral_and_noun=1 -|order_of_object_and_verb=2 -|order_of_relative_clause_and_noun=1 -|order_of_subject,_object_and_verb=3 VSO|order_of_subject_and_verb=2 VS|polar_questions=1 -|position_of_case_affixes=9 -|position_of_interrogative_phrases_in_content_questions=1 Initial interrogative phrase|position_of_polar_question_particles=6 No question particle|postnominal_relative_clauses=1 -|relationship_between_the_order_of_object_and_verb_and_the_order_of_adjective_and_noun=4 -|relationship_between_the_order_of_object_and_verb_and_the_order_of_adposition_and_noun_phrase=4 -|relationship_between_the_order_of_object_and_verb_and_the_order_of_relative_clause_and_noun=4 -|semantic_distinctions_of_evidentiality=2 -
kjn	Kunjen	-16.5	142.5	Northern Pama-Nyungan	Pama-Nyungan	US	fixed_stress_locations=1 -|reduplication=1 Productive full and partial reduplication|tea=1 -|weight-sensitive_stress=8 Fixed stress (no weight-sensitivity)|weight_factors_in_weight-sensitive_stress_systems=1 -
klg	Kulung	27.5	87.0	Mahakiranti	Sino-Tibetan	US	minor_morphological_means_of_signaling_negation=4 -|multiple_negative_constructions_in_sov_languages=26 SV & OV & [Neg-V]/[V-Neg]|negative_morphemes=2 -|order_of_adjective_and_noun=1 Adjective-Noun|order_of_genitive_and_noun=1 Genitive-Noun|order_of_negative_morpheme_and_verb=11 Type 3 / Type 4|order_of_object_and_verb=2 -|order_of_relative_clause_and_noun=7 Mixed|order_of_subject_and_verb=1 SV|position_of_case_affixes=9 -|position_of_negative_word_with_respect_to_subject,_object,_and_verb=20 MorphNeg|position_of_pronominal_possessive_affixes=2 -|postnominal_relative_clauses=1 -|postverbal_negative_morphemes=4 -|prenominal_relative_clauses=2 RelN or NRel|preverbal_negative_morphemes=1 -|relationship_between_the_order_of_object_and_verb_and_the_order_of_adjective_and_noun=4 -|relationship_between_the_order_of_object_and_verb_and_the_order_of_relative_clause_and_noun=4 -|the_associative_plural=1 Associative same as additive plural|the_optative=2 -|the_position_of_negative_morphemes_in_sov_languages=6 -
klq	Kalam	-5.25	144.583333333	Madang	Trans-New Guinea	US	'want'_complement_subjects=2 Subject is expressed overtly|distributive_numerals=1 No distributive numerals|green_and_blue=2 Green/blue|indefinite_pronouns=2 Generic-noun-based|number_of_basic_colour_categories=3 6-6.5|number_of_non-derived_basic_colour_categories=7 6|order_of_adjective_and_noun=2 Noun-Adjective|order_of_adposition_and_noun_phrase=1 Postpositions|order_of_demonstrative_and_noun=2 Noun-Demonstrative|order_of_genitive_and_noun=1 Genitive-Noun|order_of_numeral_and_noun=2 Noun-Numeral|order_of_object_and_verb=1 OV|order_of_subject_and_verb=1 -|para-linguistic_usages_of_clicks=2 Affective meanings|position_of_case_affixes=9 No case affixes or adpositional clitics|position_of_interrogative_phrases_in_content_questions=2 -|position_of_tense-aspect_affixes=2 Tense-aspect suffixes|red_and_yellow=1 -|relationship_between_the_order_of_object_and_verb_and_the_order_of_adjective_and_noun=4 -|relationship_between_the_order_of_object_and_verb_and_the_order_of_adposition_and_noun_phrase=4 -
kly	Kala Lagaw Ya	-10.1166666667	142.116666667	Northern Pama-Nyungan	Pama-Nyungan	US	absence_of_common_consonants=1 All present|asymmetrical_case-marking=5 Qualitatively asymmetrical|consonant-vowel_ratio=3 Average|consonant_inventories=2 Moderately small|ditransitive_constructions:_the_verb_'give'=1 Indirect-object construction|front_rounded_vowels=1 None|glottalized_consonants=1 No glottalized consonants|lateral_consonants=2 /l/, no obstruent laterals|number_of_cases=7 8-9 cases|presence_of_uncommon_consonants=1 None|syllable_structure=3 Complex|tone=1 No tones|uvular_consonants=1 None|voicing_and_gaps_in_plosive_systems=2 None missing in /p t k b d g/|voicing_in_plosives_and_fricatives=4 In both plosives and fricatives|vowel_quality_inventories=2 -
kmh	Kham	28.5	82.75	Mahakiranti	Sino-Tibetan	US	coding_of_nominal_plurality=2 Plural suffix|definite_articles=5 No definite or indefinite article|ditransitive_constructions:_the_verb_'give'=1 -|expression_of_pronominal_subjects=2 Subject affixes on verb|finger_and_hand=2 Different|hand_and_arm=2 -|indefinite_articles=5 -|indefinite_pronouns=1 Interrogative-based|minor_morphological_means_of_signaling_negation=4 -|negative_indefinite_pronouns_and_predicate_negation=1 Predicate negation also present|negative_morphemes=2 -|negsov_order=4 -|nominal_and_verbal_conjunction=1 -|numeral_classifiers=3 Obligatory|occurrence_of_nominal_plurality=6 All nouns, always obligatory|order_of_adjective_and_noun=1 Adjective-Noun|order_of_adposition_and_noun_phrase=1 Postpositions|order_of_adverbial_subordinator_and_clause=4 Subordinating suffix|order_of_degree_word_and_adjective=1 Degree word-Adjective|order_of_demonstrative_and_noun=1 Demonstrative-Noun|order_of_genitive_and_noun=1 Genitive-Noun|order_of_negative_morpheme_and_verb=1 -|order_of_numeral_and_noun=1 -|order_of_object,_oblique,_and_verb=4 OXV|order_of_object_and_verb=2 -|order_of_relative_clause_and_noun=2 Relative clause-Noun|order_of_subject,_object_and_verb=2 -|order_of_subject_and_verb=1 SV|polar_questions=2 Interrogative verb morphology|position_of_case_affixes=9 -|position_of_interrogative_phrases_in_content_questions=2 Not initial interrogative phrase|position_of_negative_word_with_respect_to_subject,_object,_and_verb=20 -|position_of_polar_question_particles=6 No question particle|position_of_pronominal_possessive_affixes=2 -|position_of_tense-aspect_affixes=2 Tense-aspect suffixes|postverbal_negative_morphemes=4 -|prefixing_vs._suffixing_in_inflectional_morphology=2 -|prenominal_relative_clauses=1 -|preverbal_negative_morphemes=2 [Neg-V]|relationship_between_the_order_of_object_and_verb_and_the_order_of_adjective_and_noun=4 -|relationship_between_the_order_of_object_and_verb_and_the_order_of_adposition_and_noun_phrase=4 -|relationship_between_the_order_of_object_and_verb_and_the_order_of_relative_clause_and_noun=4 -|snegov_order=4 No SNegOV|sonegv_order=8 -|sovneg_order=11 NoSOVNeg|the_position_of_negative_morphemes_in_sov_languages=6 -
kmj	Karimojong	3.0	34.1666666667	Nilotic	Eastern Sudanic	US	'when'_clauses=2 Balanced/deranked|coding_of_nominal_plurality=1 Plural prefix|definite_articles=5 No definite or indefinite article|expression_of_pronominal_subjects=2 -|indefinite_articles=5 No definite or indefinite article|minor_morphological_means_of_signaling_negation=4 None|negative_morphemes=2 -|order_of_adjective_and_noun=2 -|order_of_adposition_and_noun_phrase=2 -|order_of_adverbial_subordinator_and_clause=1 Initial subordinator word|order_of_degree_word_and_adjective=3 No dominant order|order_of_demonstrative_and_noun=2 Noun-Demonstrative|order_of_genitive_and_noun=2 Noun-Genitive|order_of_negative_morpheme_and_verb=7 Type 1 / Type 3|order_of_numeral_and_noun=2 Noun-Numeral|order_of_object,_oblique,_and_verb=1 -|order_of_object_and_verb=2 VO|order_of_relative_clause_and_noun=1 Noun-Relative clause|order_of_subject,_object_and_verb=2 -|order_of_subject_and_verb=1 -|polar_questions=1 -|position_of_case_affixes=9 No case affixes or adpositional clitics|position_of_interrogative_phrases_in_content_questions=2 Not initial interrogative phrase|position_of_negative_word_with_respect_to_subject,_object,_and_verb=16 More than one position|position_of_negative_words_relative_to_beginning_and_end_of_clause_and_with_respect_to_adjacency_to_verb=3 Immed preverbal|position_of_polar_question_particles=2 Final|position_of_pronominal_possessive_affixes=1 Possessive prefixes|position_of_tense-aspect_affixes=2 Tense-aspect suffixes|postnominal_relative_clauses=1 Noun-Relative clause (NRel) dominant|postverbal_negative_morphemes=4 None|prefixing_vs._suffixing_in_inflectional_morphology=5 Weakly prefixing|preverbal_negative_morphemes=3 NegV&[Neg-V]|purpose_clauses=2 Balanced/deranked|reason_clauses=2 Balanced/deranked|relationship_between_the_order_of_object_and_verb_and_the_order_of_adjective_and_noun=4 VO and NAdj|relationship_between_the_order_of_object_and_verb_and_the_order_of_adposition_and_noun_phrase=4 VO and Prepositions|relationship_between_the_order_of_object_and_verb_and_the_order_of_relative_clause_and_noun=4 -|the_position_of_negative_morphemes_in_verb-initial_languages=1 -|utterance_complement_clauses=1 Balanced|verb-initial_with_clause-final_negative=4 No clause-final neg|verb-initial_with_negative_that_is_immediately_postverbal_or_between_subject_and_object=6 None|verb-initial_with_preverbal_negative=7 Type 1 / Type 2
knc	Kugu Nganhcara	-14.4166666667	142.0	Northern Pama-Nyungan	Pama-Nyungan	US	coding_of_nominal_plurality=2 -|definite_articles=1 -|ditransitive_constructions:_the_verb_'give'=1 -|expression_of_pronominal_subjects=2 -|finger_and_hand=2 -|hand_and_arm=2 -|inclusive/exclusive_forms_in_pama-nyungan=2 Inclusive and exclusive differentiated|indefinite_articles=5 -|indefinite_pronouns=1 -|minor_morphological_means_of_signaling_negation=4 None|negative_morphemes=2 -|nominal_and_verbal_conjunction=1 -|order_of_adjective_and_noun=2 Noun-Adjective|order_of_adposition_and_noun_phrase=2 -|order_of_demonstrative_and_noun=2 -|order_of_genitive_and_noun=2 Noun-Genitive|order_of_negative_morpheme_and_verb=1 -|order_of_numeral_and_noun=2 Noun-Numeral|order_of_object,_oblique,_and_verb=6 No dominant order|order_of_object_and_verb=2 -|order_of_relative_clause_and_noun=1 -|order_of_subject_and_verb=1 SV|polar_questions=1 -|position_of_case_affixes=6 Postpositional clitics|position_of_interrogative_phrases_in_content_questions=2 -|position_of_negative_word_with_respect_to_subject,_object,_and_verb=20 -|position_of_negative_words_relative_to_beginning_and_end_of_clause_and_with_respect_to_adjacency_to_verb=3 Immed preverbal|position_of_polar_question_particles=2 -|position_of_pronominal_possessive_affixes=4 No possessive affixes|position_of_tense-aspect_affixes=2 Tense-aspect suffixes|postnominal_relative_clauses=1 -|postverbal_negative_morphemes=4 -|prefixing_vs._suffixing_in_inflectional_morphology=2 -|preverbal_negative_morphemes=1 -|relationship_between_the_order_of_object_and_verb_and_the_order_of_adjective_and_noun=2 OV and NAdj|relationship_between_the_order_of_object_and_verb_and_the_order_of_adposition_and_noun_phrase=1 OV and Postpositions|relationship_between_the_order_of_object_and_verb_and_the_order_of_relative_clause_and_noun=2 OV and NRel|the_position_of_negative_morphemes_in_sov_languages=22 SV&OV&ImmedPreverbal
kob	Kobon	-5.16666666667	144.333333333	Madang	Trans-New Guinea	US	'want'_complement_subjects=4 Desiderative verbal affix|'when'_clauses=1 Balanced|absence_of_common_consonants=1 All present|action_nominal_constructions=1 Sentential|alignment_of_case_marking_of_full_noun_phrases=1 Neutral|alignment_of_case_marking_of_pronouns=2 Nominative - accusative (standard)|alignment_of_verbal_person_marking=2 Accusative|antipassive_constructions=3 No antipassive|applicative_constructions=8 No applicative construction|asymmetrical_case-marking=3 Additive-quantitatively asymmetrical|case_syncretism=1 No case marking|coding_of_evidentiality=1 -|coding_of_nominal_plurality=2 Plural suffix|comitatives_and_instrumentals=2 Differentiation|comparative_constructions=3 Conjoined|consonant-vowel_ratio=3 -|consonant_inventories=3 Average|definite_articles=4 No definite, but indefinite article|distance_contrasts_in_demonstratives=2 Two-way contrast|ditransitive_constructions:_the_verb_'give'=1 -|epistemic_possibility=3 Other|expression_of_pronominal_subjects=2 -|fixed_stress_locations=6 Penultimate|front_rounded_vowels=1 None|gender_distinctions_in_independent_personal_pronouns=6 -|glottalized_consonants=1 No glottalized consonants|imperative-hortative_systems=1 Maximal system|inclusive/exclusive_distinction_in_independent_pronouns=3 -|inclusive/exclusive_distinction_in_verbal_inflection=3 No inclusive/exclusive|indefinite_articles=5 -|indefinite_pronouns=1 -|intensifiers_and_reflexive_pronouns=1 Identical|lateral_consonants=2 -|locus_of_marking:_whole-language_typology=5 Inconsistent or other|locus_of_marking_in_possessive_noun_phrases=2 -|locus_of_marking_in_the_clause=4 No marking|m-t_pronouns=1 No M-T pronouns|m_in_first_person_singular=1 No m in first person singular|m_in_second_person_singular=1 No m in second person singular|minor_morphological_means_of_signaling_negation=4 None|n-m_pronouns=1 No N-M pronouns|negative_indefinite_pronouns_and_predicate_negation=1 Predicate negation also present|negative_morphemes=1 Negative affix|negsov_order=4 -|nominal_and_locational_predication=2 Identical|nominal_and_verbal_conjunction=1 -|nonperiphrastic_causative_constructions=3 Compound but no morphological|noun_phrase_conjunction=2 'And' identical to 'with'|number_of_cases=1 No morphological case-marking|number_of_genders=1 -|number_of_possessive_nouns=1 -|numeral_bases=1 -|numeral_classifiers=1 Absent|obligatory_possessive_inflection=2 Absent|occurrence_of_nominal_plurality=6 -|order_of_adjective_and_noun=2 Noun-Adjective|order_of_adposition_and_noun_phrase=1 Postpositions|order_of_degree_word_and_adjective=2 Adjective-Degree word|order_of_demonstrative_and_noun=2 Noun-Demonstrative|order_of_genitive_and_noun=1 Genitive-Noun|order_of_negative_morpheme_and_verb=4 [V-Neg]|order_of_numeral_and_noun=1 -|order_of_object_and_verb=1 OV|order_of_person_markers_on_the_verb=1 A and P do not or do not both occur on the verb|order_of_relative_clause_and_noun=7 Mixed|order_of_subject,_object_and_verb=1 SOV|order_of_subject_and_verb=1 SV|ordinal_numerals=1 None|other_roles_of_applied_objects=5 No applicative construction|overlap_between_situational_and_epistemic_modal_marking=3 -|passive_constructions=2 Absent|periphrastic_causative_constructions=1 Sequential but no purposive|person_marking_on_adpositions=2 No person marking|plurality_in_independent_personal_pronouns=4 Person-number stem|polar_questions=1 -|politeness_distinctions_in_pronouns=1 No politeness distinction|position_of_case_affixes=9 -|position_of_interrogative_phrases_in_content_questions=2 Not initial interrogative phrase|position_of_negative_word_with_respect_to_subject,_object,_and_verb=20 MorphNeg|position_of_polar_question_particles=2 -|position_of_pronominal_possessive_affixes=2 -|position_of_tense-aspect_affixes=2 Tense-aspect suffixes|possessive_classification=1 -|postverbal_negative_morphemes=2 [V-Neg]|predicative_adjectives=2 Nonverbal encoding|predicative_possession=5 -|prefixing_vs._suffixing_in_inflectional_morphology=2 Strongly suffixing|prenominal_relative_clauses=1 -|presence_of_uncommon_consonants=1 None|preverbal_negative_morphemes=4 None|productivity_of_the_antipassive_construction=4 no antipassive|pronominal_and_adnominal_demonstratives=1 Identical|purpose_clauses=3 Deranked|reason_clauses=2 Balanced/deranked|relationship_between_the_order_of_object_and_verb_and_the_order_of_adjective_and_noun=2 OV and NAdj|relationship_between_the_order_of_object_and_verb_and_the_order_of_adposition_and_noun_phrase=4 -|relationship_between_the_order_of_object_and_verb_and_the_order_of_relative_clause_and_noun=5 Other|relativization_on_obliques=4 -|relativization_on_subjects=4 Gap|rhythm_types=5 No rhythmic stress|semantic_distinctions_of_evidentiality=1 No grammatical evidentials|sex-based_and_non-sex-based_gender_systems=1 No gender|situational_possibility=1 Affixes on verbs|snegov_order=4 No SNegOV|sonegv_order=8 No SONegV|sovneg_order=2 Suffix&NoDoubleNeg|subtypes_of_asymmetric_standard_negation=7 Non-assignable|syllable_structure=2 -|symmetric_and_asymmetric_standard_negation=1 Symmetric|syncretism_in_verbal_person/number_marking=2 Syncretic|systems_of_gender_assignment=1 No gender|the_morphological_imperative=1 Second singular and second plural|the_optative=2 Inflectional optative absent|the_position_of_negative_morphemes_in_sov_languages=6 -|the_prohibitive=1 Normal imperative + normal negative|the_velar_nasal=3 -|third_person_pronouns_and_demonstratives=1 Unrelated|third_person_zero_of_verbal_person_marking=4 Zero in all 3sg forms|tone=1 -|uvular_consonants=1 -|verbal_person_marking=2 Only the A argument|voicing_and_gaps_in_plosive_systems=1 Other|voicing_in_plosives_and_fricatives=1 No voicing contrast|vowel_nasalization=2 -|vowel_quality_inventories=3 Large (7-14)|weight-sensitive_stress=8 Fixed stress (no weight-sensitivity)|weight_factors_in_weight-sensitive_stress_systems=1 No weight|zero_copula_for_predicate_nominals=1 -|zero_marking_of_a_and_p_arguments=2 Non-zero marking
kuk	Kukú	5.83333333333	31.6666666667	Nilotic	Eastern Sudanic	US	'want'_complement_subjects=1 Subject is left implicit|alignment_of_verbal_person_marking=1 Neutral|ditransitive_constructions:_the_verb_'give'=1 -|gender_distinctions_in_independent_personal_pronouns=6 No gender distinctions|nominal_and_verbal_conjunction=1 -|occurrence_of_nominal_plurality=6 All nouns, always obligatory|order_of_person_markers_on_the_verb=1 A and P do not or do not both occur on the verb|passive_constructions=1 Present|person_marking_on_adpositions=2 -|third_person_zero_of_verbal_person_marking=1 No person marking|verbal_person_marking=5 -
kuu	Kuuku Ya'u	-12.5833333333	143.083333333	Northern Pama-Nyungan	Pama-Nyungan	US	fixed_stress_locations=1 No fixed stress|order_of_adjective_and_noun=2 Noun-Adjective|order_of_adverbial_subordinator_and_clause=3 Internal subordinator word|order_of_demonstrative_and_noun=2 -|order_of_numeral_and_noun=2 Noun-Numeral|order_of_object,_oblique,_and_verb=1 -|order_of_object_and_verb=2 -|order_of_subject_and_verb=1 -|polar_questions=6 Interrogative intonation only|position_of_interrogative_phrases_in_content_questions=2 Not initial interrogative phrase|position_of_polar_question_particles=2 -|position_of_tense-aspect_affixes=2 Tense-aspect suffixes|relationship_between_the_order_of_object_and_verb_and_the_order_of_adjective_and_noun=2 OV and NAdj|rhythm_types=1 Trochaic|weight-sensitive_stress=8 -|weight_factors_in_weight-sensitive_stress_systems=2 Long vowel
kwe	Kanjobal (Western)	15.8333333333	-91.8333333333	Mayan	Mayan	US	comitatives_and_instrumentals=2 -|finger_and_hand=2 -|hand_and_arm=2 -|ordinal_numerals=6 First, two-th, three-th|the_morphological_imperative=1 -
kya	Kuku-Yalanji	-16.0	145.0	Northern Pama-Nyungan	Pama-Nyungan	US	'want'_complement_subjects=1 -|absence_of_common_consonants=3 No fricatives|coding_of_nominal_plurality=2 -|consonant-vowel_ratio=3 Average|consonant_inventories=1 Small|ditransitive_constructions:_the_verb_'give'=1 Indirect-object construction|fixed_stress_locations=2 Initial|front_rounded_vowels=1 None|glottalized_consonants=1 No glottalized consonants|green_and_blue=7 None|inclusive/exclusive_forms_in_pama-nyungan=2 Inclusive and exclusive differentiated|indefinite_pronouns=2 Generic-noun-based|lateral_consonants=2 /l/, no obstruent laterals|minor_morphological_means_of_signaling_negation=4 None|number_of_basic_colour_categories=3 -|number_of_non-derived_basic_colour_categories=1 3|occurrence_of_nominal_plurality=6 -|order_of_adjective_and_noun=2 Noun-Adjective|order_of_adposition_and_noun_phrase=2 Prepositions|order_of_adverbial_subordinator_and_clause=1 Initial subordinator word|order_of_demonstrative_and_noun=6 Mixed|order_of_genitive_and_noun=1 -|order_of_negative_morpheme_and_verb=1 NegV|order_of_numeral_and_noun=1 Numeral-Noun|order_of_object,_oblique,_and_verb=5 OVX|order_of_object_and_verb=1 OV|order_of_relative_clause_and_noun=5 Adjoined|order_of_subject,_object_and_verb=1 SOV|order_of_subject_and_verb=1 SV|perfective/imperfective_aspect=2 -|polar_questions=1 Question particle|position_of_case_affixes=1 Case suffixes|position_of_negative_word_with_respect_to_subject,_object,_and_verb=21 Other|position_of_polar_question_particles=2 -|position_of_pronominal_possessive_affixes=2 -|position_of_tense-aspect_affixes=2 Tense-aspect suffixes|postverbal_negative_morphemes=4 None|prefixing_vs._suffixing_in_inflectional_morphology=2 Strongly suffixing|presence_of_uncommon_consonants=1 None|preverbal_negative_morphemes=1 NegV|red_and_yellow=5 None|reduplication=1 Productive full and partial reduplication|relationship_between_the_order_of_object_and_verb_and_the_order_of_adjective_and_noun=2 OV and NAdj|relationship_between_the_order_of_object_and_verb_and_the_order_of_adposition_and_noun_phrase=4 -|relationship_between_the_order_of_object_and_verb_and_the_order_of_relative_clause_and_noun=4 -|rhythm_types=1 Trochaic|sovneg_order=11 -|syllable_structure=2 Moderately complex|the_future_tense=2 No inflectional future|the_past_tense=1 Present, no remoteness distinctions|the_perfect=4 No perfect|the_position_of_negative_morphemes_in_sov_languages=14 Other NegV|tone=1 -|uvular_consonants=1 None|voicing_and_gaps_in_plosive_systems=1 Other|voicing_in_plosives_and_fricatives=4 -|vowel_quality_inventories=1 Small (2-4)|weight-sensitive_stress=8 Fixed stress (no weight-sensitivity)|weight_factors_in_weight-sensitive_stress_systems=1 No weight
lac	Lacandón	17.0	-91.5	Mayan	Mayan	US	languages_with_two_dominant_orders_of_subject,_object,_and_verb=1 -|minor_morphological_means_of_signaling_negation=4 -|multiple_negative_constructions_in_svo_languages=27 SVO/VOS & NegV|negative_morphemes=2 Negative particle|order_of_adjective_and_noun=1 Adjective-Noun|order_of_adposition_and_noun_phrase=2 Prepositions|order_of_adverbial_subordinator_and_clause=1 Initial subordinator word|order_of_demonstrative_and_noun=1 Demonstrative-Noun|order_of_genitive_and_noun=2 Noun-Genitive|order_of_negative_morpheme_and_verb=1 -|order_of_numeral_and_noun=1 Numeral-Noun|order_of_object_and_verb=2 VO|order_of_subject,_object_and_verb=7 No dominant order|order_of_subject_and_verb=3 No dominant order|polar_questions=1 Question particle|position_of_negative_word_with_respect_to_subject,_object,_and_verb=21 Other|position_of_polar_question_particles=2 Final|position_of_tense-aspect_affixes=2 Tense-aspect suffixes|postverbal_negative_morphemes=4 None|prefixing_vs._suffixing_in_inflectional_morphology=2 Strongly suffixing|preverbal_negative_morphemes=1 -|reduplication=1 Productive full and partial reduplication|relationship_between_the_order_of_object_and_verb_and_the_order_of_adjective_and_noun=3 VO and AdjN|relationship_between_the_order_of_object_and_verb_and_the_order_of_adposition_and_noun_phrase=4 VO and Prepositions|svnego_order=7 No SVNegO|the_position_of_negative_morphemes_in_svo_languages=2 -|the_position_of_negative_morphemes_in_verb-initial_languages=20 NegV & VOS/SVO|verb-initial_with_clause-final_negative=4 No clause-final neg|verb-initial_with_negative_that_is_immediately_postverbal_or_between_subject_and_object=6 -|verb-initial_with_preverbal_negative=1 Separate word, no double negation	SVONeg_Order=?
lan	Lango	2.16666666667	33.0	Nilotic	Eastern Sudanic	US	'want'_complement_subjects=1 -|'when'_clauses=1 -|absence_of_common_consonants=1 -|action_nominal_constructions=8 -|adjectives_without_nouns=2 -|alignment_of_case_marking_of_full_noun_phrases=1 -|alignment_of_case_marking_of_pronouns=1 Neutral|alignment_of_verbal_person_marking=2 Accusative|antipassive_constructions=3 -|applicative_constructions=8 -|asymmetrical_case-marking=1 -|case_syncretism=1 -|coding_of_evidentiality=1 -|coding_of_nominal_plurality=2 Plural suffix|comitatives_and_instrumentals=2 -|conjunctions_and_universal_quantifiers=3 -|consonant-vowel_ratio=3 -|consonant_inventories=3 -|definite_articles=1 -|distance_contrasts_in_demonstratives=2 -|ditransitive_constructions:_the_verb_'give'=1 -|epistemic_possibility=3 -|exponence_of_selected_inflectional_formatives=5 -|exponence_of_tense-aspect-mood_inflection=1 -|expression_of_pronominal_subjects=2 -|fixed_stress_locations=1 -|front_rounded_vowels=1 -|fusion_of_selected_inflectional_formatives=1 -|gender_distinctions_in_independent_personal_pronouns=6 -|genitives,_adjectives_and_relative_clauses=1 Weakly differentiated|glottalized_consonants=1 -|imperative-hortative_systems=4 -|inclusive/exclusive_distinction_in_independent_pronouns=3 -|inclusive/exclusive_distinction_in_verbal_inflection=1 -|indefinite_articles=3 Indefinite affix|indefinite_pronouns=1 -|inflectional_synthesis_of_the_verb=4 6-7 categories per word|intensifiers_and_reflexive_pronouns=1 -|lateral_consonants=2 -|locus_of_marking:_whole-language_typology=5 -|locus_of_marking_in_possessive_noun_phrases=2 -|locus_of_marking_in_the_clause=1 -|m-t_pronouns=1 -|m_in_first_person_singular=1 No m in first person singular|m_in_second_person_singular=1 -|minor_morphological_means_of_signaling_negation=4 -|n-m_pronouns=1 -|negative_indefinite_pronouns_and_predicate_negation=1 -|negative_morphemes=2 -|negsvo_order=4 No NegSVO|nominal_and_verbal_conjunction=1 -|nonperiphrastic_causative_constructions=2 -|number_of_cases=1 -|number_of_genders=1 None|number_of_possessive_nouns=1 -|numeral_bases=1 -|numeral_classifiers=1 Absent|obligatory_possessive_inflection=2 -|occurrence_of_nominal_plurality=6 -|order_of_adjective_and_noun=2 -|order_of_adposition_and_noun_phrase=2 -|order_of_demonstrative_and_noun=2 -|order_of_genitive_and_noun=1 -|order_of_negative_morpheme_and_verb=1 NegV|order_of_numeral_and_noun=1 -|order_of_object,_oblique,_and_verb=1 VOX|order_of_object_and_verb=2 -|order_of_person_markers_on_the_verb=1 -|order_of_relative_clause_and_noun=1 Noun-Relative clause|order_of_subject,_object_and_verb=2 -|order_of_subject_and_verb=1 -|ordinal_numerals=3 First, two, three|other_roles_of_applied_objects=5 -|overlap_between_situational_and_epistemic_modal_marking=3 -|passive_constructions=1 -|perfective/imperfective_aspect=1 Grammatical marking|periphrastic_causative_constructions=2 -|person_marking_on_adpositions=2 -|plurality_in_independent_personal_pronouns=4 -|polar_questions=1 -|politeness_distinctions_in_pronouns=1 No politeness distinction|position_of_case_affixes=9 No case affixes or adpositional clitics|position_of_interrogative_phrases_in_content_questions=2 -|position_of_negative_word_with_respect_to_subject,_object,_and_verb=20 -|position_of_negative_words_relative_to_beginning_and_end_of_clause_and_with_respect_to_adjacency_to_verb=3 Immed preverbal|position_of_polar_question_particles=2 -|position_of_tense-aspect_affixes=3 Tense-aspect tone|possessive_classification=2 Two classes|postnominal_relative_clauses=1 -|postverbal_negative_morphemes=4 -|predicative_possession=5 -|prefixing_vs._suffixing_in_inflectional_morphology=2 -|presence_of_uncommon_consonants=1 -|preverbal_negative_morphemes=1 -|productivity_of_the_antipassive_construction=4 -|pronominal_and_adnominal_demonstratives=2 Different stem|purpose_clauses=3 -|reason_clauses=1 -|reciprocal_constructions=4 Identical to reflexive|reduplication=3 No productive reduplication|relationship_between_the_order_of_object_and_verb_and_the_order_of_adjective_and_noun=4 VO and NAdj|relationship_between_the_order_of_object_and_verb_and_the_order_of_adposition_and_noun_phrase=4 -|relationship_between_the_order_of_object_and_verb_and_the_order_of_relative_clause_and_noun=4 -|relativization_on_obliques=4 -|relativization_on_subjects=4 -|semantic_distinctions_of_evidentiality=2 -|sex-based_and_non-sex-based_gender_systems=1 -|situational_possibility=2 -|snegvo_order=1 -|subtypes_of_asymmetric_standard_negation=7 -|suppletion_according_to_tense_and_aspect=4 -|suppletion_in_imperatives_and_hortatives=5 -|svnego_order=7 -|svoneg_order=4 -|syllable_structure=2 -|symmetric_and_asymmetric_standard_negation=3 -|syncretism_in_verbal_person/number_marking=2 Syncretic|systems_of_gender_assignment=1 -|the_associative_plural=1 -|the_future_tense=2 -|the_morphological_imperative=1 -|the_optative=2 Inflectional optative absent|the_past_tense=4 -|the_perfect=4 -|the_position_of_negative_morphemes_in_svo_languages=2 -|the_prohibitive=2 -|the_velar_nasal=3 -|third_person_pronouns_and_demonstratives=1 -|third_person_zero_of_verbal_person_marking=2 -|tone=2 Simple tone system|utterance_complement_clauses=1 -|uvular_consonants=1 -|verbal_number_and_suppletion=1 -|verbal_person_marking=5 -|voicing_and_gaps_in_plosive_systems=2 -|voicing_in_plosives_and_fricatives=4 -|vowel_nasalization=2 -|vowel_quality_inventories=2 -|weight-sensitive_stress=8 -|weight_factors_in_weight-sensitive_stress_systems=1 -|zero_marking_of_a_and_p_arguments=2 -
lim	Limbu	27.1666666667	87.75	Mahakiranti	Sino-Tibetan	US	'when'_clauses=2 Balanced/deranked|alignment_of_verbal_person_marking=5 Hierarchical|coding_of_evidentiality=4 Separate particle|coding_of_nominal_plurality=2 -|comitatives_and_instrumentals=2 Differentiation|comparative_constructions=1 Locational|distance_contrasts_in_demonstratives=2 Two-way contrast|expression_of_pronominal_subjects=2 -|gender_distinctions_in_independent_personal_pronouns=6 No gender distinctions|indefinite_articles=3 Indefinite affix|minor_morphological_means_of_signaling_negation=4 -|negative_morphemes=6 Double negation|nonperiphrastic_causative_constructions=2 Morphological but no compound|noun_phrase_conjunction=2 'And' identical to 'with'|number_of_possessive_nouns=1 None reported|numeral_classifiers=1 -|obligatory_double_negation=1 -|obligatory_double_negation_in_sov_languages=6 -|obligatory_possessive_inflection=1 Exists|order_of_adjective_and_noun=2 -|order_of_adverbial_subordinator_and_clause=1 -|order_of_degree_word_and_adjective=1 -|order_of_demonstrative_and_noun=1 Demonstrative-Noun|order_of_genitive_and_noun=1 -|order_of_negative_morpheme_and_verb=1 -|order_of_numeral_and_noun=1 -|order_of_object_and_verb=1 OV|order_of_person_markers_on_the_verb=4 Both orders of A and P occur|order_of_relative_clause_and_noun=2 Relative clause-Noun|order_of_subject_and_verb=1 SV|ordinal_numerals=1 None|passive_constructions=1 -|periphrastic_causative_constructions=2 Purposive but no sequential|person_marking_on_adpositions=2 No person marking|plurality_in_independent_personal_pronouns=5 Person-number stem + pronominal plural affix|politeness_distinctions_in_pronouns=1 No politeness distinction|position_of_case_affixes=9 -|position_of_interrogative_phrases_in_content_questions=2 -|position_of_negative_word_with_respect_to_subject,_object,_and_verb=18 ObligDoubleNeg|position_of_tense-aspect_affixes=2 -|possessive_classification=1 -|postverbal_negative_morphemes=2 [V-Neg]|predicative_possession=5 -|prefixing_vs._suffixing_in_inflectional_morphology=2 Strongly suffixing|prenominal_relative_clauses=1 -|preverbal_negative_morphemes=1 -|pronominal_and_adnominal_demonstratives=1 -|purpose_clauses=3 -|reason_clauses=2 Balanced/deranked|relationship_between_the_order_of_object_and_verb_and_the_order_of_adjective_and_noun=4 -|relationship_between_the_order_of_object_and_verb_and_the_order_of_relative_clause_and_noun=1 OV and RelN|semantic_distinctions_of_evidentiality=2 Indirect only|the_associative_plural=1 -|the_morphological_imperative=1 Second singular and second plural|the_optative=1 Inflectional optative present|the_position_of_negative_morphemes_in_sov_languages=6 -|the_prohibitive=2 Normal imperative + special negative|the_velar_nasal=3 -|third_person_pronouns_and_demonstratives=1 -|third_person_zero_of_verbal_person_marking=5 Zero in all 3rd person forms|utterance_complement_clauses=1 -|verbal_person_marking=5 -
luo	Luo	-0.5	34.75	Nilotic	Eastern Sudanic	US	absence_of_common_consonants=1 All present|coding_of_nominal_plurality=2 Plural suffix|comitatives_and_instrumentals=2 -|consonant-vowel_ratio=3 Average|consonant_inventories=3 -|definite_articles=1 Definite word distinct from demonstrative|distance_contrasts_in_demonstratives=2 -|distributive_numerals=2 -|expression_of_pronominal_subjects=2 Subject affixes on verb|front_rounded_vowels=1 -|glottalized_consonants=1 No glottalized consonants|hand_and_arm=2 Different|imperative-hortative_systems=4 Neither type of system|indefinite_articles=5 -|lateral_consonants=2 /l/, no obstruent laterals|minor_morphological_means_of_signaling_negation=4 -|multiple_negative_constructions_in_svo_languages=2 NegSVO/SNegVO|negative_morphemes=2 Negative particle|negsvo_order=1 NoDoubleNeg|nominal_and_locational_predication=1 Different|numeral_classifiers=1 -|order_of_adjective_and_noun=2 Noun-Adjective|order_of_adposition_and_noun_phrase=2 Prepositions|order_of_demonstrative_and_noun=2 Noun-Demonstrative|order_of_genitive_and_noun=1 -|order_of_negative_morpheme_and_verb=1 -|order_of_numeral_and_noun=1 -|order_of_object,_oblique,_and_verb=1 -|order_of_object_and_verb=2 VO|order_of_relative_clause_and_noun=1 Noun-Relative clause|order_of_subject,_object_and_verb=2 SVO|order_of_subject_and_verb=1 -|ordinal_numerals=5 First/one-th, two-th, three-th|polar_questions=1 -|position_of_case_affixes=9 No case affixes or adpositional clitics|position_of_interrogative_phrases_in_content_questions=2 Not initial interrogative phrase|position_of_negative_word_with_respect_to_subject,_object,_and_verb=16 More than one position|position_of_polar_question_particles=6 No question particle|position_of_pronominal_possessive_affixes=2 Possessive suffixes|position_of_tense-aspect_affixes=1 Tense-aspect prefixes|postnominal_relative_clauses=1 Noun-Relative clause (NRel) dominant|postverbal_negative_morphemes=4 None|predicative_adjectives=3 Mixed|prefixing_vs._suffixing_in_inflectional_morphology=4 Equal prefixing and suffixing|presence_of_uncommon_consonants=1 None|preverbal_negative_morphemes=1 NegV|pronominal_and_adnominal_demonstratives=2 Different stem|reduplication=2 Full reduplication only|relationship_between_the_order_of_object_and_verb_and_the_order_of_adjective_and_noun=4 -|relationship_between_the_order_of_object_and_verb_and_the_order_of_adposition_and_noun_phrase=4 VO and Prepositions|relationship_between_the_order_of_object_and_verb_and_the_order_of_relative_clause_and_noun=4 VO and NRel|relativization_on_obliques=3 Pronoun-retention|relativization_on_subjects=4 -|snegvo_order=1 Word&NoDoubleNeg|svnego_order=7 No SVNegO|svoneg_order=4 No SVONeg|syllable_structure=2 -|tea=1 Words derived from Sinitic cha|the_morphological_imperative=1 Second singular and second plural|the_optative=2 -|the_position_of_negative_morphemes_in_svo_languages=2 -|the_prohibitive=2 -|tone=2 Simple tone system|uvular_consonants=1 None|voicing_and_gaps_in_plosive_systems=2 None missing in /p t k b d g/|voicing_in_plosives_and_fricatives=2 In plosives alone|vowel_quality_inventories=3 Large (7-14)|zero_copula_for_predicate_nominals=2 Possible
maa	Maasai	-3.0	36.0	Nilotic	Eastern Sudanic	US	absence_of_common_consonants=1 All present|coding_of_nominal_plurality=2 -|comparative_constructions=1 Locational|consonant-vowel_ratio=2 Moderately low|consonant_inventories=3 Average|definite_articles=5 No definite or indefinite article|exponence_of_selected_inflectional_formatives=1 Monoexponential case|exponence_of_tense-aspect-mood_inflection=1 -|expression_of_pronominal_subjects=2 -|front_rounded_vowels=1 -|fusion_of_selected_inflectional_formatives=5 Tonal/concatenative|glottalized_consonants=3 Implosives only|indefinite_articles=5 -|inflectional_synthesis_of_the_verb=4 6-7 categories per word|lateral_consonants=2 -|m-t_pronouns=1 -|m_in_first_person_singular=1 No m in first person singular|m_in_second_person_singular=1 No m in second person singular|minor_morphological_means_of_signaling_negation=4 None|n-m_pronouns=1 No N-M pronouns|negative_morphemes=2 Negative particle|nominal_and_locational_predication=1 Different|nonperiphrastic_causative_constructions=2 Morphological but no compound|noun_phrase_conjunction=1 -|number_of_possessive_nouns=1 -|numeral_classifiers=1 Absent|obligatory_possessive_inflection=2 Absent|order_of_adjective_and_noun=2 -|order_of_adposition_and_noun_phrase=2 Prepositions|order_of_adverbial_subordinator_and_clause=1 Initial subordinator word|order_of_degree_word_and_adjective=1 -|order_of_demonstrative_and_noun=2 -|order_of_genitive_and_noun=2 Noun-Genitive|order_of_negative_morpheme_and_verb=7 Type 1 / Type 3|order_of_numeral_and_noun=2 Noun-Numeral|order_of_object_and_verb=2 VO|order_of_relative_clause_and_noun=1 -|order_of_subject,_object_and_verb=3 VSO|order_of_subject_and_verb=2 VS|periphrastic_causative_constructions=2 Purposive but no sequential|polar_questions=1 Question particle|position_of_case_affixes=9 -|position_of_interrogative_phrases_in_content_questions=2 Not initial interrogative phrase|position_of_negative_word_with_respect_to_subject,_object,_and_verb=16 More than one position|position_of_negative_words_relative_to_beginning_and_end_of_clause_and_with_respect_to_adjacency_to_verb=3 Immed preverbal|position_of_polar_question_particles=2 -|position_of_tense-aspect_affixes=4 Mixed type|possessive_classification=2 Two classes|postnominal_relative_clauses=1 Noun-Relative clause (NRel) dominant|postverbal_negative_morphemes=4 None|predicative_adjectives=1 -|predicative_possession=5 'Have'|prefixing_vs._suffixing_in_inflectional_morphology=2 -|presence_of_uncommon_consonants=1 -|preverbal_negative_morphemes=1 -|relationship_between_the_order_of_object_and_verb_and_the_order_of_adjective_and_noun=4 VO and NAdj|relationship_between_the_order_of_object_and_verb_and_the_order_of_adposition_and_noun_phrase=4 -|relationship_between_the_order_of_object_and_verb_and_the_order_of_relative_clause_and_noun=4 VO and NRel|relativization_on_obliques=4 Gap|relativization_on_subjects=4 -|subtypes_of_asymmetric_standard_negation=1 A/Fin|syllable_structure=2 -|symmetric_and_asymmetric_standard_negation=3 Both|the_position_of_negative_morphemes_in_verb-initial_languages=12 NegVSO/[Neg-V]SO|tone=2 Simple tone system|uvular_consonants=1 None|verb-initial_with_clause-final_negative=4 No clause-final neg|verb-initial_with_negative_that_is_immediately_postverbal_or_between_subject_and_object=6 None|verb-initial_with_preverbal_negative=7 Type 1 / Type 2|voicing_and_gaps_in_plosive_systems=1 Other|voicing_in_plosives_and_fricatives=4 -|vowel_quality_inventories=3 Large (7-14)|zero_copula_for_predicate_nominals=1 Impossible
mag	Magar	28.0	83.0	Mahakiranti	Sino-Tibetan	US	coding_of_nominal_plurality=2 Plural suffix|minor_morphological_means_of_signaling_negation=4 -|negative_morphemes=2 -|negsov_order=4 No NegSOV|order_of_adposition_and_noun_phrase=1 Postpositions|order_of_adverbial_subordinator_and_clause=1 -|order_of_genitive_and_noun=1 -|order_of_negative_morpheme_and_verb=1 -|order_of_numeral_and_noun=1 -|order_of_object_and_verb=2 -|order_of_subject,_object_and_verb=2 -|order_of_subject_and_verb=1 -|position_of_case_affixes=9 -|position_of_interrogative_phrases_in_content_questions=2 -|position_of_negative_word_with_respect_to_subject,_object,_and_verb=20 -|position_of_tense-aspect_affixes=2 -|postverbal_negative_morphemes=4 -|preverbal_negative_morphemes=1 -|relationship_between_the_order_of_object_and_verb_and_the_order_of_adposition_and_noun_phrase=4 -|snegov_order=4 -|sonegv_order=8 -|sovneg_order=11 -|the_associative_plural=1 -|the_position_of_negative_morphemes_in_sov_languages=6 -
mam	Mam	15.0	-91.8333333333	Mayan	Mayan	US	'want'_complement_subjects=2 Subject is expressed overtly|antipassive_constructions=2 Oblique patient|coding_of_evidentiality=2 Verbal affix or clitic|coding_of_nominal_plurality=8 Plural clitic|definite_articles=4 No definite, but indefinite article|distance_contrasts_in_demonstratives=1 No distance contrast|ditransitive_constructions:_the_verb_'give'=1 Indirect-object construction|fixed_stress_locations=1 No fixed stress|imperative-hortative_systems=4 Neither type of system|indefinite_articles=2 Indefinite word same as 'one'|minor_morphological_means_of_signaling_negation=4 -|negative_morphemes=2 Negative particle|nominal_and_locational_predication=1 Different|nominal_and_verbal_conjunction=1 Identity|occurrence_of_nominal_plurality=4 All nouns, always optional|order_of_adjective_and_noun=3 No dominant order|order_of_adposition_and_noun_phrase=2 Prepositions|order_of_adverbial_subordinator_and_clause=1 Initial subordinator word|order_of_demonstrative_and_noun=1 Demonstrative-Noun|order_of_genitive_and_noun=2 Noun-Genitive|order_of_negative_morpheme_and_verb=1 -|order_of_numeral_and_noun=1 Numeral-Noun|order_of_object,_oblique,_and_verb=1 VOX|order_of_object_and_verb=2 VO|order_of_relative_clause_and_noun=1 Noun-Relative clause|order_of_subject,_object_and_verb=3 VSO|order_of_subject_and_verb=2 VS|ordinal_numerals=6 First, two-th, three-th|polar_questions=1 Question particle|position_of_case_affixes=9 No case affixes or adpositional clitics|position_of_interrogative_phrases_in_content_questions=1 Initial interrogative phrase|position_of_negative_word_with_respect_to_subject,_object,_and_verb=9 NegVSO|position_of_polar_question_particles=3 Second position|position_of_pronominal_possessive_affixes=1 Possessive prefixes|position_of_tense-aspect_affixes=1 Tense-aspect prefixes|postnominal_relative_clauses=1 Noun-Relative clause (NRel) dominant|postverbal_negative_morphemes=4 None|predicative_adjectives=1 Verbal encoding|prefixing_vs._suffixing_in_inflectional_morphology=5 Weakly prefixing|preverbal_negative_morphemes=1 -|productivity_of_the_antipassive_construction=1 productive|pronominal_and_adnominal_demonstratives=2 Different stem|reciprocal_constructions=1 No reciprocals|reduplication=3 No productive reduplication|relationship_between_the_order_of_object_and_verb_and_the_order_of_adjective_and_noun=5 Other|relationship_between_the_order_of_object_and_verb_and_the_order_of_adposition_and_noun_phrase=4 VO and Prepositions|relationship_between_the_order_of_object_and_verb_and_the_order_of_relative_clause_and_noun=4 VO and NRel|semantic_distinctions_of_evidentiality=2 Indirect only|subtypes_of_asymmetric_standard_negation=5 A/Fin and A/Cat|symmetric_and_asymmetric_standard_negation=3 Both|the_morphological_imperative=1 Second singular and second plural|the_optative=2 Inflectional optative absent|the_position_of_negative_morphemes_in_verb-initial_languages=1 NegVSO|the_prohibitive=2 Normal imperative + special negative|verb-initial_with_clause-final_negative=4 No clause-final neg|verb-initial_with_negative_that_is_immediately_postverbal_or_between_subject_and_object=6 -|verb-initial_with_preverbal_negative=1 Separate word, no double negation	Position_of_negative_words_relative_to_beginning_and_end_of_clause_and_with_respect_to_adjacency_to_verb=?|weight-sensitive_stress=6 Combined: Right-edge and unbounded|weight_factors_in_weight-sensitive_stress_systems=7 Combined|zero_copula_for_predicate_nominals=1 Impossible
mbb	Mbabaram	-17.1666666667	145.0	Northern Pama-Nyungan	Pama-Nyungan	US	absence_of_common_consonants=1 -|consonant-vowel_ratio=3 -|consonant_inventories=3 -|ditransitive_constructions:_the_verb_'give'=1 -|fixed_stress_locations=1 -|front_rounded_vowels=1 None|glottalized_consonants=1 -|hand_and_arm=2 -|inclusive/exclusive_forms_in_pama-nyungan=2 -|lateral_consonants=2 -|presence_of_uncommon_consonants=1 -|syllable_structure=2 -|the_morphological_imperative=1 -|the_prohibitive=2 -|tone=1 -|uvular_consonants=1 None|voicing_and_gaps_in_plosive_systems=2 -|voicing_in_plosives_and_fricatives=4 -|vowel_quality_inventories=1 Small (2-4)|weight-sensitive_stress=8 -|weight_factors_in_weight-sensitive_stress_systems=1 -
mny	Margany	-27.0	144.5	Northern Pama-Nyungan	Pama-Nyungan	US	coding_of_evidentiality=1 -|coding_of_nominal_plurality=2 Plural suffix|expression_of_pronominal_subjects=1 Obligatory pronouns in subject position|fixed_stress_locations=2 Initial|hand_and_arm=2 -|inclusive/exclusive_forms_in_pama-nyungan=1 No inclusive/exclusive opposition|minor_morphological_means_of_signaling_negation=4 None|negative_morphemes=2 Negative particle|negsov_order=1 NoDoubleNeg|nonperiphrastic_causative_constructions=2 Morphological but no compound|number_of_genders=1 -|order_of_genitive_and_noun=1 -|order_of_negative_morpheme_and_verb=1 NegV|order_of_object_and_verb=1 OV|order_of_subject,_object_and_verb=1 SOV|order_of_subject_and_verb=1 SV|plurality_in_independent_personal_pronouns=4 Person-number stem|polar_questions=1 Question particle|position_of_case_affixes=1 Case suffixes|position_of_interrogative_phrases_in_content_questions=1 Initial interrogative phrase|position_of_negative_word_with_respect_to_subject,_object,_and_verb=5 NegSOV|position_of_negative_words_relative_to_beginning_and_end_of_clause_and_with_respect_to_adjacency_to_verb=1 Beginning, not immed preverbal|position_of_polar_question_particles=1 Initial|position_of_tense-aspect_affixes=2 Tense-aspect suffixes|postverbal_negative_morphemes=4 -|prefixing_vs._suffixing_in_inflectional_morphology=2 Strongly suffixing|preverbal_negative_morphemes=1 NegV|reduplication=1 -|rhythm_types=1 Trochaic|semantic_distinctions_of_evidentiality=2 -|sex-based_and_non-sex-based_gender_systems=1 No gender|snegov_order=4 -|sonegv_order=8 No SONegV|sovneg_order=11 -|systems_of_gender_assignment=1 No gender|the_position_of_negative_morphemes_in_sov_languages=1 NegSOV|weight-sensitive_stress=8 -|weight_factors_in_weight-sensitive_stress_systems=1 No weight
mop	Mopan	16.5833333333	-88.6666666667	Mayan	Mayan	US	finger_and_hand=2 -|hand_and_arm=2 -|imperative-hortative_systems=4 Neither type of system|the_morphological_imperative=1 Second singular and second plural|the_optative=2 -
mug	Mugil	-4.88333333333	145.75	Madang	Trans-New Guinea	US	minor_morphological_means_of_signaling_negation=4 None|negative_morphemes=2 -|order_of_negative_morpheme_and_verb=1 -|position_of_pronominal_possessive_affixes=2 -|position_of_tense-aspect_affixes=4 Mixed type|postverbal_negative_morphemes=4 -|preverbal_negative_morphemes=2 [Neg-V]
myy	Mayi-Yapi	-20.0	141.0	Northern Pama-Nyungan	Pama-Nyungan	US	fixed_stress_locations=2 Initial|rhythm_types=1 Trochaic|weight-sensitive_stress=8 -|weight_factors_in_weight-sensitive_stress_systems=1 No weight
nan	Nandi	0.25	35.0	Nilotic	Eastern Sudanic	US	absence_of_common_consonants=1 All present|adjectives_without_nouns=5 Marked by preceding word|alignment_of_verbal_person_marking=2 Accusative|coding_of_nominal_plurality=2 Plural suffix|comitatives_and_instrumentals=2 Differentiation|comparative_constructions=2 Exceed|consonant-vowel_ratio=1 Low|consonant_inventories=1 Small|definite_articles=3 Definite affix|distance_contrasts_in_demonstratives=3 Three-way contrast|exponence_of_selected_inflectional_formatives=1 Monoexponential case|exponence_of_tense-aspect-mood_inflection=1 -|expression_of_pronominal_subjects=2 Subject affixes on verb|front_rounded_vowels=1 None|fusion_of_selected_inflectional_formatives=5 Tonal/concatenative|gender_distinctions_in_independent_personal_pronouns=6 No gender distinctions|genitives,_adjectives_and_relative_clauses=4 Adjectives and relative clauses collapsed|glottalized_consonants=1 No glottalized consonants|imperative-hortative_systems=1 Maximal system|inflectional_synthesis_of_the_verb=3 4-5 categories per word|lateral_consonants=2 /l/, no obstruent laterals|minor_morphological_means_of_signaling_negation=4 -|negative_morphemes=1 Negative affix|number_of_possessive_nouns=1 None reported|obligatory_possessive_inflection=2 Absent|order_of_adjective_and_noun=2 Noun-Adjective|order_of_adposition_and_noun_phrase=2 Prepositions|order_of_adverbial_subordinator_and_clause=1 Initial subordinator word|order_of_demonstrative_and_noun=4 Demonstrative suffix|order_of_genitive_and_noun=2 Noun-Genitive|order_of_negative_morpheme_and_verb=1 -|order_of_numeral_and_noun=2 Noun-Numeral|order_of_object,_oblique,_and_verb=1 VOX|order_of_object_and_verb=2 VO|order_of_person_markers_on_the_verb=2 A precedes P|order_of_relative_clause_and_noun=1 Noun-Relative clause|order_of_subject,_object_and_verb=3 VSO|order_of_subject_and_verb=2 VS|ordinal_numerals=6 First, two-th, three-th|passive_constructions=2 Absent|person_marking_on_adpositions=2 No person marking|polar_questions=1 Question particle|position_of_case_affixes=3 Case tone|position_of_interrogative_phrases_in_content_questions=2 Not initial interrogative phrase|position_of_negative_word_with_respect_to_subject,_object,_and_verb=20 MorphNeg|position_of_polar_question_particles=2 Final|position_of_pronominal_possessive_affixes=2 Possessive suffixes|position_of_tense-aspect_affixes=4 Mixed type|possessive_classification=1 No possessive classification|postnominal_relative_clauses=1 Noun-Relative clause (NRel) dominant|postverbal_negative_morphemes=4 None|prefixing_vs._suffixing_in_inflectional_morphology=4 Equal prefixing and suffixing|presence_of_uncommon_consonants=1 None|pronominal_and_adnominal_demonstratives=2 Different stem|reduplication=1 Productive full and partial reduplication|relationship_between_the_order_of_object_and_verb_and_the_order_of_adjective_and_noun=4 VO and NAdj|relationship_between_the_order_of_object_and_verb_and_the_order_of_adposition_and_noun_phrase=4 VO and Prepositions|relationship_between_the_order_of_object_and_verb_and_the_order_of_relative_clause_and_noun=4 VO and NRel|relativization_on_subjects=4 Gap|syllable_structure=2 Moderately complex|the_morphological_imperative=1 Second singular and second plural|the_optative=2 Inflectional optative absent|the_position_of_negative_morphemes_in_verb-initial_languages=1 -|third_person_zero_of_verbal_person_marking=5 Zero in all 3rd person forms|tone=2 Simple tone system|utterance_complement_clauses=1 Balanced|uvular_consonants=1 None|verb-initial_with_clause-final_negative=4 No clause-final neg|verb-initial_with_negative_that_is_immediately_postverbal_or_between_subject_and_object=6 -|verb-initial_with_preverbal_negative=2 Prefix, no double negation	Preverbal_Negative_Morphemes=2 [Neg-V]|verbal_person_marking=5 Both the A and P arguments|voicing_and_gaps_in_plosive_systems=1 Other|voicing_in_plosives_and_fricatives=1 No voicing contrast|vowel_quality_inventories=3 Large (7-14)
new	Newari (Kathmandu)	27.6666666667	85.5	Mahakiranti	Sino-Tibetan	US	absence_of_common_consonants=1 -|coding_of_nominal_plurality=8 Plural clitic|consonant-vowel_ratio=4 Moderately high|consonant_inventories=3 Average|front_rounded_vowels=1 None|glottalized_consonants=1 No glottalized consonants|lateral_consonants=2 /l/, no obstruent laterals|minor_morphological_means_of_signaling_negation=4 None|negative_morphemes=2 -|negsov_order=4 No NegSOV|numeral_classifiers=1 -|occurrence_of_nominal_plurality=6 -|order_of_adjective_and_noun=2 -|order_of_adposition_and_noun_phrase=2 -|order_of_adverbial_subordinator_and_clause=1 -|order_of_degree_word_and_adjective=1 -|order_of_demonstrative_and_noun=2 -|order_of_genitive_and_noun=1 -|order_of_negative_morpheme_and_verb=1 -|order_of_numeral_and_noun=1 -|order_of_object_and_verb=1 OV|order_of_relative_clause_and_noun=2 Relative clause-Noun|order_of_subject,_object_and_verb=2 -|order_of_subject_and_verb=1 -|polar_questions=1 Question particle|position_of_case_affixes=9 -|position_of_interrogative_phrases_in_content_questions=2 Not initial interrogative phrase|position_of_negative_word_with_respect_to_subject,_object,_and_verb=20 MorphNeg|position_of_polar_question_particles=2 -|position_of_pronominal_possessive_affixes=2 -|position_of_tense-aspect_affixes=2 -|postverbal_negative_morphemes=4 None|prefixing_vs._suffixing_in_inflectional_morphology=2 Strongly suffixing|prenominal_relative_clauses=1 -|presence_of_uncommon_consonants=1 -|preverbal_negative_morphemes=2 [Neg-V]|relationship_between_the_order_of_object_and_verb_and_the_order_of_adjective_and_noun=1 OV and AdjN|relationship_between_the_order_of_object_and_verb_and_the_order_of_adposition_and_noun_phrase=4 -|relationship_between_the_order_of_object_and_verb_and_the_order_of_relative_clause_and_noun=4 -|snegov_order=4 No SNegOV|sonegv_order=2 Prefix&NoDoubleNeg|sovneg_order=11 -|syllable_structure=2 Moderately complex|tea=1 Words derived from Sinitic cha|the_associative_plural=1 Associative same as additive plural|the_optative=2 Inflectional optative absent|the_position_of_negative_morphemes_in_sov_languages=6 -|tone=1 -|uvular_consonants=1 -|voicing_and_gaps_in_plosive_systems=2 None missing in /p t k b d g/|voicing_in_plosives_and_fricatives=4 -|vowel_quality_inventories=2 -
ngw	Ngawun	-19.0	141.5	Northern Pama-Nyungan	Pama-Nyungan	US	hand_and_arm=2 -|inclusive/exclusive_forms_in_pama-nyungan=2 -|minor_morphological_means_of_signaling_negation=4 -|negative_morphemes=2 -|negsvo_order=4 -|order_of_adjective_and_noun=2 -|order_of_demonstrative_and_noun=2 -|order_of_negative_morpheme_and_verb=1 -|order_of_numeral_and_noun=1 -|order_of_object_and_verb=2 -|order_of_subject,_object_and_verb=2 -|order_of_subject_and_verb=1 -|position_of_case_affixes=9 -|position_of_interrogative_phrases_in_content_questions=2 -|position_of_negative_word_with_respect_to_subject,_object,_and_verb=20 -|position_of_negative_words_relative_to_beginning_and_end_of_clause_and_with_respect_to_adjacency_to_verb=3 -|position_of_tense-aspect_affixes=2 -|postverbal_negative_morphemes=4 -|prefixing_vs._suffixing_in_inflectional_morphology=2 Strongly suffixing|preverbal_negative_morphemes=1 -|reduplication=1 -|relationship_between_the_order_of_object_and_verb_and_the_order_of_adjective_and_noun=4 -|snegvo_order=1 -|svnego_order=7 -|svoneg_order=4 No SVONeg|the_position_of_negative_morphemes_in_svo_languages=1 NegSVO
nnd	Nend	-5.0	144.916666667	Madang	Trans-New Guinea	US	expression_of_pronominal_subjects=2 -|order_of_adjective_and_noun=2 -|order_of_adposition_and_noun_phrase=1 Postpositions|order_of_degree_word_and_adjective=2 Adjective-Degree word|order_of_demonstrative_and_noun=2 -|order_of_genitive_and_noun=3 No dominant order|order_of_object_and_verb=2 -|order_of_subject,_object_and_verb=1 SOV|order_of_subject_and_verb=1 -|polar_questions=1 -|position_of_interrogative_phrases_in_content_questions=2 Not initial interrogative phrase|position_of_polar_question_particles=6 No question particle|relationship_between_the_order_of_object_and_verb_and_the_order_of_adjective_and_noun=4 -|relationship_between_the_order_of_object_and_verb_and_the_order_of_adposition_and_noun_phrase=4 -
nue	Nuer	8.33333333333	32.0	Nilotic	Eastern Sudanic	US	coding_of_nominal_plurality=3 Plural stem change|comparative_constructions=1 -|expression_of_pronominal_subjects=2 -|languages_with_different_word_order_in_negative_clauses=17 SVO/SOV, but SOVNeg|languages_with_two_dominant_orders_of_subject,_object,_and_verb=1 SOV or SVO|minor_morphological_means_of_signaling_negation=4 -|negative_morphemes=2 -|negsov_order=4 -|nominal_and_locational_predication=1 Different|noun_phrase_conjunction=2 'And' identical to 'with'|order_of_adjective_and_noun=2 -|order_of_adposition_and_noun_phrase=2 Prepositions|order_of_adverbial_subordinator_and_clause=1 -|order_of_demonstrative_and_noun=2 -|order_of_genitive_and_noun=1 -|order_of_negative_morpheme_and_verb=1 NegV|order_of_numeral_and_noun=2 Noun-Numeral|order_of_object,_oblique,_and_verb=1 -|order_of_object_and_verb=2 -|order_of_relative_clause_and_noun=1 Noun-Relative clause|order_of_subject,_object_and_verb=7 No dominant order|order_of_subject_and_verb=1 -|position_of_case_affixes=9 -|position_of_interrogative_phrases_in_content_questions=2 Not initial interrogative phrase|position_of_negative_word_with_respect_to_subject,_object,_and_verb=20 -|position_of_negative_words_relative_to_beginning_and_end_of_clause_and_with_respect_to_adjacency_to_verb=1 Beginning, not immed preverbal|position_of_pronominal_possessive_affixes=2 Possessive suffixes|position_of_tense-aspect_affixes=2 -|postnominal_relative_clauses=1 -|postverbal_negative_morphemes=4 None|predicative_adjectives=1 -|predicative_possession=5 -|prefixing_vs._suffixing_in_inflectional_morphology=2 Strongly suffixing|preverbal_negative_morphemes=1 NegV|relationship_between_the_order_of_object_and_verb_and_the_order_of_adjective_and_noun=4 -|relationship_between_the_order_of_object_and_verb_and_the_order_of_adposition_and_noun_phrase=5 Other|relationship_between_the_order_of_object_and_verb_and_the_order_of_relative_clause_and_noun=4 -|snegov_order=4 -|sonegv_order=8 -|sovneg_order=11 NoSOVNeg|the_position_of_negative_morphemes_in_sov_languages=6 -|zero_copula_for_predicate_nominals=1 Impossible
nwd	Newar (Dolakha)	27.3333333333	86.0	Mahakiranti	Sino-Tibetan	US	coding_of_evidentiality=1 -|coding_of_nominal_plurality=2 -|comitatives_and_instrumentals=2 -|definite_articles=1 -|ditransitive_constructions:_the_verb_'give'=1 -|expression_of_pronominal_subjects=2 Subject affixes on verb|indefinite_articles=5 -|indefinite_pronouns=1 -|minor_morphological_means_of_signaling_negation=4 -|multiple_negative_constructions_in_sov_languages=7 SO[Neg-V]/SOVwithNegInfix|negative_indefinite_pronouns_and_predicate_negation=1 Predicate negation also present|negative_morphemes=2 -|negsov_order=4 -|nominal_and_verbal_conjunction=1 -|order_of_adjective_and_noun=2 -|order_of_adposition_and_noun_phrase=2 -|order_of_adverbial_subordinator_and_clause=1 -|order_of_degree_word_and_adjective=1 -|order_of_demonstrative_and_noun=2 -|order_of_genitive_and_noun=1 -|order_of_negative_morpheme_and_verb=12 Type 3 / Negative Infix|order_of_numeral_and_noun=1 -|order_of_object_and_verb=2 -|order_of_relative_clause_and_noun=1 -|order_of_subject,_object_and_verb=2 -|order_of_subject_and_verb=1 -|polar_questions=1 Question particle|position_of_case_affixes=9 -|position_of_interrogative_phrases_in_content_questions=2 -|position_of_negative_word_with_respect_to_subject,_object,_and_verb=20 MorphNeg|position_of_polar_question_particles=2 -|position_of_pronominal_possessive_affixes=2 -|position_of_tense-aspect_affixes=2 -|postverbal_negative_morphemes=4 None|prefixing_vs._suffixing_in_inflectional_morphology=2 -|prenominal_relative_clauses=1 -|preverbal_negative_morphemes=1 -|relationship_between_the_order_of_object_and_verb_and_the_order_of_adjective_and_noun=4 -|relationship_between_the_order_of_object_and_verb_and_the_order_of_adposition_and_noun_phrase=1 OV and Postpositions|relationship_between_the_order_of_object_and_verb_and_the_order_of_relative_clause_and_noun=4 -|semantic_distinctions_of_evidentiality=2 -|snegov_order=4 -|sonegv_order=8 -|sovneg_order=11 -|the_associative_plural=1 -|the_position_of_negative_morphemes_in_sov_languages=6 -
nya	Nyawaygi	-19.0	146.166666667	Northern Pama-Nyungan	Pama-Nyungan	US	coding_of_evidentiality=1 No grammatical evidentials|comitatives_and_instrumentals=2 Differentiation|expression_of_pronominal_subjects=2 -|finger_and_hand=2 -|fixed_stress_locations=1 No fixed stress|hand_and_arm=2 -|inclusive/exclusive_forms_in_pama-nyungan=2 Inclusive and exclusive differentiated|order_of_object_and_verb=2 -|order_of_subject_and_verb=1 -|position_of_case_affixes=1 Case suffixes|rhythm_types=1 -|semantic_distinctions_of_evidentiality=1 No grammatical evidentials|the_morphological_imperative=4 Second person number-neutral|the_prohibitive=2 Normal imperative + special negative|weight-sensitive_stress=1 Left-edge: First or second|weight_factors_in_weight-sensitive_stress_systems=1 -
par	Päri	5.0	32.5	Nilotic	Eastern Sudanic	US	alignment_of_verbal_person_marking=3 Ergative|antipassive_constructions=2 Oblique patient|applicative_constructions=1 Benefactive object; both bases|coding_of_nominal_plurality=6 Mixed morphological plural|definite_articles=1 -|gender_distinctions_in_independent_personal_pronouns=6 No gender distinctions|minor_morphological_means_of_signaling_negation=4 None|negative_morphemes=2 Negative particle|order_of_adjective_and_noun=2 -|order_of_adposition_and_noun_phrase=2 Prepositions|order_of_adverbial_subordinator_and_clause=1 -|order_of_degree_word_and_adjective=3 No dominant order|order_of_genitive_and_noun=2 Noun-Genitive|order_of_negative_morpheme_and_verb=1 -|order_of_numeral_and_noun=2 Noun-Numeral|order_of_object,_oblique,_and_verb=1 -|order_of_object_and_verb=1 OV|order_of_person_markers_on_the_verb=3 P precedes A|order_of_relative_clause_and_noun=1 -|order_of_subject,_object_and_verb=2 -|order_of_subject_and_verb=1 -|other_roles_of_applied_objects=4 No other roles (EQUALS Only benefactive)|passive_constructions=1 Present|person_marking_on_adpositions=2 -|polar_questions=6 Interrogative intonation only|position_of_case_affixes=9 -|position_of_interrogative_phrases_in_content_questions=2 Not initial interrogative phrase|position_of_negative_word_with_respect_to_subject,_object,_and_verb=21 Other|position_of_polar_question_particles=2 -|position_of_pronominal_possessive_affixes=2 Possessive suffixes|position_of_tense-aspect_affixes=2 -|postnominal_relative_clauses=1 Noun-Relative clause (NRel) dominant|postverbal_negative_morphemes=4 None|prefixing_vs._suffixing_in_inflectional_morphology=2 -|preverbal_negative_morphemes=1 NegV|relationship_between_the_order_of_object_and_verb_and_the_order_of_adjective_and_noun=4 -|relationship_between_the_order_of_object_and_verb_and_the_order_of_adposition_and_noun_phrase=2 OV and Prepositions|relationship_between_the_order_of_object_and_verb_and_the_order_of_relative_clause_and_noun=2 OV and NRel|the_position_of_negative_morphemes_in_object-initial_languages=4 -|third_person_zero_of_verbal_person_marking=2 No zero realization|verbal_person_marking=5 Both the A and P arguments
pkm	Pokomchí	15.4166666667	-90.5	Mayan	Mayan	US	fixed_stress_locations=7 Ultimate|rhythm_types=5 No rhythmic stress|weight-sensitive_stress=8 -|weight_factors_in_weight-sensitive_stress_systems=1 No weight
pkt	Pokot	1.5	35.5	Nilotic	Eastern Sudanic	US	coding_of_nominal_plurality=2 -|definite_articles=1 -|double_negation_in_verb-initial_languages=10 NegVSO/[Neg-V-Neg]SO|expression_of_pronominal_subjects=2 Subject affixes on verb|minor_morphological_means_of_signaling_negation=4 None|negative_morphemes=2 -|optional_double_negation=2 -|order_of_adjective_and_noun=2 Noun-Adjective|order_of_adposition_and_noun_phrase=2 -|order_of_adverbial_subordinator_and_clause=1 -|order_of_demonstrative_and_noun=2 -|order_of_genitive_and_noun=1 -|order_of_negative_morpheme_and_verb=1 -|order_of_numeral_and_noun=1 -|order_of_object,_oblique,_and_verb=1 -|order_of_object_and_verb=2 -|order_of_relative_clause_and_noun=1 -|order_of_subject,_object_and_verb=2 -|order_of_subject_and_verb=1 -|position_of_case_affixes=9 -|position_of_interrogative_phrases_in_content_questions=2 -|position_of_negative_word_with_respect_to_subject,_object,_and_verb=20 -|position_of_negative_words_relative_to_beginning_and_end_of_clause_and_with_respect_to_adjacency_to_verb=3 -|position_of_pronominal_possessive_affixes=2 -|position_of_tense-aspect_affixes=4 Mixed type|postnominal_relative_clauses=1 Noun-Relative clause (NRel) dominant|postverbal_negative_morphemes=2 [V-Neg]|prefixing_vs._suffixing_in_inflectional_morphology=2 -|preverbal_negative_morphemes=1 -|relationship_between_the_order_of_object_and_verb_and_the_order_of_adjective_and_noun=4 -|relationship_between_the_order_of_object_and_verb_and_the_order_of_adposition_and_noun_phrase=4 VO and Prepositions|relationship_between_the_order_of_object_and_verb_and_the_order_of_relative_clause_and_noun=4 -|the_position_of_negative_morphemes_in_verb-initial_languages=23 OptDoubleNeg|verb-initial_with_clause-final_negative=4 -|verb-initial_with_negative_that_is_immediately_postverbal_or_between_subject_and_object=4 Suffix&OnlyWithAnotherNeg|verb-initial_with_preverbal_negative=8 Type 3 / Type 6
qch	Quiché	15.0	-91.4166666667	Mayan	Mayan	US	action_nominal_constructions=8 -|comitatives_and_instrumentals=2 Differentiation|finger_and_hand=2 Different|fixed_stress_locations=1 -|hand_and_arm=1 Identical|weight-sensitive_stress=8 -|weight_factors_in_weight-sensitive_stress_systems=1 No weight
qum	Sipakapense	15.25	-91.75	Mayan	Mayan	US	coding_of_nominal_plurality=7 Plural word|definite_articles=1 Definite word distinct from demonstrative|expression_of_pronominal_subjects=2 Subject affixes on verb|indefinite_articles=2 Indefinite word same as 'one'|minor_morphological_means_of_signaling_negation=4 -|negative_morphemes=2 Negative particle|order_of_adjective_and_noun=1 Adjective-Noun|order_of_adposition_and_noun_phrase=2 Prepositions|order_of_demonstrative_and_noun=1 Demonstrative-Noun|order_of_genitive_and_noun=2 Noun-Genitive|order_of_negative_morpheme_and_verb=1 NegV|order_of_numeral_and_noun=1 Numeral-Noun|order_of_object,_oblique,_and_verb=1 VOX|order_of_object_and_verb=2 VO|order_of_relative_clause_and_noun=1 Noun-Relative clause|order_of_subject,_object_and_verb=3 VSO|order_of_subject_and_verb=2 VS|polar_questions=1 Question particle|position_of_case_affixes=9 No case affixes or adpositional clitics|position_of_interrogative_phrases_in_content_questions=1 Initial interrogative phrase|position_of_negative_word_with_respect_to_subject,_object,_and_verb=9 NegVSO|position_of_polar_question_particles=1 Initial|position_of_pronominal_possessive_affixes=1 Possessive prefixes|position_of_tense-aspect_affixes=1 Tense-aspect prefixes|postnominal_relative_clauses=1 Noun-Relative clause (NRel) dominant|postverbal_negative_morphemes=4 None|prefixing_vs._suffixing_in_inflectional_morphology=6 Strong prefixing|preverbal_negative_morphemes=1 -|relationship_between_the_order_of_object_and_verb_and_the_order_of_adjective_and_noun=3 VO and AdjN|relationship_between_the_order_of_object_and_verb_and_the_order_of_adposition_and_noun_phrase=4 VO and Prepositions|relationship_between_the_order_of_object_and_verb_and_the_order_of_relative_clause_and_noun=4 VO and NRel|the_position_of_negative_morphemes_in_verb-initial_languages=1 NegVSO|verb-initial_with_clause-final_negative=4 No clause-final neg|verb-initial_with_negative_that_is_immediately_postverbal_or_between_subject_and_object=6 -|verb-initial_with_preverbal_negative=1 Separate word, no double negation	Position_of_negative_words_relative_to_beginning_and_end_of_clause_and_with_respect_to_adjacency_to_verb=?
ret	Retuarã	-0.5	-70.6666666667	Tucanoan	Tucanoan	US	'want'_complement_subjects=1 -|'when'_clauses=1 -|alignment_of_verbal_person_marking=2 Accusative|coding_of_evidentiality=2 Verbal affix or clitic|definite_articles=1 -|distance_contrasts_in_demonstratives=2 -|ditransitive_constructions:_the_verb_'give'=1 -|finger_and_hand=2 -|gender_distinctions_in_independent_personal_pronouns=6 -|hand_and_arm=2 -|imperative-hortative_systems=1 Maximal system|indefinite_articles=5 No definite or indefinite article|internally-headed_relative_clauses=1 -|minor_morphological_means_of_signaling_negation=4 -|negative_indefinite_pronouns_and_predicate_negation=1 -|negative_morphemes=2 -|negsov_order=4 -|nominal_and_locational_predication=1 -|nominal_and_verbal_conjunction=2 Differentiation|nonperiphrastic_causative_constructions=2 Morphological but no compound|number_of_genders=1 -|occurrence_of_nominal_plurality=3 Only human nouns, obligatory|order_of_adjective_and_noun=2 -|order_of_adposition_and_noun_phrase=2 -|order_of_demonstrative_and_noun=2 -|order_of_genitive_and_noun=1 -|order_of_negative_morpheme_and_verb=1 -|order_of_numeral_and_noun=1 -|order_of_object_and_verb=2 -|order_of_person_markers_on_the_verb=1 -|order_of_relative_clause_and_noun=1 -|order_of_subject,_object_and_verb=2 -|order_of_subject_and_verb=1 -|passive_constructions=1 -|periphrastic_causative_constructions=2 -|person_marking_on_adpositions=2 -|plurality_in_independent_personal_pronouns=4 -|polar_questions=1 Question particle|position_of_case_affixes=9 -|position_of_interrogative_phrases_in_content_questions=2 -|position_of_negative_word_with_respect_to_subject,_object,_and_verb=20 -|position_of_polar_question_particles=2 -|position_of_tense-aspect_affixes=2 -|postverbal_negative_morphemes=4 -|predicative_adjectives=1 -|preverbal_negative_morphemes=1 -|pronominal_and_adnominal_demonstratives=1 -|purpose_clauses=3 Deranked|reason_clauses=1 -|relationship_between_the_order_of_object_and_verb_and_the_order_of_adjective_and_noun=1 OV and AdjN|relationship_between_the_order_of_object_and_verb_and_the_order_of_adposition_and_noun_phrase=4 -|relationship_between_the_order_of_object_and_verb_and_the_order_of_relative_clause_and_noun=4 -|semantic_distinctions_of_evidentiality=3 Direct and indirect|sex-based_and_non-sex-based_gender_systems=2 Sex-based|snegov_order=4 -|sonegv_order=8 -|sovneg_order=11 -|systems_of_gender_assignment=1 -|the_morphological_imperative=1 -|the_position_of_negative_morphemes_in_sov_languages=6 -|the_prohibitive=2 -|third_person_pronouns_and_demonstratives=2 Related for all demonstratives|third_person_zero_of_verbal_person_marking=2 -|utterance_complement_clauses=1 Balanced|verbal_person_marking=5 -|zero_copula_for_predicate_nominals=1 -
seb	Sebei	1.33333333333	34.5833333333	Nilotic	Eastern Sudanic	US	absence_of_common_consonants=1 -|coding_of_nominal_plurality=2 -|consonant-vowel_ratio=2 Moderately low|consonant_inventories=1 Small|definite_articles=3 Definite affix|front_rounded_vowels=1 None|glottalized_consonants=1 -|lateral_consonants=2 -|order_of_adjective_and_noun=2 -|order_of_adposition_and_noun_phrase=2 -|order_of_degree_word_and_adjective=1 -|order_of_demonstrative_and_noun=2 -|order_of_genitive_and_noun=1 -|order_of_numeral_and_noun=2 Noun-Numeral|order_of_object_and_verb=2 VO|order_of_subject,_object_and_verb=3 VSO|order_of_subject_and_verb=2 VS|position_of_pronominal_possessive_affixes=2 -|presence_of_uncommon_consonants=1 -|relationship_between_the_order_of_object_and_verb_and_the_order_of_adjective_and_noun=4 VO and NAdj|relationship_between_the_order_of_object_and_verb_and_the_order_of_adposition_and_noun_phrase=4 VO and Prepositions|uvular_consonants=1 None|voicing_and_gaps_in_plosive_systems=1 Other|voicing_in_plosives_and_fricatives=4 -|vowel_quality_inventories=2 Average (5-6)
sec	Secoya	-0.333333333333	-76.0	Tucanoan	Tucanoan	US	coding_of_nominal_plurality=2 -|finger_and_hand=2 Different|hand_and_arm=2 -|order_of_adjective_and_noun=1 Adjective-Noun|order_of_demonstrative_and_noun=1 Demonstrative-Noun|order_of_genitive_and_noun=1 Genitive-Noun|order_of_numeral_and_noun=1 -
shl	Shilluk	9.66666666667	31.75	Nilotic	Eastern Sudanic	US	coding_of_nominal_plurality=2 Plural suffix|finger_and_hand=2 -|hand_and_arm=2 -|imperative-hortative_systems=4 Neither type of system|minor_morphological_means_of_signaling_negation=4 None|negative_morphemes=2 -|negsvo_order=4 -|nominal_and_locational_predication=1 -|order_of_adjective_and_noun=2 -|order_of_adposition_and_noun_phrase=2 Prepositions|order_of_adverbial_subordinator_and_clause=1 -|order_of_genitive_and_noun=2 Noun-Genitive|order_of_negative_morpheme_and_verb=1 -|order_of_numeral_and_noun=2 Noun-Numeral|order_of_object_and_verb=2 -|order_of_subject,_object_and_verb=2 SVO|order_of_subject_and_verb=1 -|polar_questions=1 -|position_of_case_affixes=3 Case tone|position_of_interrogative_phrases_in_content_questions=2 Not initial interrogative phrase|position_of_negative_word_with_respect_to_subject,_object,_and_verb=2 SNegVO|position_of_negative_words_relative_to_beginning_and_end_of_clause_and_with_respect_to_adjacency_to_verb=3 Immed preverbal|position_of_polar_question_particles=6 No question particle|position_of_pronominal_possessive_affixes=2 Possessive suffixes|position_of_tense-aspect_affixes=2 -|postverbal_negative_morphemes=4 None|predicative_adjectives=1 -|prefixing_vs._suffixing_in_inflectional_morphology=2 -|preverbal_negative_morphemes=1 NegV|relationship_between_the_order_of_object_and_verb_and_the_order_of_adjective_and_noun=4 VO and NAdj|relationship_between_the_order_of_object_and_verb_and_the_order_of_adposition_and_noun_phrase=4 VO and Prepositions|snegvo_order=1 -|svnego_order=7 No SVNegO|svoneg_order=4 -|the_morphological_imperative=1 -|the_optative=2 -|the_position_of_negative_morphemes_in_svo_languages=2 -|the_prohibitive=2 -|zero_copula_for_predicate_nominals=2 Possible
sin	Siona	0.333333333333	-76.25	Tucanoan	Tucanoan	US	absence_of_common_consonants=1 All present|coding_of_evidentiality=1 -|coding_of_nominal_plurality=2 Plural suffix|consonant-vowel_ratio=3 -|consonant_inventories=3 -|finger_and_hand=2 -|front_rounded_vowels=1 None|glottalized_consonants=1 -|hand_and_arm=1 Identical|lateral_consonants=2 -|minor_morphological_means_of_signaling_negation=4 -|negative_morphemes=2 -|numeral_classifiers=1 -|order_of_adjective_and_noun=2 -|order_of_demonstrative_and_noun=2 -|order_of_genitive_and_noun=1 -|order_of_negative_morpheme_and_verb=1 -|order_of_numeral_and_noun=1 -|order_of_object_and_verb=2 -|order_of_subject_and_verb=1 SV|position_of_case_affixes=9 -|position_of_negative_word_with_respect_to_subject,_object,_and_verb=20 MorphNeg|position_of_tense-aspect_affixes=2 -|postverbal_negative_morphemes=4 -|predicative_possession=5 -|prefixing_vs._suffixing_in_inflectional_morphology=2 -|presence_of_uncommon_consonants=1 -|preverbal_negative_morphemes=1 -|relationship_between_the_order_of_object_and_verb_and_the_order_of_adjective_and_noun=4 -|semantic_distinctions_of_evidentiality=2 -|the_position_of_negative_morphemes_in_sov_languages=21 SV&OV&[V-Neg]|uvular_consonants=1 -|voicing_and_gaps_in_plosive_systems=2 -|voicing_in_plosives_and_fricatives=4 -|vowel_quality_inventories=2 -
sro	Siroi	-5.5	146.0	Madang	Trans-New Guinea	US	coding_of_nominal_plurality=2 -|definite_articles=1 -|expression_of_pronominal_subjects=2 Subject affixes on verb|fixed_stress_locations=1 -|indefinite_articles=5 -|minor_morphological_means_of_signaling_negation=4 None|negative_morphemes=3 Negative auxiliary verb|negsov_order=4 -|nominal_and_locational_predication=1 -|order_of_adjective_and_noun=2 -|order_of_adposition_and_noun_phrase=2 -|order_of_adverbial_subordinator_and_clause=2 Final subordinator word|order_of_degree_word_and_adjective=2 Adjective-Degree word|order_of_demonstrative_and_noun=2 Noun-Demonstrative|order_of_genitive_and_noun=1 -|order_of_negative_morpheme_and_verb=1 -|order_of_numeral_and_noun=1 -|order_of_object_and_verb=2 -|order_of_relative_clause_and_noun=1 -|order_of_subject,_object_and_verb=1 SOV|order_of_subject_and_verb=1 -|polar_questions=1 -|position_of_case_affixes=9 -|position_of_interrogative_phrases_in_content_questions=2 Not initial interrogative phrase|position_of_negative_word_with_respect_to_subject,_object,_and_verb=20 -|position_of_negative_words_relative_to_beginning_and_end_of_clause_and_with_respect_to_adjacency_to_verb=3 -|position_of_polar_question_particles=2 Final|position_of_pronominal_possessive_affixes=2 -|position_of_tense-aspect_affixes=2 -|postnominal_relative_clauses=1 Noun-Relative clause (NRel) dominant|postverbal_negative_morphemes=4 -|predicative_adjectives=1 -|prefixing_vs._suffixing_in_inflectional_morphology=2 Strongly suffixing|preverbal_negative_morphemes=1 -|reduplication=1 Productive full and partial reduplication|relationship_between_the_order_of_object_and_verb_and_the_order_of_adjective_and_noun=2 OV and NAdj|relationship_between_the_order_of_object_and_verb_and_the_order_of_adposition_and_noun_phrase=4 -|relationship_between_the_order_of_object_and_verb_and_the_order_of_relative_clause_and_noun=4 -|snegov_order=4 -|sonegv_order=8 -|sovneg_order=1 Word&NoDoubleNeg|the_position_of_negative_morphemes_in_sov_languages=6 -|weight-sensitive_stress=8 -|weight_factors_in_weight-sensitive_stress_systems=1 -|zero_copula_for_predicate_nominals=2 Possible
tau	Tauya	-5.75	145.333333333	Madang	Trans-New Guinea	US	'want'_complement_subjects=1 -|alignment_of_verbal_person_marking=2 -|antipassive_constructions=3 -|coding_of_evidentiality=1 -|coding_of_nominal_plurality=9 No plural|comitatives_and_instrumentals=2 Differentiation|definite_articles=1 -|distance_contrasts_in_demonstratives=2 Two-way contrast|ditransitive_constructions:_the_verb_'give'=3 Secondary-object construction|expression_of_pronominal_subjects=2 Subject affixes on verb|gender_distinctions_in_independent_personal_pronouns=6 No gender distinctions|indefinite_articles=5 -|locus_of_marking:_whole-language_typology=5 Inconsistent or other|locus_of_marking_in_possessive_noun_phrases=2 Dependent marking|locus_of_marking_in_the_clause=1 -|m-t_pronouns=1 -|m_in_first_person_singular=1 No m in first person singular|m_in_second_person_singular=1 No m in second person singular|minor_morphological_means_of_signaling_negation=4 None|n-m_pronouns=1 No N-M pronouns|negative_morphemes=2 -|negsov_order=4 No NegSOV|nominal_and_verbal_conjunction=2 Differentiation|number_of_possessive_nouns=1 -|obligatory_possessive_inflection=2 -|occurrence_of_nominal_plurality=6 -|order_of_adjective_and_noun=2 Noun-Adjective|order_of_adposition_and_noun_phrase=1 Postpositions|order_of_adverbial_subordinator_and_clause=5 Mixed|order_of_demonstrative_and_noun=1 Demonstrative-Noun|order_of_genitive_and_noun=1 Genitive-Noun|order_of_negative_morpheme_and_verb=1 -|order_of_numeral_and_noun=2 Noun-Numeral|order_of_object_and_verb=2 -|order_of_person_markers_on_the_verb=3 P precedes A|order_of_relative_clause_and_noun=1 -|order_of_subject,_object_and_verb=1 SOV|order_of_subject_and_verb=1 SV|ordinal_numerals=1 None|passive_constructions=2 Absent|person_marking_on_adpositions=2 -|polar_questions=1 Question particle|position_of_case_affixes=9 -|position_of_interrogative_phrases_in_content_questions=2 -|position_of_negative_word_with_respect_to_subject,_object,_and_verb=20 -|position_of_negative_words_relative_to_beginning_and_end_of_clause_and_with_respect_to_adjacency_to_verb=3 -|position_of_polar_question_particles=2 Final|position_of_pronominal_possessive_affixes=1 Possessive prefixes|position_of_tense-aspect_affixes=2 -|possessive_classification=2 Two classes|postnominal_relative_clauses=1 -|postverbal_negative_morphemes=4 -|prefixing_vs._suffixing_in_inflectional_morphology=3 Weakly suffixing|prenominal_relative_clauses=2 RelN or NRel|preverbal_negative_morphemes=1 -|productivity_of_the_antipassive_construction=4 no antipassive|pronominal_and_adnominal_demonstratives=3 Different inflection|relationship_between_the_order_of_object_and_verb_and_the_order_of_adjective_and_noun=4 -|relationship_between_the_order_of_object_and_verb_and_the_order_of_adposition_and_noun_phrase=4 -|relationship_between_the_order_of_object_and_verb_and_the_order_of_relative_clause_and_noun=5 Other|semantic_distinctions_of_evidentiality=1 No grammatical evidentials|snegov_order=4 No SNegOV|sonegv_order=1 Word&NoDoubleNeg|sovneg_order=11 NoSOVNeg|subtypes_of_asymmetric_standard_negation=7 Non-assignable|symmetric_and_asymmetric_standard_negation=3 -|the_morphological_imperative=1 Second singular and second plural|the_position_of_negative_morphemes_in_sov_languages=3 SONegV|the_prohibitive=2 -|third_person_pronouns_and_demonstratives=1 Unrelated|third_person_zero_of_verbal_person_marking=2 -|verbal_person_marking=5 Both the A and P arguments|zero_marking_of_a_and_p_arguments=2 -
tes	Teso	1.83333333333	33.8333333333	Nilotic	Eastern Sudanic	US	coding_of_nominal_plurality=6 Mixed morphological plural|definite_articles=1 -|expression_of_pronominal_subjects=2 -|indefinite_articles=5 No definite or indefinite article|languages_with_different_word_order_in_negative_clauses=2 -|minor_morphological_means_of_signaling_negation=4 None|negative_morphemes=2 -|negsvo_order=4 -|nominal_and_locational_predication=1 Different|order_of_adjective_and_noun=2 Noun-Adjective|order_of_adposition_and_noun_phrase=2 Prepositions|order_of_adverbial_subordinator_and_clause=1 -|order_of_demonstrative_and_noun=2 Noun-Demonstrative|order_of_genitive_and_noun=2 Noun-Genitive|order_of_negative_morpheme_and_verb=1 NegV|order_of_numeral_and_noun=1 -|order_of_object_and_verb=2 VO|order_of_relative_clause_and_noun=1 Noun-Relative clause|order_of_subject,_object_and_verb=2 -|order_of_subject_and_verb=1 -|position_of_case_affixes=9 -|position_of_interrogative_phrases_in_content_questions=2 -|position_of_negative_word_with_respect_to_subject,_object,_and_verb=1 NegSVO|position_of_negative_words_relative_to_beginning_and_end_of_clause_and_with_respect_to_adjacency_to_verb=1 Beginning, not immed preverbal|position_of_pronominal_possessive_affixes=2 -|position_of_tense-aspect_affixes=2 -|postnominal_relative_clauses=1 -|postverbal_negative_morphemes=4 -|predicative_adjectives=1 -|prefixing_vs._suffixing_in_inflectional_morphology=2 -|preverbal_negative_morphemes=1 -|relationship_between_the_order_of_object_and_verb_and_the_order_of_adjective_and_noun=4 VO and NAdj|relationship_between_the_order_of_object_and_verb_and_the_order_of_adposition_and_noun_phrase=4 VO and Prepositions|relationship_between_the_order_of_object_and_verb_and_the_order_of_relative_clause_and_noun=4 -|relativization_on_subjects=4 Gap|snegvo_order=1 -|svnego_order=7 No SVNegO|svoneg_order=4 -|the_position_of_negative_morphemes_in_svo_languages=2 -|zero_copula_for_predicate_nominals=1 Impossible
thn	Thangmi	27.75	86.0	Mahakiranti	Sino-Tibetan	US	coding_of_nominal_plurality=2 -|minor_morphological_means_of_signaling_negation=4 None|negative_morphemes=1 Negative affix|negsov_order=4 -|order_of_adjective_and_noun=1 Adjective-Noun|order_of_adposition_and_noun_phrase=2 -|order_of_demonstrative_and_noun=2 -|order_of_genitive_and_noun=1 Genitive-Noun|order_of_negative_morpheme_and_verb=1 -|order_of_numeral_and_noun=1 -|order_of_object_and_verb=1 OV|order_of_subject,_object_and_verb=1 SOV|order_of_subject_and_verb=1 -|position_of_case_affixes=1 Case suffixes|position_of_negative_word_with_respect_to_subject,_object,_and_verb=20 MorphNeg|position_of_tense-aspect_affixes=2 Tense-aspect suffixes|postverbal_negative_morphemes=4 -|prefixing_vs._suffixing_in_inflectional_morphology=2 -|preverbal_negative_morphemes=2 [Neg-V]|relationship_between_the_order_of_object_and_verb_and_the_order_of_adjective_and_noun=1 OV and AdjN|relationship_between_the_order_of_object_and_verb_and_the_order_of_adposition_and_noun_phrase=4 -|snegov_order=4 -|sonegv_order=2 Prefix&NoDoubleNeg|sovneg_order=11 -|the_position_of_negative_morphemes_in_sov_languages=5 SO[Neg-V]
thu	Thulung	27.4166666667	86.5	Mahakiranti	Sino-Tibetan	US	coding_of_nominal_plurality=2 -|minor_morphological_means_of_signaling_negation=4 -|negative_morphemes=2 -|negsov_order=4 No NegSOV|obligatory_double_negation=1 -|obligatory_double_negation_in_sov_languages=6 -|order_of_adjective_and_noun=2 -|order_of_adposition_and_noun_phrase=2 -|order_of_demonstrative_and_noun=2 -|order_of_genitive_and_noun=1 -|order_of_negative_morpheme_and_verb=1 -|order_of_numeral_and_noun=1 -|order_of_object_and_verb=2 -|order_of_relative_clause_and_noun=2 Relative clause-Noun|order_of_subject,_object_and_verb=2 -|order_of_subject_and_verb=1 -|position_of_case_affixes=9 -|position_of_negative_word_with_respect_to_subject,_object,_and_verb=20 -|position_of_negative_words_relative_to_beginning_and_end_of_clause_and_with_respect_to_adjacency_to_verb=3 Immed preverbal|position_of_tense-aspect_affixes=2 -|postverbal_negative_morphemes=2 [V-Neg]|prenominal_relative_clauses=1 Relative clause-Noun (RelN) dominant|preverbal_negative_morphemes=1 -|relationship_between_the_order_of_object_and_verb_and_the_order_of_adjective_and_noun=4 -|relationship_between_the_order_of_object_and_verb_and_the_order_of_adposition_and_noun_phrase=4 -|relationship_between_the_order_of_object_and_verb_and_the_order_of_relative_clause_and_noun=1 OV and RelN|snegov_order=4 -|sonegv_order=8 -|sovneg_order=11 -|the_position_of_negative_morphemes_in_sov_languages=6 -
thy	Kuuk Thaayorre	-14.5833333333	141.833333333	Northern Pama-Nyungan	Pama-Nyungan	US	coding_of_nominal_plurality=2 -|definite_articles=5 No definite or indefinite article|expression_of_pronominal_subjects=2 -|indefinite_articles=5 -|minor_morphological_means_of_signaling_negation=4 None|negative_morphemes=2 -|negsov_order=4 -|order_of_adjective_and_noun=2 Noun-Adjective|order_of_adposition_and_noun_phrase=3 Inpositions|order_of_adverbial_subordinator_and_clause=1 Initial subordinator word|order_of_degree_word_and_adjective=3 No dominant order|order_of_demonstrative_and_noun=2 -|order_of_genitive_and_noun=2 Noun-Genitive|order_of_negative_morpheme_and_verb=1 NegV|order_of_numeral_and_noun=1 -|order_of_object_and_verb=1 OV|order_of_relative_clause_and_noun=1 Noun-Relative clause|order_of_subject,_object_and_verb=2 -|order_of_subject_and_verb=1 -|polar_questions=6 Interrogative intonation only|position_of_case_affixes=8 Inpositional clitics|position_of_interrogative_phrases_in_content_questions=2 -|position_of_negative_word_with_respect_to_subject,_object,_and_verb=20 -|position_of_negative_words_relative_to_beginning_and_end_of_clause_and_with_respect_to_adjacency_to_verb=3 Immed preverbal|position_of_polar_question_particles=2 -|position_of_pronominal_possessive_affixes=4 No possessive affixes|position_of_tense-aspect_affixes=2 Tense-aspect suffixes|postnominal_relative_clauses=1 -|postverbal_negative_morphemes=4 None|prefixing_vs._suffixing_in_inflectional_morphology=2 -|preverbal_negative_morphemes=1 -|relationship_between_the_order_of_object_and_verb_and_the_order_of_adjective_and_noun=4 -|relationship_between_the_order_of_object_and_verb_and_the_order_of_adposition_and_noun_phrase=4 -|relationship_between_the_order_of_object_and_verb_and_the_order_of_relative_clause_and_noun=4 -|snegov_order=4 -|sonegv_order=8 -|sovneg_order=11 NoSOVNeg|the_position_of_negative_morphemes_in_sov_languages=6 -
tna	Turkana	3.0	35.5	Nilotic	Eastern Sudanic	US	alignment_of_verbal_person_marking=6 Split|asymmetrical_case-marking=4 Subtractive-quantitatively asymmetrical|coding_of_nominal_plurality=6 Mixed morphological plural|definite_articles=5 No definite or indefinite article|distance_contrasts_in_demonstratives=2 Two-way contrast|ditransitive_constructions:_the_verb_'give'=2 Double-object construction|expression_of_pronominal_subjects=2 Subject affixes on verb|finger_and_hand=2 Different|gender_distinctions_in_independent_personal_pronouns=6 No gender distinctions|hand_and_arm=1 Identical|indefinite_articles=5 No definite or indefinite article|intensifiers_and_reflexive_pronouns=1 Identical|minor_morphological_means_of_signaling_negation=4 -|negative_morphemes=1 Negative affix|nominal_and_locational_predication=1 Different|nonperiphrastic_causative_constructions=2 Morphological but no compound|noun_phrase_conjunction=2 'And' identical to 'with'|number_of_cases=6 6-7 cases|order_of_adjective_and_noun=2 Noun-Adjective|order_of_adposition_and_noun_phrase=2 Prepositions|order_of_adverbial_subordinator_and_clause=1 Initial subordinator word|order_of_demonstrative_and_noun=2 Noun-Demonstrative|order_of_genitive_and_noun=2 Noun-Genitive|order_of_negative_morpheme_and_verb=3 [Neg-V]|order_of_numeral_and_noun=2 Noun-Numeral|order_of_object,_oblique,_and_verb=1 VOX|order_of_object_and_verb=2 VO|order_of_person_markers_on_the_verb=3 P precedes A|order_of_relative_clause_and_noun=1 Noun-Relative clause|order_of_subject,_object_and_verb=3 VSO|order_of_subject_and_verb=2 VS|ordinal_numerals=6 First, two-th, three-th|passive_constructions=1 Present|periphrastic_causative_constructions=1 Sequential but no purposive|person_marking_on_adpositions=2 No person marking|polar_questions=1 Question particle|position_of_case_affixes=5 Mixed morphological case|position_of_interrogative_phrases_in_content_questions=2 Not initial interrogative phrase|position_of_negative_word_with_respect_to_subject,_object,_and_verb=20 MorphNeg|position_of_polar_question_particles=2 Final|position_of_tense-aspect_affixes=1 Tense-aspect prefixes|postnominal_relative_clauses=1 Noun-Relative clause (NRel) dominant|postverbal_negative_morphemes=4 None|predicative_adjectives=1 Verbal encoding|predicative_possession=3 Topic|prefixing_vs._suffixing_in_inflectional_morphology=6 Strong prefixing|relationship_between_the_order_of_object_and_verb_and_the_order_of_adjective_and_noun=4 VO and NAdj|relationship_between_the_order_of_object_and_verb_and_the_order_of_adposition_and_noun_phrase=4 VO and Prepositions|relationship_between_the_order_of_object_and_verb_and_the_order_of_relative_clause_and_noun=4 VO and NRel|suppletion_according_to_tense_and_aspect=1 Tense|suppletion_in_imperatives_and_hortatives=5 -|the_morphological_imperative=1 Second singular and second plural|the_position_of_negative_morphemes_in_verb-initial_languages=1 -|the_prohibitive=3 Special imperative + normal negative|third_person_pronouns_and_demonstratives=1 Unrelated|third_person_zero_of_verbal_person_marking=2 No zero realization|verb-initial_with_clause-final_negative=4 No clause-final neg|verb-initial_with_negative_that_is_immediately_postverbal_or_between_subject_and_object=6 -|verb-initial_with_preverbal_negative=2 Prefix, no double negation	Preverbal_Negative_Morphemes=2 [Neg-V]|verbal_number_and_suppletion=1 None|verbal_person_marking=5 Both the A and P arguments|zero_copula_for_predicate_nominals=2 Possible
toj	Tojolabal	16.3333333333	-91.5	Mayan	Mayan	US	finger_and_hand=2 Different|hand_and_arm=2 -|ordinal_numerals=6 -|perfective/imperfective_aspect=2 -|reduplication=1 Productive full and partial reduplication|the_future_tense=2 -|the_past_tense=4 -|the_perfect=3 Other perfect
tuc	Tucano	0.5	-69.1666666667	Tucanoan	Tucanoan	US	coding_of_evidentiality=3 Part of the tense system|coding_of_nominal_plurality=2 Plural suffix|definite_articles=1 -|finger_and_hand=2 Different|green_and_blue=2 -|hand_and_arm=1 Identical|indefinite_articles=5 No definite or indefinite article|minor_morphological_means_of_signaling_negation=4 None|negative_morphemes=1 Negative affix|number_of_basic_colour_categories=2 4.5-5.5|number_of_non-derived_basic_colour_categories=5 5|numeral_classifiers=2 Optional|order_of_adjective_and_noun=2 -|order_of_adposition_and_noun_phrase=1 Postpositions|order_of_adverbial_subordinator_and_clause=1 -|order_of_demonstrative_and_noun=2 -|order_of_negative_morpheme_and_verb=4 [V-Neg]|order_of_numeral_and_noun=1 -|order_of_object,_oblique,_and_verb=6 No dominant order|order_of_object_and_verb=1 OV|order_of_relative_clause_and_noun=2 Relative clause-Noun|order_of_subject_and_verb=1 -|perfective/imperfective_aspect=2 No grammatical marking|polar_questions=2 Interrogative verb morphology|position_of_case_affixes=6 Postpositional clitics|position_of_negative_word_with_respect_to_subject,_object,_and_verb=20 -|position_of_polar_question_particles=6 No question particle|position_of_tense-aspect_affixes=2 Tense-aspect suffixes|postverbal_negative_morphemes=4 -|prefixing_vs._suffixing_in_inflectional_morphology=2 Strongly suffixing|prenominal_relative_clauses=1 Relative clause-Noun (RelN) dominant|preverbal_negative_morphemes=4 None|reciprocal_constructions=2 Distinct from reflexive|red_and_yellow=2 Red/yellow|relationship_between_the_order_of_object_and_verb_and_the_order_of_adjective_and_noun=5 Other|relationship_between_the_order_of_object_and_verb_and_the_order_of_adposition_and_noun_phrase=1 OV and Postpositions|relationship_between_the_order_of_object_and_verb_and_the_order_of_relative_clause_and_noun=1 OV and RelN|semantic_distinctions_of_evidentiality=3 Direct and indirect|the_associative_plural=1 Associative same as additive plural|the_future_tense=1 Inflectional future exists|the_past_tense=2 Present, 2-3 remoteness distinctions|the_perfect=3 Other perfect|the_position_of_negative_morphemes_in_sov_languages=21 SV&OV&[V-Neg]
tuy	Tuyuca	0.5	-70.0833333333	Tucanoan	Tucanoan	US	coding_of_evidentiality=1 -|finger_and_hand=2 Different|hand_and_arm=2 Different|minor_morphological_means_of_signaling_negation=4 None|negative_morphemes=2 -|negsov_order=4 -|numeral_classifiers=1 -|order_of_adposition_and_noun_phrase=1 Postpositions|order_of_demonstrative_and_noun=1 Demonstrative-Noun|order_of_negative_morpheme_and_verb=4 [V-Neg]|order_of_numeral_and_noun=1 Numeral-Noun|order_of_object_and_verb=1 OV|order_of_subject,_object_and_verb=1 SOV|order_of_subject_and_verb=1 -|polar_questions=2 Interrogative verb morphology|position_of_case_affixes=6 Postpositional clitics|position_of_negative_word_with_respect_to_subject,_object,_and_verb=20 MorphNeg|position_of_polar_question_particles=6 No question particle|postverbal_negative_morphemes=4 -|preverbal_negative_morphemes=4 None|relationship_between_the_order_of_object_and_verb_and_the_order_of_adposition_and_noun_phrase=1 OV and Postpositions|semantic_distinctions_of_evidentiality=3 Direct and indirect|snegov_order=4 -|sonegv_order=8 No SONegV|sovneg_order=2 Suffix&NoDoubleNeg|subtypes_of_asymmetric_standard_negation=7 -|symmetric_and_asymmetric_standard_negation=1 Symmetric|the_position_of_negative_morphemes_in_sov_languages=6 SO[V-Neg]|the_prohibitive=3 Special imperative + normal negative
tza	Tzeltal (Aguacatenango)	16.4166666667	-92.5	Mayan	Mayan	US	absence_of_common_consonants=1 All present|consonant-vowel_ratio=4 Moderately high|consonant_inventories=3 Average|front_rounded_vowels=1 None|glottalized_consonants=2 Ejectives only|lateral_consonants=2 /l/, no obstruent laterals|presence_of_uncommon_consonants=1 -|syllable_structure=2 -|tone=1 -|uvular_consonants=1 None|voicing_and_gaps_in_plosive_systems=2 None missing in /p t k b d g/|voicing_in_plosives_and_fricatives=4 -|vowel_quality_inventories=2 -
tzo	Tzotzil	16.5	-92.6666666667	Mayan	Mayan	US	coding_of_evidentiality=4 Separate particle|coding_of_nominal_plurality=2 Plural suffix|imperative-hortative_systems=1 Maximal system|minor_morphological_means_of_signaling_negation=4 -|negative_morphemes=2 Negative particle|nominal_and_locational_predication=1 Different|nonperiphrastic_causative_constructions=2 Morphological but no compound|order_of_adposition_and_noun_phrase=2 Prepositions|order_of_adverbial_subordinator_and_clause=1 Initial subordinator word|order_of_genitive_and_noun=2 Noun-Genitive|order_of_negative_morpheme_and_verb=1 -|order_of_object,_oblique,_and_verb=1 VOX|order_of_object_and_verb=2 VO|order_of_subject,_object_and_verb=4 VOS|order_of_subject_and_verb=2 VS|ordinal_numerals=6 First, two-th, three-th|periphrastic_causative_constructions=2 Purposive but no sequential|polar_questions=1 Question particle|position_of_negative_word_with_respect_to_subject,_object,_and_verb=12 NegVOS|position_of_polar_question_particles=1 Initial|position_of_pronominal_possessive_affixes=1 Possessive prefixes|position_of_tense-aspect_affixes=4 Mixed type|postverbal_negative_morphemes=4 None|predicative_adjectives=1 Verbal encoding|prefixing_vs._suffixing_in_inflectional_morphology=4 Equal prefixing and suffixing|preverbal_negative_morphemes=1 NegV|reduplication=1 Productive full and partial reduplication|relationship_between_the_order_of_object_and_verb_and_the_order_of_adposition_and_noun_phrase=4 VO and Prepositions|semantic_distinctions_of_evidentiality=2 Indirect only|the_morphological_imperative=1 Second singular and second plural|the_position_of_negative_morphemes_in_verb-initial_languages=1 -|verb-initial_with_clause-final_negative=4 No clause-final neg|verb-initial_with_negative_that_is_immediately_postverbal_or_between_subject_and_object=6 -|verb-initial_with_preverbal_negative=1 Separate word, no double negation	Position_of_negative_words_relative_to_beginning_and_end_of_clause_and_with_respect_to_adjacency_to_verb=3 Immed preverbal|zero_copula_for_predicate_nominals=1 Impossible
tzu	Tzutujil	14.6666666667	-91.3333333333	Mayan	Mayan	US	'want'_complement_subjects=2 Subject is expressed overtly|'when'_clauses=1 Balanced|alignment_of_verbal_person_marking=3 Ergative|antipassive_constructions=2 Oblique patient|coding_of_evidentiality=4 Separate particle|coding_of_nominal_plurality=7 Plural word|definite_articles=1 Definite word distinct from demonstrative|distance_contrasts_in_demonstratives=3 Three-way contrast|ditransitive_constructions:_the_verb_'give'=1 Indirect-object construction|gender_distinctions_in_independent_personal_pronouns=6 No gender distinctions|imperative-hortative_systems=1 Maximal system|indefinite_articles=1 Indefinite word distinct from 'one'|languages_with_two_dominant_orders_of_subject,_object,_and_verb=1 -|m-t_pronouns=1 No M-T pronouns|m_in_first_person_singular=1 No m in first person singular|m_in_second_person_singular=1 No m in second person singular|minor_morphological_means_of_signaling_negation=4 -|multiple_negative_constructions_in_svo_languages=13 SNegVO/NegVOS|n-m_pronouns=1 No N-M pronouns|negative_indefinite_pronouns_and_predicate_negation=2 No predicate negation|negative_morphemes=2 Negative particle|negsvo_order=4 -|nominal_and_locational_predication=1 Different|nominal_and_verbal_conjunction=1 Identity|noun_phrase_conjunction=2 'And' identical to 'with'|obligatory_possessive_inflection=1 Exists|occurrence_of_nominal_plurality=6 All nouns, always obligatory|order_of_adjective_and_noun=3 No dominant order|order_of_adposition_and_noun_phrase=2 Prepositions|order_of_adverbial_subordinator_and_clause=1 Initial subordinator word|order_of_degree_word_and_adjective=3 No dominant order|order_of_demonstrative_and_noun=6 Mixed|order_of_genitive_and_noun=2 Noun-Genitive|order_of_negative_morpheme_and_verb=1 NegV|order_of_numeral_and_noun=1 Numeral-Noun|order_of_object,_oblique,_and_verb=1 VOX|order_of_object_and_verb=2 VO|order_of_person_markers_on_the_verb=3 P precedes A|order_of_relative_clause_and_noun=1 Noun-Relative clause|order_of_subject,_object_and_verb=7 No dominant order|order_of_subject_and_verb=3 No dominant order|passive_constructions=1 Present|person_marking_on_adpositions=4 Pronouns and nouns|polar_questions=1 Question particle|position_of_case_affixes=9 No case affixes or adpositional clitics|position_of_interrogative_phrases_in_content_questions=1 Initial interrogative phrase|position_of_negative_word_with_respect_to_subject,_object,_and_verb=16 More than one position|position_of_negative_words_relative_to_beginning_and_end_of_clause_and_with_respect_to_adjacency_to_verb=3 -|position_of_polar_question_particles=1 Initial|position_of_pronominal_possessive_affixes=1 Possessive prefixes|position_of_tense-aspect_affixes=4 Mixed type|possessive_classification=3 Three to five classes|postnominal_relative_clauses=1 Noun-Relative clause (NRel) dominant|postverbal_negative_morphemes=4 None|predicative_adjectives=1 Verbal encoding|predicative_possession=3 Topic|prefixing_vs._suffixing_in_inflectional_morphology=6 Strong prefixing|preverbal_negative_morphemes=1 NegV|productivity_of_the_antipassive_construction=4 -|pronominal_and_adnominal_demonstratives=1 Identical|purpose_clauses=3 Deranked|reason_clauses=1 Balanced|relationship_between_the_order_of_object_and_verb_and_the_order_of_adjective_and_noun=5 Other|relationship_between_the_order_of_object_and_verb_and_the_order_of_adposition_and_noun_phrase=4 VO and Prepositions|relationship_between_the_order_of_object_and_verb_and_the_order_of_relative_clause_and_noun=4 VO and NRel|semantic_distinctions_of_evidentiality=2 Indirect only|svnego_order=7 No SVNegO|svoneg_order=4 -|the_morphological_imperative=1 Second singular and second plural|the_optative=2 Inflectional optative absent|the_position_of_negative_morphemes_in_svo_languages=13 More than one construction|the_position_of_negative_morphemes_in_verb-initial_languages=1 -|third_person_pronouns_and_demonstratives=2 Related for all demonstratives|third_person_zero_of_verbal_person_marking=4 Zero in all 3sg forms|utterance_complement_clauses=1 Balanced|verb-initial_with_clause-final_negative=4 No clause-final neg|verb-initial_with_negative_that_is_immediately_postverbal_or_between_subject_and_object=6 -|verb-initial_with_preverbal_negative=1 Separate word, no double negation	SNegVO_Order=?|verbal_person_marking=5 Both the A and P arguments|zero_copula_for_predicate_nominals=1 Impossible
uhi	Uradhi	-11.9166666667	142.416666667	Northern Pama-Nyungan	Pama-Nyungan	US	alignment_of_verbal_person_marking=2 -|coding_of_evidentiality=1 -|comitatives_and_instrumentals=2 -|expression_of_pronominal_subjects=1 Obligatory pronouns in subject position|finger_and_hand=2 -|fixed_stress_locations=1 -|gender_distinctions_in_independent_personal_pronouns=6 No gender distinctions|hand_and_arm=2 Different|inclusive/exclusive_forms_in_pama-nyungan=2 -|locus_of_marking:_whole-language_typology=5 -|locus_of_marking_in_possessive_noun_phrases=2 -|locus_of_marking_in_the_clause=1 -|m-t_pronouns=1 -|m_in_first_person_singular=1 -|m_in_second_person_singular=1 -|n-m_pronouns=1 -|nominal_and_locational_predication=1 -|nonperiphrastic_causative_constructions=2 -|number_of_genders=1 -|number_of_possessive_nouns=1 -|numeral_classifiers=1 -|obligatory_possessive_inflection=2 -|order_of_adjective_and_noun=2 -|order_of_demonstrative_and_noun=2 -|order_of_genitive_and_noun=1 -|order_of_object_and_verb=1 OV|order_of_person_markers_on_the_verb=1 -|order_of_subject,_object_and_verb=2 -|order_of_subject_and_verb=1 -|passive_constructions=1 -|person_marking_on_adpositions=1 No adpositions|plurality_in_independent_personal_pronouns=4 -|position_of_case_affixes=9 -|position_of_interrogative_phrases_in_content_questions=2 Not initial interrogative phrase|position_of_pronominal_possessive_affixes=2 -|position_of_tense-aspect_affixes=2 -|possessive_classification=1 -|predicative_adjectives=2 Nonverbal encoding|prefixing_vs._suffixing_in_inflectional_morphology=2 -|reduplication=1 -|relationship_between_the_order_of_object_and_verb_and_the_order_of_adjective_and_noun=4 -|semantic_distinctions_of_evidentiality=1 No grammatical evidentials|sex-based_and_non-sex-based_gender_systems=1 -|systems_of_gender_assignment=1 -|third_person_zero_of_verbal_person_marking=1 No person marking|verbal_person_marking=5 -|weight-sensitive_stress=8 -|weight_factors_in_weight-sensitive_stress_systems=1 No weight|zero_copula_for_predicate_nominals=1 -|zero_marking_of_a_and_p_arguments=2 -
usa	Usan	-4.83333333333	145.166666667	Madang	Trans-New Guinea	US	absence_of_common_consonants=1 All present|alignment_of_case_marking_of_full_noun_phrases=1 Neutral|alignment_of_case_marking_of_pronouns=1 -|alignment_of_verbal_person_marking=2 -|antipassive_constructions=3 -|applicative_constructions=8 -|asymmetrical_case-marking=1 -|case_syncretism=1 No case marking|coding_of_evidentiality=1 No grammatical evidentials|consonant-vowel_ratio=3 -|consonant_inventories=1 Small|definite_articles=2 Demonstrative word used as definite article|ditransitive_constructions:_the_verb_'give'=3 Secondary-object construction|epistemic_possibility=2 Affixes on verbs|expression_of_pronominal_subjects=2 Subject affixes on verb|fixed_stress_locations=1 No fixed stress|front_rounded_vowels=1 None|gender_distinctions_in_independent_personal_pronouns=6 No gender distinctions|glottalized_consonants=1 No glottalized consonants|inclusive/exclusive_distinction_in_independent_pronouns=3 No inclusive/exclusive|inclusive/exclusive_distinction_in_verbal_inflection=1 -|indefinite_pronouns=2 Generic-noun-based|intensifiers_and_reflexive_pronouns=2 Differentiated|lateral_consonants=2 -|locus_of_marking:_whole-language_typology=1 Head-marking|locus_of_marking_in_possessive_noun_phrases=1 Head marking|locus_of_marking_in_the_clause=1 Head marking|m-t_pronouns=2 M-T pronouns, paradigmatic|m_in_first_person_singular=1 -|m_in_second_person_singular=1 No m in second person singular|minor_morphological_means_of_signaling_negation=4 None|n-m_pronouns=1 -|negative_morphemes=2 Negative particle|negsov_order=4 No NegSOV|nominal_and_locational_predication=2 Identical|nominal_and_verbal_conjunction=1 -|nonperiphrastic_causative_constructions=2 Morphological but no compound|noun_phrase_conjunction=1 'And' different from 'with'|number_of_cases=1 -|number_of_genders=1 None|occurrence_of_nominal_plurality=1 No nominal plural|order_of_adjective_and_noun=2 Noun-Adjective|order_of_adposition_and_noun_phrase=1 Postpositions|order_of_degree_word_and_adjective=1 -|order_of_demonstrative_and_noun=2 -|order_of_genitive_and_noun=1 Genitive-Noun|order_of_negative_morpheme_and_verb=1 NegV|order_of_numeral_and_noun=2 Noun-Numeral|order_of_object_and_verb=1 OV|order_of_person_markers_on_the_verb=1 -|order_of_subject,_object_and_verb=1 SOV|order_of_subject_and_verb=1 -|ordinal_numerals=8 Various|other_roles_of_applied_objects=4 No other roles (EQUALS Only benefactive)|overlap_between_situational_and_epistemic_modal_marking=3 No overlap|passive_constructions=2 Absent|person_marking_on_adpositions=3 Pronouns only|plurality_in_independent_personal_pronouns=4 Person-number stem|polar_questions=1 -|position_of_interrogative_phrases_in_content_questions=2 Not initial interrogative phrase|position_of_negative_word_with_respect_to_subject,_object,_and_verb=7 SONegV|position_of_negative_words_relative_to_beginning_and_end_of_clause_and_with_respect_to_adjacency_to_verb=3 Immed preverbal|position_of_polar_question_particles=6 No question particle|position_of_tense-aspect_affixes=2 Tense-aspect suffixes|postverbal_negative_morphemes=4 None|predicative_adjectives=2 Nonverbal encoding|predicative_possession=5 -|presence_of_uncommon_consonants=1 None|preverbal_negative_morphemes=1 NegV|productivity_of_the_antipassive_construction=4 no antipassive|relationship_between_the_order_of_object_and_verb_and_the_order_of_adjective_and_noun=2 OV and NAdj|relationship_between_the_order_of_object_and_verb_and_the_order_of_adposition_and_noun_phrase=1 OV and Postpositions|relativization_on_obliques=4 -|relativization_on_subjects=2 Non-reduction|semantic_distinctions_of_evidentiality=1 No grammatical evidentials|sex-based_and_non-sex-based_gender_systems=1 No gender|situational_possibility=2 -|snegov_order=4 No SNegOV|sonegv_order=8 -|sovneg_order=11 NoSOVNeg|subtypes_of_asymmetric_standard_negation=4 A/Fin and A/NonReal|suppletion_according_to_tense_and_aspect=1 Tense|suppletion_in_imperatives_and_hortatives=5 None (EQUALS no suppletive imperatives reported in the reference material)|syllable_structure=2 Moderately complex|symmetric_and_asymmetric_standard_negation=3 -|syncretism_in_verbal_person/number_marking=2 Syncretic|systems_of_gender_assignment=1 No gender|the_optative=2 Inflectional optative absent|the_position_of_negative_morphemes_in_sov_languages=6 -|the_velar_nasal=3 -|third_person_pronouns_and_demonstratives=1 -|third_person_zero_of_verbal_person_marking=2 -|tone=1 -|uvular_consonants=1 None|verbal_number_and_suppletion=3 Singular-plural pairs, suppletion|verbal_person_marking=5 Both the A and P arguments|voicing_and_gaps_in_plosive_systems=1 Other|voicing_in_plosives_and_fricatives=4 -|vowel_nasalization=2 -|vowel_quality_inventories=2 Average (5-6)|weight-sensitive_stress=7 Not predictable|weight_factors_in_weight-sensitive_stress_systems=1 -|zero_copula_for_predicate_nominals=1 -|zero_marking_of_a_and_p_arguments=2 Non-zero marking
wgu	Warrongo	-18.0	145.0	Northern Pama-Nyungan	Pama-Nyungan	US	antipassive_constructions=3 -|inclusive/exclusive_forms_in_pama-nyungan=2 -|productivity_of_the_antipassive_construction=4 -|reciprocal_constructions=2 Distinct from reflexive
wme	Wambule	29.25	85.9166666667	Mahakiranti	Sino-Tibetan	US	coding_of_nominal_plurality=2 -|indefinite_articles=5 -|minor_morphological_means_of_signaling_negation=4 -|negative_morphemes=1 Negative affix|negsov_order=4 -|order_of_adjective_and_noun=2 -|order_of_adposition_and_noun_phrase=2 -|order_of_adverbial_subordinator_and_clause=1 Initial subordinator word|order_of_degree_word_and_adjective=1 -|order_of_demonstrative_and_noun=1 Demonstrative-Noun|order_of_genitive_and_noun=1 -|order_of_negative_morpheme_and_verb=3 [Neg-V]|order_of_numeral_and_noun=1 -|order_of_object_and_verb=2 -|order_of_subject,_object_and_verb=2 -|order_of_subject_and_verb=1 -|position_of_case_affixes=6 Postpositional clitics|position_of_interrogative_phrases_in_content_questions=2 -|position_of_negative_word_with_respect_to_subject,_object,_and_verb=20 -|postverbal_negative_morphemes=4 -|preverbal_negative_morphemes=2 [Neg-V]|relationship_between_the_order_of_object_and_verb_and_the_order_of_adjective_and_noun=4 -|relationship_between_the_order_of_object_and_verb_and_the_order_of_adposition_and_noun_phrase=4 -|snegov_order=4 No SNegOV|sonegv_order=8 -|sovneg_order=11 NoSOVNeg|the_position_of_negative_morphemes_in_sov_languages=5 SO[Neg-V]
wmu	Wik Munkan	-13.9166666667	141.75	Northern Pama-Nyungan	Pama-Nyungan	US	absence_of_common_consonants=3 No fricatives|consonant-vowel_ratio=3 -|consonant_inventories=3 -|finger_and_hand=2 Different|front_rounded_vowels=1 None|glottalized_consonants=1 -|hand_and_arm=2 -|inclusive/exclusive_forms_in_pama-nyungan=2 -|indefinite_pronouns=1 -|lateral_consonants=2 /l/, no obstruent laterals|minor_morphological_means_of_signaling_negation=4 None|negative_morphemes=2 -|order_of_adjective_and_noun=2 -|order_of_demonstrative_and_noun=2 -|order_of_genitive_and_noun=1 -|order_of_negative_morpheme_and_verb=1 -|order_of_numeral_and_noun=2 Noun-Numeral|order_of_object_and_verb=1 OV|order_of_subject,_object_and_verb=1 SOV|order_of_subject_and_verb=1 -|position_of_case_affixes=9 -|position_of_interrogative_phrases_in_content_questions=2 -|position_of_negative_word_with_respect_to_subject,_object,_and_verb=20 -|position_of_tense-aspect_affixes=2 -|postverbal_negative_morphemes=4 -|prefixing_vs._suffixing_in_inflectional_morphology=2 -|presence_of_uncommon_consonants=1 None|preverbal_negative_morphemes=1 NegV|reduplication=1 Productive full and partial reduplication|relationship_between_the_order_of_object_and_verb_and_the_order_of_adjective_and_noun=4 -|sovneg_order=11 -|syllable_structure=2 Moderately complex|the_position_of_negative_morphemes_in_sov_languages=6 -|tone=1 -|uvular_consonants=1 -|voicing_and_gaps_in_plosive_systems=2 -|voicing_in_plosives_and_fricatives=4 -|vowel_quality_inventories=2 Average (5-6)
wn	Wik Ngathana	-13.9166666667	141.5	Northern Pama-Nyungan	Pama-Nyungan	US	order_of_adjective_and_noun=2 -|order_of_demonstrative_and_noun=2 Noun-Demonstrative|order_of_object_and_verb=1 OV|order_of_subject,_object_and_verb=6 OSV|order_of_subject_and_verb=1 SV|polar_questions=1 Question particle|position_of_case_affixes=1 Case suffixes|position_of_polar_question_particles=2 Final|relationship_between_the_order_of_object_and_verb_and_the_order_of_adjective_and_noun=2 OV and NAdj
wra	Warao	9.33333333333	-61.6666666667	Warao	Warao	VR	'want'_complement_subjects=1 -|'when'_clauses=3 Deranked|absence_of_common_consonants=1 -|action_nominal_constructions=5 Other|alignment_of_case_marking_of_full_noun_phrases=1 -|alignment_of_case_marking_of_pronouns=1 -|alignment_of_verbal_person_marking=2 -|antipassive_constructions=3 -|applicative_constructions=8 -|asymmetrical_case-marking=1 -|case_syncretism=1 -|coding_of_evidentiality=2 Verbal affix or clitic|coding_of_nominal_plurality=2 -|comitatives_and_instrumentals=2 Differentiation|consonant-vowel_ratio=3 -|consonant_inventories=3 -|distance_contrasts_in_demonstratives=2 -|distributive_numerals=2 -|ditransitive_constructions:_the_verb_'give'=1 -|epistemic_possibility=3 -|exponence_of_selected_inflectional_formatives=1 Monoexponential case|exponence_of_tense-aspect-mood_inflection=1 -|finger_and_hand=2 -|fixed_stress_locations=1 -|front_rounded_vowels=1 None|fusion_of_selected_inflectional_formatives=1 -|gender_distinctions_in_independent_personal_pronouns=6 -|genitives,_adjectives_and_relative_clauses=6 -|glottalized_consonants=1 -|hand_and_arm=2 -|inclusive/exclusive_distinction_in_independent_pronouns=3 -|inclusive/exclusive_distinction_in_verbal_inflection=1 -|indefinite_pronouns=1 -|inflectional_synthesis_of_the_verb=3 4-5 categories per word|intensifiers_and_reflexive_pronouns=1 -|lateral_consonants=2 -|locus_of_marking:_whole-language_typology=5 Inconsistent or other|locus_of_marking_in_possessive_noun_phrases=5 Other|locus_of_marking_in_the_clause=2 Dependent marking|m-t_pronouns=1 -|m_in_first_person_singular=2 m in first person singular|m_in_second_person_singular=1 -|minor_morphological_means_of_signaling_negation=4 -|n-m_pronouns=1 -|negative_morphemes=2 -|nominal_and_verbal_conjunction=1 -|nonperiphrastic_causative_constructions=2 -|number_of_cases=5 5 cases|number_of_genders=1 -|number_of_possessive_nouns=1 None reported|numeral_bases=3 Pure vigesimal|obligatory_possessive_inflection=2 -|order_of_adjective_and_noun=2 -|order_of_adposition_and_noun_phrase=1 Postpositions|order_of_degree_word_and_adjective=2 Adjective-Degree word|order_of_demonstrative_and_noun=2 -|order_of_genitive_and_noun=1 -|order_of_negative_morpheme_and_verb=1 -|order_of_numeral_and_noun=1 -|order_of_object_and_verb=2 -|order_of_person_markers_on_the_verb=1 -|order_of_subject_and_verb=1 -|ordinal_numerals=6 -|other_roles_of_applied_objects=5 -|overlap_between_situational_and_epistemic_modal_marking=3 No overlap|passive_constructions=1 -|perfective/imperfective_aspect=2 -|person_marking_on_adpositions=2 -|plurality_in_independent_personal_pronouns=4 -|polar_questions=1 -|politeness_distinctions_in_pronouns=1 No politeness distinction|position_of_interrogative_phrases_in_content_questions=2 -|position_of_negative_word_with_respect_to_subject,_object,_and_verb=20 -|position_of_polar_question_particles=2 -|position_of_pronominal_possessive_affixes=1 Possessive prefixes|position_of_tense-aspect_affixes=2 Tense-aspect suffixes|possessive_classification=1 -|postverbal_negative_morphemes=4 -|prefixing_vs._suffixing_in_inflectional_morphology=3 Weakly suffixing|presence_of_uncommon_consonants=1 None|preverbal_negative_morphemes=1 -|productivity_of_the_antipassive_construction=4 -|pronominal_and_adnominal_demonstratives=1 -|purpose_clauses=3 -|reason_clauses=1 -|reciprocal_constructions=2 -|relationship_between_the_order_of_object_and_verb_and_the_order_of_adjective_and_noun=4 -|relationship_between_the_order_of_object_and_verb_and_the_order_of_adposition_and_noun_phrase=4 -|relativization_on_obliques=4 -|relativization_on_subjects=2 Non-reduction|rhythm_types=1 Trochaic|semantic_distinctions_of_evidentiality=2 -|sex-based_and_non-sex-based_gender_systems=1 -|situational_possibility=1 Affixes on verbs|subtypes_of_asymmetric_standard_negation=1 A/Fin|suppletion_according_to_tense_and_aspect=4 None|suppletion_in_imperatives_and_hortatives=5 -|syllable_structure=1 Simple|symmetric_and_asymmetric_standard_negation=2 Asymmetric|syncretism_in_verbal_person/number_marking=1 No subject person/number marking|systems_of_gender_assignment=1 -|the_future_tense=2 -|the_morphological_imperative=1 -|the_optative=2 -|the_past_tense=4 -|the_perfect=4 -|the_position_of_negative_morphemes_in_sov_languages=6 -|the_prohibitive=1 Normal imperative + normal negative|the_velar_nasal=3 -|third_person_pronouns_and_demonstratives=4 Related to non-remote demonstratives|third_person_zero_of_verbal_person_marking=2 -|tone=1 -|utterance_complement_clauses=1 -|uvular_consonants=1 -|verbal_number_and_suppletion=1 -|verbal_person_marking=5 -|voicing_and_gaps_in_plosive_systems=2 -|voicing_in_plosives_and_fricatives=1 No voicing contrast|vowel_nasalization=2 -|vowel_quality_inventories=2 -|weight-sensitive_stress=8 Fixed stress (no weight-sensitivity)|weight_factors_in_weight-sensitive_stress_systems=1 No weight|zero_marking_of_a_and_p_arguments=2 -
wrb	Warrnambool	-38.25	142.5	Southeastern Pama-Nyungan	Pama-Nyungan	AU	expression_of_pronominal_subjects=3 Subject clitics on variable host|minor_morphological_means_of_signaling_negation=4 -|negative_morphemes=2 Negative particle|order_of_negative_morpheme_and_verb=1 NegV|order_of_object_and_verb=2 VO|order_of_subject_and_verb=2 VS|position_of_case_affixes=1 Case suffixes|position_of_interrogative_phrases_in_content_questions=1 Initial interrogative phrase|position_of_negative_word_with_respect_to_subject,_object,_and_verb=21 Other|position_of_pronominal_possessive_affixes=2 Possessive suffixes|position_of_tense-aspect_affixes=2 Tense-aspect suffixes|postverbal_negative_morphemes=4 None|prefixing_vs._suffixing_in_inflectional_morphology=2 Strongly suffixing|preverbal_negative_morphemes=1 -|the_position_of_negative_morphemes_in_verb-initial_languages=6 NegV & VS & VO|verb-initial_with_clause-final_negative=4 No clause-final neg|verb-initial_with_negative_that_is_immediately_postverbal_or_between_subject_and_object=6 -|verb-initial_with_preverbal_negative=1 Separate word, no double negation	Position_of_negative_words_relative_to_beginning_and_end_of_clause_and_with_respect_to_adjacency_to_verb=?
wrd	Wardaman	-15.5	131.0	Yangmanic	Yangmanic	AU	'when'_clauses=3 Deranked|absence_of_common_consonants=1 -|alignment_of_case_marking_of_full_noun_phrases=1 -|alignment_of_case_marking_of_pronouns=4 Ergative - absolutive|alignment_of_verbal_person_marking=2 -|antipassive_constructions=2 Oblique patient|applicative_constructions=8 -|asymmetrical_case-marking=1 -|case_syncretism=1 -|coding_of_evidentiality=1 -|coding_of_nominal_plurality=2 -|consonant-vowel_ratio=3 Average|consonant_inventories=3 -|definite_articles=1 -|distance_contrasts_in_demonstratives=2 -|ditransitive_constructions:_the_verb_'give'=3 Secondary-object construction|epistemic_possibility=3 -|exponence_of_selected_inflectional_formatives=5 -|exponence_of_tense-aspect-mood_inflection=1 monoexponential TAM|expression_of_pronominal_subjects=2 -|finger_and_hand=2 -|fixed_stress_locations=6 Penultimate|front_rounded_vowels=1 None|fusion_of_selected_inflectional_formatives=1 -|gender_distinctions_in_independent_personal_pronouns=6 -|glottalized_consonants=1 No glottalized consonants|hand_and_arm=2 Different|inclusive/exclusive_distinction_in_independent_pronouns=5 Inclusive/exclusive|inclusive/exclusive_distinction_in_verbal_inflection=5 Inclusive/exclusive|indefinite_pronouns=1 Interrogative-based|lateral_consonants=2 /l/, no obstruent laterals|m-t_pronouns=1 -|m_in_first_person_singular=1 -|m_in_second_person_singular=1 No m in second person singular|minor_morphological_means_of_signaling_negation=4 None|n-m_pronouns=1 -|negative_morphemes=2 Negative particle|nominal_and_verbal_conjunction=2 Differentiation|nonperiphrastic_causative_constructions=2 -|number_of_cases=7 8-9 cases|number_of_genders=1 -|occurrence_of_nominal_plurality=6 -|order_of_adjective_and_noun=2 -|order_of_adposition_and_noun_phrase=2 -|order_of_demonstrative_and_noun=2 -|order_of_genitive_and_noun=3 No dominant order|order_of_negative_morpheme_and_verb=1 -|order_of_numeral_and_noun=1 Numeral-Noun|order_of_object,_oblique,_and_verb=1 -|order_of_object_and_verb=3 No dominant order|order_of_person_markers_on_the_verb=1 -|order_of_subject,_object_and_verb=7 No dominant order|order_of_subject_and_verb=1 -|ordinal_numerals=1 None|other_roles_of_applied_objects=5 No applicative construction|passive_constructions=2 Absent|person_marking_on_adpositions=1 No adpositions|plurality_in_independent_personal_pronouns=4 -|position_of_case_affixes=9 -|position_of_interrogative_phrases_in_content_questions=2 -|position_of_negative_word_with_respect_to_subject,_object,_and_verb=21 Other|position_of_negative_words_relative_to_beginning_and_end_of_clause_and_with_respect_to_adjacency_to_verb=3 Immed preverbal|postverbal_negative_morphemes=4 None|prefixing_vs._suffixing_in_inflectional_morphology=4 Equal prefixing and suffixing|presence_of_uncommon_consonants=1 -|preverbal_negative_morphemes=1 -|productivity_of_the_antipassive_construction=4 -|pronominal_and_adnominal_demonstratives=1 Identical|purpose_clauses=3 -|reason_clauses=1 -|reduplication=1 -|relationship_between_the_order_of_object_and_verb_and_the_order_of_adjective_and_noun=4 -|relationship_between_the_order_of_object_and_verb_and_the_order_of_adposition_and_noun_phrase=4 -|relationship_between_the_order_of_object_and_verb_and_the_order_of_relative_clause_and_noun=4 -|relativization_on_subjects=4 Gap|rhythm_types=1 Trochaic|semantic_distinctions_of_evidentiality=1 No grammatical evidentials|sex-based_and_non-sex-based_gender_systems=1 -|subtypes_of_asymmetric_standard_negation=7 Non-assignable|syllable_structure=3 Complex|symmetric_and_asymmetric_standard_negation=1 Symmetric|syncretism_in_verbal_person/number_marking=3 -|systems_of_gender_assignment=2 Semantic|the_associative_plural=1 -|the_morphological_imperative=1 Second singular and second plural|the_optative=2 Inflectional optative absent|the_prohibitive=3 Special imperative + normal negative|the_velar_nasal=3 -|third_person_pronouns_and_demonstratives=2 Related for all demonstratives|third_person_zero_of_verbal_person_marking=4 Zero in all 3sg forms|tone=1 -|uvular_consonants=1 None|verbal_person_marking=5 Both the A and P arguments|voicing_and_gaps_in_plosive_systems=1 Other|voicing_in_plosives_and_fricatives=1 No voicing contrast|vowel_nasalization=2 -|vowel_quality_inventories=2 -|weight-sensitive_stress=8 -|weight_factors_in_weight-sensitive_stress_systems=1 -
wrg	Warrgamay	-18.5833333333	146.083333333	Northern Pama-Nyungan	Pama-Nyungan	US	coding_of_evidentiality=1 No grammatical evidentials|comitatives_and_instrumentals=2 Differentiation|distance_contrasts_in_demonstratives=2 -|ditransitive_constructions:_the_verb_'give'=1 -|expression_of_pronominal_subjects=5 Optional pronouns in subject position|fixed_stress_locations=1 No fixed stress|hand_and_arm=2 Different|inclusive/exclusive_forms_in_pama-nyungan=2 -|minor_morphological_means_of_signaling_negation=4 -|negative_morphemes=2 -|order_of_negative_morpheme_and_verb=1 -|order_of_object,_oblique,_and_verb=6 No dominant order|order_of_object_and_verb=2 -|order_of_relative_clause_and_noun=7 Mixed|order_of_subject,_object_and_verb=2 -|order_of_subject_and_verb=3 No dominant order|polar_questions=1 -|position_of_case_affixes=9 -|position_of_interrogative_phrases_in_content_questions=2 -|position_of_polar_question_particles=6 No question particle|position_of_tense-aspect_affixes=2 -|postnominal_relative_clauses=2 NRel or RelN|postverbal_negative_morphemes=4 None|prefixing_vs._suffixing_in_inflectional_morphology=2 Strongly suffixing|prenominal_relative_clauses=1 -|preverbal_negative_morphemes=1 NegV|pronominal_and_adnominal_demonstratives=1 Identical|purpose_clauses=3 Deranked|relationship_between_the_order_of_object_and_verb_and_the_order_of_adjective_and_noun=5 Other|relationship_between_the_order_of_object_and_verb_and_the_order_of_adposition_and_noun_phrase=4 -|relationship_between_the_order_of_object_and_verb_and_the_order_of_relative_clause_and_noun=4 -|rhythm_types=1 Trochaic|semantic_distinctions_of_evidentiality=2 -|the_morphological_imperative=1 Second singular and second plural|the_prohibitive=4 Special imperative + special negative|weight-sensitive_stress=8 -|weight_factors_in_weight-sensitive_stress_systems=1 -
wrw	Warrwa	-17.5	123.5	Nyulnyulan	Nyulnyulan	AU	coding_of_nominal_plurality=2 -|comitatives_and_instrumentals=3 -|definite_articles=1 -|expression_of_pronominal_subjects=2 Subject affixes on verb|order_of_adjective_and_noun=1 -|order_of_adposition_and_noun_phrase=3 -|order_of_demonstrative_and_noun=6 Mixed|order_of_genitive_and_noun=1 Genitive-Noun|order_of_numeral_and_noun=1 Numeral-Noun|order_of_object,_oblique,_and_verb=6 No dominant order|order_of_object_and_verb=3 No dominant order|order_of_subject,_object_and_verb=7 No dominant order|order_of_subject_and_verb=3 -|position_of_case_affixes=8 Inpositional clitics|position_of_pronominal_possessive_affixes=1 Possessive prefixes|position_of_tense-aspect_affixes=4 Mixed type|prefixing_vs._suffixing_in_inflectional_morphology=5 -|relationship_between_the_order_of_object_and_verb_and_the_order_of_adjective_and_noun=4 -|relationship_between_the_order_of_object_and_verb_and_the_order_of_adposition_and_noun_phrase=5 Other|relationship_between_the_order_of_object_and_verb_and_the_order_of_relative_clause_and_noun=5 Other
wry	Waray (in Australia)	-13.1666666667	131.25	Warayic	Gunwinyguan	AU	absence_of_common_consonants=1 -|consonant-vowel_ratio=3 Average|consonant_inventories=2 Moderately small|ditransitive_constructions:_the_verb_'give'=1 -|expression_of_pronominal_subjects=2 Subject affixes on verb|front_rounded_vowels=1 None|glottalized_consonants=1 No glottalized consonants|indefinite_pronouns=1 -|lateral_consonants=2 /l/, no obstruent laterals|locus_of_marking:_whole-language_typology=5 -|locus_of_marking_in_possessive_noun_phrases=2 Dependent marking|locus_of_marking_in_the_clause=3 Double marking|negative_morphemes=2 Negative particle|number_of_possessive_nouns=1 None reported|obligatory_possessive_inflection=2 Absent|order_of_adposition_and_noun_phrase=1 Postpositions|order_of_object,_oblique,_and_verb=1 -|order_of_object_and_verb=2 -|order_of_subject,_object_and_verb=2 SVO|order_of_subject_and_verb=1 SV|position_of_case_affixes=6 Postpositional clitics|position_of_tense-aspect_affixes=1 Tense-aspect prefixes|possessive_classification=1 No possessive classification|presence_of_uncommon_consonants=1 None|reduplication=1 Productive full and partial reduplication|relationship_between_the_order_of_object_and_verb_and_the_order_of_adposition_and_noun_phrase=3 VO and Postpositions|tone=1 No tones|uvular_consonants=1 -|voicing_and_gaps_in_plosive_systems=1 Other|voicing_in_plosives_and_fricatives=1 No voicing contrast|vowel_quality_inventories=2 Average (5-6)|zero_marking_of_a_and_p_arguments=2 -
wsk	Waskia	-4.5	146.0	Madang	Trans-New Guinea	US	alignment_of_verbal_person_marking=2 -|comitatives_and_instrumentals=2 -|definite_articles=1 -|gender_distinctions_in_independent_personal_pronouns=6 No gender distinctions|indefinite_articles=5 -|locus_of_marking:_whole-language_typology=5 -|locus_of_marking_in_possessive_noun_phrases=2 -|locus_of_marking_in_the_clause=1 -|m-t_pronouns=1 -|m_in_first_person_singular=1 -|m_in_second_person_singular=2 m in second person singular|minor_morphological_means_of_signaling_negation=4 None|n-m_pronouns=1 No N-M pronouns|negative_morphemes=2 -|negsov_order=4 -|nominal_and_locational_predication=1 -|noun_phrase_conjunction=2 'And' identical to 'with'|number_of_possessive_nouns=1 None reported|numeral_bases=1 -|obligatory_possessive_inflection=2 -|order_of_adjective_and_noun=2 Noun-Adjective|order_of_adposition_and_noun_phrase=2 -|order_of_degree_word_and_adjective=1 -|order_of_demonstrative_and_noun=2 -|order_of_genitive_and_noun=1 -|order_of_negative_morpheme_and_verb=1 -|order_of_numeral_and_noun=2 Noun-Numeral|order_of_object_and_verb=1 OV|order_of_person_markers_on_the_verb=1 -|order_of_subject,_object_and_verb=2 -|order_of_subject_and_verb=1 SV|passive_constructions=1 -|person_marking_on_adpositions=2 -|polar_questions=1 -|position_of_case_affixes=9 -|position_of_interrogative_phrases_in_content_questions=2 -|position_of_negative_word_with_respect_to_subject,_object,_and_verb=7 SONegV|position_of_negative_words_relative_to_beginning_and_end_of_clause_and_with_respect_to_adjacency_to_verb=3 Immed preverbal|position_of_pronominal_possessive_affixes=2 -|position_of_tense-aspect_affixes=2 Tense-aspect suffixes|possessive_classification=1 -|postverbal_negative_morphemes=4 None|predicative_adjectives=1 -|predicative_possession=5 -|prefixing_vs._suffixing_in_inflectional_morphology=2 Strongly suffixing|preverbal_negative_morphemes=1 NegV|reduplication=1 Productive full and partial reduplication|relationship_between_the_order_of_object_and_verb_and_the_order_of_adjective_and_noun=4 -|relationship_between_the_order_of_object_and_verb_and_the_order_of_adposition_and_noun_phrase=4 -|snegov_order=4 No SNegOV|sonegv_order=1 Word&NoDoubleNeg|sovneg_order=11 NoSOVNeg|the_position_of_negative_morphemes_in_sov_languages=6 -|third_person_zero_of_verbal_person_marking=2 -|verbal_person_marking=2 Only the A argument|zero_copula_for_predicate_nominals=2 Possible|zero_marking_of_a_and_p_arguments=2 -
wth	Wathawurrung	-38.0	144.0	Southeastern Pama-Nyungan	Pama-Nyungan	AU	expression_of_pronominal_subjects=3 Subject clitics on variable host|finger_and_hand=2 Different|hand_and_arm=2 -|order_of_adjective_and_noun=2 Noun-Adjective|order_of_object_and_verb=2 VO|order_of_subject,_object_and_verb=2 -|order_of_subject_and_verb=2 VS|polar_questions=1 Question particle|position_of_case_affixes=9 -|position_of_polar_question_particles=1 Initial|position_of_pronominal_possessive_affixes=2 -|relationship_between_the_order_of_object_and_verb_and_the_order_of_adjective_and_noun=4 VO and NAdj|the_morphological_imperative=4 Second person number-neutral|the_prohibitive=2 -
wuc	Wu (Changzhou)	31.6666666667	119.916666667	Chinese	Sino-Tibetan	CN	absence_of_common_consonants=1 -|consonant-vowel_ratio=2 -|consonant_inventories=3 -|front_rounded_vowels=2 -|glottalized_consonants=1 -|lateral_consonants=2 -|presence_of_uncommon_consonants=1 None|tone=3 Complex tone system|uvular_consonants=1 -|voicing_and_gaps_in_plosive_systems=1 -|voicing_in_plosives_and_fricatives=3 In fricatives alone|vowel_quality_inventories=3 -
wur	Waurá	-13.0	-53.0	Central Arawakan	Arawakan	BR	coding_of_evidentiality=2 Verbal affix or clitic|numeral_classifiers=2 Optional|reciprocal_constructions=2 -|semantic_distinctions_of_evidentiality=2 -
wwa	Waama	10.5833333333	1.66666666667	Gur	Niger-Congo	BJ	order_of_demonstrative_and_noun=2 -|order_of_genitive_and_noun=1 -|order_of_numeral_and_noun=2 -|order_of_object_and_verb=2 VO|order_of_subject,_object_and_verb=2 -|order_of_subject_and_verb=1 -|polar_questions=1 Question particle|position_of_interrogative_phrases_in_content_questions=2 Not initial interrogative phrase|position_of_polar_question_particles=2 -
wwr	Woiwurrung	-37.5	145.5	Southeastern Pama-Nyungan	Pama-Nyungan	AU	finger_and_hand=2 -|hand_and_arm=2 -|inclusive/exclusive_forms_in_pama-nyungan=2 Inclusive and exclusive differentiated|the_morphological_imperative=1 Second singular and second plural|the_prohibitive=4 Special imperative + special negative
wya	Wyandot	44.3333333333	-77.5	Northern Iroquoian	Iroquoian	CA	expression_of_pronominal_subjects=2 -|minor_morphological_means_of_signaling_negation=4 None|negative_morphemes=2 Negative particle|order_of_negative_morpheme_and_verb=13 OptSingleNeg|order_of_object,_oblique,_and_verb=6 -|order_of_object_and_verb=2 VO|order_of_subject,_object_and_verb=7 -|order_of_subject_and_verb=3 -|position_of_negative_word_with_respect_to_subject,_object,_and_verb=21 -|position_of_negative_words_relative_to_beginning_and_end_of_clause_and_with_respect_to_adjacency_to_verb=3 -|position_of_pronominal_possessive_affixes=1 -|position_of_tense-aspect_affixes=4 Mixed type|postverbal_negative_morphemes=4 -|preverbal_negative_morphemes=3 -|the_position_of_negative_morphemes_in_verb-initial_languages=23 -|verb-initial_with_clause-final_negative=4 No clause-final neg|verb-initial_with_negative_that_is_immediately_postverbal_or_between_subject_and_object=6 -|verb-initial_with_preverbal_negative=1 -
xam	/Xam	-31.0	21.0	Tu	Tu	ZA	comitatives_and_instrumentals=1 Identity|ditransitive_constructions:_the_verb_'give'=2 Double-object construction|genitives,_adjectives_and_relative_clauses=4 Adjectives and relative clauses collapsed|minor_morphological_means_of_signaling_negation=4 None|negative_morphemes=2 Negative particle|numeral_classifiers=1 -|order_of_adjective_and_noun=2 -|order_of_demonstrative_and_noun=1 Demonstrative-Noun|order_of_genitive_and_noun=1 Genitive-Noun|order_of_negative_morpheme_and_verb=1 -|order_of_numeral_and_noun=2 Noun-Numeral|order_of_object,_oblique,_and_verb=1 VOX|order_of_object_and_verb=2 VO|order_of_subject,_object_and_verb=2 SVO|order_of_subject_and_verb=1 -|position_of_negative_word_with_respect_to_subject,_object,_and_verb=20 -|postverbal_negative_morphemes=4 -|preverbal_negative_morphemes=1 -|relationship_between_the_order_of_object_and_verb_and_the_order_of_adjective_and_noun=4 VO and NAdj|svnego_order=7 No SVNegO|svoneg_order=4 No SVONeg|the_position_of_negative_morphemes_in_svo_languages=2 -
xar	Xârâcùù	-21.6666666667	166.0	Oceanic	Austronesian	NC	coding_of_nominal_plurality=7 Plural word|definite_articles=5 No definite or indefinite article|finger_and_hand=2 -|hand_and_arm=1 -|indefinite_articles=5 No definite or indefinite article|minor_morphological_means_of_signaling_negation=4 -|negative_morphemes=2 -|negsvo_order=4 No NegSVO|order_of_adjective_and_noun=2 -|order_of_adposition_and_noun_phrase=2 Prepositions|order_of_demonstrative_and_noun=2 Noun-Demonstrative|order_of_genitive_and_noun=2 -|order_of_negative_morpheme_and_verb=1 -|order_of_numeral_and_noun=2 -|order_of_object,_oblique,_and_verb=1 VOX|order_of_object_and_verb=2 -|order_of_subject,_object_and_verb=2 -|order_of_subject_and_verb=1 -|position_of_case_affixes=9 -|position_of_negative_word_with_respect_to_subject,_object,_and_verb=2 -|position_of_negative_words_relative_to_beginning_and_end_of_clause_and_with_respect_to_adjacency_to_verb=3 -|position_of_pronominal_possessive_affixes=2 -|position_of_tense-aspect_affixes=5 -|postverbal_negative_morphemes=4 -|prefixing_vs._suffixing_in_inflectional_morphology=1 -|preverbal_negative_morphemes=1 -|relationship_between_the_order_of_object_and_verb_and_the_order_of_adjective_and_noun=4 -|relationship_between_the_order_of_object_and_verb_and_the_order_of_adposition_and_noun_phrase=4 VO and Prepositions|snegvo_order=1 Word&NoDoubleNeg|svnego_order=7 -|svoneg_order=4 -|the_position_of_negative_morphemes_in_svo_languages=2 -
xas	Xasonga	14.25	-10.5	Western Mande	Mande	ML SN	coding_of_nominal_plurality=2 -|indefinite_articles=4 -|order_of_adjective_and_noun=2 -|order_of_adposition_and_noun_phrase=1 -|order_of_adverbial_subordinator_and_clause=1 -|order_of_demonstrative_and_noun=2 -|order_of_genitive_and_noun=1 Genitive-Noun|order_of_numeral_and_noun=2 -|order_of_object,_oblique,_and_verb=5 OVX|order_of_object_and_verb=1 -|order_of_relative_clause_and_noun=7 Mixed|order_of_subject,_object_and_verb=1 -|order_of_subject_and_verb=1 -|polar_questions=1 -|position_of_case_affixes=9 -|position_of_interrogative_phrases_in_content_questions=2 -|position_of_polar_question_particles=2 -|prefixing_vs._suffixing_in_inflectional_morphology=2 -|relationship_between_the_order_of_object_and_verb_and_the_order_of_adjective_and_noun=2 -|relationship_between_the_order_of_object_and_verb_and_the_order_of_adposition_and_noun_phrase=1 -|relationship_between_the_order_of_object_and_verb_and_the_order_of_relative_clause_and_noun=5 -|vowel_nasalization=2 Contrast absent
xav	Xavánte	-15.0	-52.5	Ge-Kaingang	Macro-Ge	BR	coding_of_nominal_plurality=7 -|minor_morphological_means_of_signaling_negation=4 -|negative_morphemes=2 -|order_of_adposition_and_noun_phrase=1 -|order_of_degree_word_and_adjective=2 -|order_of_genitive_and_noun=1 -|order_of_negative_morpheme_and_verb=2 VNeg|order_of_subject_and_verb=1 SV|polar_questions=1 Question particle|position_of_case_affixes=9 No case affixes or adpositional clitics|position_of_polar_question_particles=1 Initial|position_of_pronominal_possessive_affixes=1 -|position_of_tense-aspect_affixes=5 -|postverbal_negative_morphemes=1 VNeg|prefixing_vs._suffixing_in_inflectional_morphology=1 -|preverbal_negative_morphemes=4 None|reduplication=3 No productive reduplication|the_velar_nasal=1 -
xer	Xerénte	-10.0	-48.1666666667	Ge-Kaingang	Macro-Ge	BR	finger_and_hand=2 -|hand_and_arm=2 Different|order_of_adjective_and_noun=2 Noun-Adjective|order_of_demonstrative_and_noun=1 Demonstrative-Noun|order_of_genitive_and_noun=1 Genitive-Noun|order_of_object_and_verb=1 OV|order_of_subject,_object_and_verb=1 -|order_of_subject_and_verb=1 -|position_of_pronominal_possessive_affixes=1 -|reciprocal_constructions=4 Identical to reflexive|relationship_between_the_order_of_object_and_verb_and_the_order_of_adjective_and_noun=2 OV and NAdj
xho	Xhosa	-32.0	27.0	Bantoid	Niger-Congo	ZA	coding_of_nominal_plurality=1 Plural prefix|definite_articles=5 -|expression_of_pronominal_subjects=2 -|indefinite_articles=5 -|minor_morphological_means_of_signaling_negation=4 -|negative_morphemes=6 -|negsvo_order=4 No NegSVO|order_of_adjective_and_noun=2 Noun-Adjective|order_of_adposition_and_noun_phrase=2 Prepositions|order_of_demonstrative_and_noun=6 Mixed|order_of_genitive_and_noun=2 -|order_of_negative_morpheme_and_verb=14 -|order_of_numeral_and_noun=2 -|order_of_object_and_verb=2 -|order_of_relative_clause_and_noun=1 -|order_of_subject,_object_and_verb=2 SVO|order_of_subject_and_verb=1 SV|polar_questions=1 -|position_of_case_affixes=2 -|position_of_interrogative_phrases_in_content_questions=2 Not initial interrogative phrase|position_of_negative_word_with_respect_to_subject,_object,_and_verb=20 MorphNeg|position_of_pronominal_possessive_affixes=4 -|position_of_tense-aspect_affixes=1 -|postnominal_relative_clauses=1 -|postverbal_negative_morphemes=4 None|prefixing_vs._suffixing_in_inflectional_morphology=6 Strong prefixing|preverbal_negative_morphemes=2 -|reduplication=1 -|relationship_between_the_order_of_object_and_verb_and_the_order_of_adjective_and_noun=4 VO and NAdj|relationship_between_the_order_of_object_and_verb_and_the_order_of_adposition_and_noun_phrase=4 VO and Prepositions|relationship_between_the_order_of_object_and_verb_and_the_order_of_relative_clause_and_noun=4 -|snegvo_order=2 -|svnego_order=7 -|svoneg_order=4 No SVONeg|tea=2 Words derived from Min Nan Chinese te|the_position_of_negative_morphemes_in_svo_languages=5 S[Neg-V]O
xia	Xiamen	24.5	118.166666667	Chinese	Sino-Tibetan	CN	absence_of_common_consonants=1 All present|consonant-vowel_ratio=3 Average|consonant_inventories=3 Average|front_rounded_vowels=2 -|glottalized_consonants=1 No glottalized consonants|lateral_consonants=1 No laterals|presence_of_uncommon_consonants=1 None|syllable_structure=2 Moderately complex|tone=3 -|uvular_consonants=1 -|voicing_and_gaps_in_plosive_systems=1 -|voicing_in_plosives_and_fricatives=1 No voicing contrast|vowel_quality_inventories=2 Average (5-6)
xok	Xokleng	-24.5	-50.0	Ge-Kaingang	Macro-Ge	BR	alignment_of_verbal_person_marking=3 -|cultural_categories_of_languages_with_identity_of_'finger'_and_'hand'=1 -|finger_and_hand=2 -|gender_distinctions_in_independent_personal_pronouns=6 -|hand_and_arm=2 Different|locus_of_marking:_whole-language_typology=5 -|locus_of_marking_in_possessive_noun_phrases=2 -|locus_of_marking_in_the_clause=2 Dependent marking|m-t_pronouns=1 No M-T pronouns|m_in_first_person_singular=1 No m in first person singular|m_in_second_person_singular=2 m in second person singular|n-m_pronouns=1 -|order_of_person_markers_on_the_verb=1 -|person_marking_on_adpositions=2 No person marking|reciprocal_constructions=4 -|third_person_zero_of_verbal_person_marking=2 -|verbal_person_marking=3 -|zero_marking_of_a_and_p_arguments=2 -
xoo	!Xóõ	-24.0	21.5	Tu	Tu	BW	absence_of_common_consonants=1 -|coding_of_nominal_plurality=2 Plural suffix|consonant-vowel_ratio=5 High|consonant_inventories=5 Large|finger_and_hand=2 Different|front_rounded_vowels=1 None|glottalized_consonants=6 Ejectives and glottalized resonants|hand_and_arm=1 Identical|lateral_consonants=2 /l/, no obstruent laterals|numeral_bases=6 Restricted|numeral_classifiers=1 -|order_of_adjective_and_noun=2 -|order_of_demonstrative_and_noun=2 -|order_of_genitive_and_noun=1 Genitive-Noun|order_of_object_and_verb=2 -|order_of_relative_clause_and_noun=1 -|order_of_subject,_object_and_verb=2 SVO|order_of_subject_and_verb=1 -|ordinal_numerals=6 -|polar_questions=1 Question particle|position_of_interrogative_phrases_in_content_questions=2 Not initial interrogative phrase|position_of_polar_question_particles=1 Initial|postnominal_relative_clauses=1 -|presence_of_uncommon_consonants=2 Clicks|relationship_between_the_order_of_object_and_verb_and_the_order_of_adjective_and_noun=4 -|relationship_between_the_order_of_object_and_verb_and_the_order_of_relative_clause_and_noun=4 VO and NRel|syllable_structure=2 Moderately complex|tea=2 Words derived from Min Nan Chinese te|tone=3 Complex tone system|uvular_consonants=2 Uvular stops only|voicing_and_gaps_in_plosive_systems=2 None missing in /p t k b d g/|voicing_in_plosives_and_fricatives=2 In plosives alone|vowel_nasalization=2 Contrast absent|vowel_quality_inventories=2 -
xsm	Kàsim	11.0	-1.33333333333	Gur	Niger-Congo	BF GH	order_of_object,_oblique,_and_verb=1 VOX|order_of_object_and_verb=2 VO|order_of_subject,_object_and_verb=2 -|order_of_subject_and_verb=1 SV|polar_questions=1 Question particle|position_of_interrogative_phrases_in_content_questions=2 Not initial interrogative phrase|position_of_polar_question_particles=2 -
xun	!Xun (Ekoka)	-19.6666666667	18.0	Ju-Kung	Kxa	NA AO	action_nominal_constructions=7 Restricted|suppletion_according_to_tense_and_aspect=4 -|suppletion_in_imperatives_and_hortatives=5 -|verbal_number_and_suppletion=1 -
yah	Yahgan	-55.0	-68.0	Yámana	Yámana	CL	comparative_constructions=2 Exceed|expression_of_pronominal_subjects=6 Mixed|finger_and_hand=2 Different|hand_and_arm=2 Different|imperative-hortative_systems=4 Neither type of system|order_of_adjective_and_noun=1 Adjective-Noun|order_of_adposition_and_noun_phrase=1 Postpositions|order_of_demonstrative_and_noun=2 -|order_of_object_and_verb=1 OV|order_of_subject,_object_and_verb=2 -|order_of_subject_and_verb=1 SV|position_of_case_affixes=1 Case suffixes|position_of_pronominal_possessive_affixes=4 No possessive affixes|position_of_tense-aspect_affixes=2 Tense-aspect suffixes|relationship_between_the_order_of_object_and_verb_and_the_order_of_adjective_and_noun=1 OV and AdjN|relationship_between_the_order_of_object_and_verb_and_the_order_of_adposition_and_noun_phrase=1 OV and Postpositions
yan	Yana	40.5	-122.0	Yana	Hokan	US	absence_of_common_consonants=1 -|consonant-vowel_ratio=3 -|consonant_inventories=3 -|cultural_categories_of_languages_with_identity_of_'finger'_and_'hand'=1 -|finger_and_hand=1 Identical|fixed_stress_locations=1 No fixed stress|front_rounded_vowels=1 None|glottalized_consonants=1 -|hand_and_arm=2 Different|lateral_consonants=2 /l/, no obstruent laterals|presence_of_uncommon_consonants=1 None|reduplication=3 No productive reduplication|rhythm_types=1 -|tone=1 -|uvular_consonants=1 None|voicing_and_gaps_in_plosive_systems=2 None missing in /p t k b d g/|voicing_in_plosives_and_fricatives=4 -|vowel_quality_inventories=2 -|weight-sensitive_stress=5 Unbounded: Stress can be anywhere|weight_factors_in_weight-sensitive_stress_systems=4 Long vowel or coda consonant
yao	Yao (in Malawi)	-14.5	35.5	Bantoid	Niger-Congo	MW MZ	expression_of_pronominal_subjects=2 -|minor_morphological_means_of_signaling_negation=4 -|negative_morphemes=6 -|negsvo_order=4 -|order_of_adjective_and_noun=2 -|order_of_demonstrative_and_noun=2 Noun-Demonstrative|order_of_negative_morpheme_and_verb=14 -|order_of_object_and_verb=2 -|order_of_subject,_object_and_verb=2 -|order_of_subject_and_verb=1 -|position_of_negative_word_with_respect_to_subject,_object,_and_verb=20 -|position_of_tense-aspect_affixes=1 -|postverbal_negative_morphemes=4 -|preverbal_negative_morphemes=2 -|relationship_between_the_order_of_object_and_verb_and_the_order_of_adjective_and_noun=4 -|snegvo_order=2 -|svnego_order=7 -|svoneg_order=4 -|the_position_of_negative_morphemes_in_svo_languages=5 -
yap	Yapese	9.58333333333	138.166666667	Yapese	Austronesian	FM	absence_of_common_consonants=1 All present|alignment_of_verbal_person_marking=2 Accusative|coding_of_nominal_plurality=7 Plural word|comparative_constructions=1 Locational|consonant-vowel_ratio=3 Average|consonant_inventories=3 Average|definite_articles=1 Definite word distinct from demonstrative|finger_and_hand=2 Different|fixed_stress_locations=1 No fixed stress|front_rounded_vowels=1 None|gender_distinctions_in_independent_personal_pronouns=6 No gender distinctions|glottalized_consonants=6 Ejectives and glottalized resonants|hand_and_arm=1 Identical|indefinite_articles=1 Indefinite word distinct from 'one'|indefinite_pronouns=2 Generic-noun-based|lateral_consonants=2 /l/, no obstruent laterals|minor_morphological_means_of_signaling_negation=4 -|negative_morphemes=2 Negative particle|nonperiphrastic_causative_constructions=2 Morphological but no compound|numeral_classifiers=2 Optional|order_of_adjective_and_noun=2 Noun-Adjective|order_of_adposition_and_noun_phrase=2 Prepositions|order_of_adverbial_subordinator_and_clause=1 Initial subordinator word|order_of_degree_word_and_adjective=1 Degree word-Adjective|order_of_demonstrative_and_noun=2 Noun-Demonstrative|order_of_genitive_and_noun=2 Noun-Genitive|order_of_negative_morpheme_and_verb=1 -|order_of_numeral_and_noun=1 Numeral-Noun|order_of_object_and_verb=2 VO|order_of_person_markers_on_the_verb=1 A and P do not or do not both occur on the verb|order_of_relative_clause_and_noun=1 Noun-Relative clause|order_of_subject,_object_and_verb=3 VSO|order_of_subject_and_verb=2 VS|passive_constructions=2 Absent|periphrastic_causative_constructions=1 Sequential but no purposive|person_marking_on_adpositions=3 Pronouns only|polar_questions=6 Interrogative intonation only|position_of_case_affixes=9 No case affixes or adpositional clitics|position_of_interrogative_phrases_in_content_questions=3 Mixed|position_of_negative_word_with_respect_to_subject,_object,_and_verb=9 NegVSO|position_of_polar_question_particles=6 No question particle|position_of_pronominal_possessive_affixes=2 Possessive suffixes|position_of_tense-aspect_affixes=5 No tense-aspect inflection|postnominal_relative_clauses=1 Noun-Relative clause (NRel) dominant|postverbal_negative_morphemes=4 None|prefixing_vs._suffixing_in_inflectional_morphology=1 Little affixation|presence_of_uncommon_consonants=5 'Th' sounds|preverbal_negative_morphemes=1 -|relationship_between_the_order_of_object_and_verb_and_the_order_of_adjective_and_noun=4 VO and NAdj|relationship_between_the_order_of_object_and_verb_and_the_order_of_adposition_and_noun_phrase=4 VO and Prepositions|relationship_between_the_order_of_object_and_verb_and_the_order_of_relative_clause_and_noun=4 VO and NRel|rhythm_types=4 Undetermined|syllable_structure=2 Moderately complex|the_morphological_imperative=5 No second-person imperatives|the_position_of_negative_morphemes_in_verb-initial_languages=1 NegVSO|the_prohibitive=2 Normal imperative + special negative|third_person_zero_of_verbal_person_marking=3 Zero in some 3sg forms|tone=1 No tones|uvular_consonants=1 None|verb-initial_with_clause-final_negative=4 No clause-final neg|verb-initial_with_negative_that_is_immediately_postverbal_or_between_subject_and_object=6 -|verb-initial_with_preverbal_negative=1 Separate word, no double negation	Position_of_negative_words_relative_to_beginning_and_end_of_clause_and_with_respect_to_adjacency_to_verb=?|verbal_person_marking=3 Only the P argument|voicing_and_gaps_in_plosive_systems=2 None missing in /p t k b d g/|voicing_in_plosives_and_fricatives=2 In plosives alone|vowel_quality_inventories=3 Large (7-14)|weight-sensitive_stress=3 Right-edge: Ultimate or penultimate|weight_factors_in_weight-sensitive_stress_systems=7 Combined
yaq	Yaqui	27.5	-110.25	Cahita	Uto-Aztecan	MX	'want'_complement_subjects=4 Desiderative verbal affix|'when'_clauses=1 -|absence_of_common_consonants=1 All present|action_nominal_constructions=8 No action nominals|alignment_of_case_marking_of_full_noun_phrases=2 Nominative - accusative (standard)|alignment_of_case_marking_of_pronouns=1 -|alignment_of_verbal_person_marking=1 Neutral|antipassive_constructions=3 No antipassive|applicative_constructions=8 -|asymmetrical_case-marking=2 Symmetrical|case_syncretism=2 Core cases only|coding_of_evidentiality=1 -|coding_of_nominal_plurality=1 -|comitatives_and_instrumentals=2 Differentiation|consonant-vowel_ratio=3 Average|consonant_inventories=3 -|definite_articles=4 No definite, but indefinite article|ditransitive_constructions:_the_verb_'give'=3 Secondary-object construction|epistemic_possibility=2 Affixes on verbs|exponence_of_selected_inflectional_formatives=2 Case + number|exponence_of_tense-aspect-mood_inflection=1 monoexponential TAM|expression_of_pronominal_subjects=2 -|fixed_stress_locations=2 Initial|front_rounded_vowels=1 -|fusion_of_selected_inflectional_formatives=1 Exclusively concatenative|gender_distinctions_in_independent_personal_pronouns=6 No gender distinctions|glottalized_consonants=1 -|imperative-hortative_systems=4 -|inclusive/exclusive_distinction_in_independent_pronouns=3 No inclusive/exclusive|inclusive/exclusive_distinction_in_verbal_inflection=1 No person marking|indefinite_articles=1 Indefinite word distinct from 'one'|indefinite_pronouns=1 Interrogative-based|inflectional_synthesis_of_the_verb=3 4-5 categories per word|intensifiers_and_reflexive_pronouns=1 -|lateral_consonants=2 /l/, no obstruent laterals|locus_of_marking:_whole-language_typology=5 -|locus_of_marking_in_possessive_noun_phrases=3 Double marking|locus_of_marking_in_the_clause=3 Double marking|m-t_pronouns=1 -|m_in_first_person_singular=1 -|m_in_second_person_singular=2 m in second person singular|minor_morphological_means_of_signaling_negation=4 -|n-m_pronouns=1 -|negative_indefinite_pronouns_and_predicate_negation=1 -|negative_morphemes=2 Negative particle|negsov_order=4 No NegSOV|nominal_and_locational_predication=1 Different|nominal_and_verbal_conjunction=1 -|nonperiphrastic_causative_constructions=2 -|noun_phrase_conjunction=1 -|number_of_cases=2 2 cases|number_of_genders=1 None|number_of_possessive_nouns=1 -|numeral_bases=2 Hybrid vigesimal-decimal|obligatory_possessive_inflection=2 Absent|occurrence_of_nominal_plurality=6 All nouns, always obligatory|order_of_adjective_and_noun=2 -|order_of_adposition_and_noun_phrase=1 -|order_of_adverbial_subordinator_and_clause=5 -|order_of_degree_word_and_adjective=1 Degree word-Adjective|order_of_demonstrative_and_noun=1 Demonstrative-Noun|order_of_genitive_and_noun=1 Genitive-Noun|order_of_negative_morpheme_and_verb=1 NegV|order_of_numeral_and_noun=1 Numeral-Noun|order_of_object_and_verb=1 -|order_of_person_markers_on_the_verb=1 A and P do not or do not both occur on the verb|order_of_relative_clause_and_noun=1 Noun-Relative clause|order_of_subject,_object_and_verb=1 -|order_of_subject_and_verb=1 SV|ordinal_numerals=4 One-th, two-th, three-th|other_roles_of_applied_objects=5 -|overlap_between_situational_and_epistemic_modal_marking=3 No overlap|passive_constructions=1 Present|perfective/imperfective_aspect=2 -|periphrastic_causative_constructions=2 -|person_marking_on_adpositions=2 No person marking|plurality_in_independent_personal_pronouns=4 Person-number stem|polar_questions=1 Question particle|politeness_distinctions_in_pronouns=1 -|position_of_case_affixes=1 Case suffixes|position_of_interrogative_phrases_in_content_questions=1 -|position_of_negative_word_with_respect_to_subject,_object,_and_verb=6 SNegOV|position_of_negative_words_relative_to_beginning_and_end_of_clause_and_with_respect_to_adjacency_to_verb=2 Preverbal, not beginning or immed|position_of_polar_question_particles=1 Initial|position_of_pronominal_possessive_affixes=1 -|position_of_tense-aspect_affixes=2 -|possessive_classification=1 -|postnominal_relative_clauses=1 Noun-Relative clause (NRel) dominant|postverbal_negative_morphemes=4 None|predicative_adjectives=1 -|predicative_possession=5 -|prefixing_vs._suffixing_in_inflectional_morphology=2 Strongly suffixing|presence_of_uncommon_consonants=1 None|preverbal_negative_morphemes=1 NegV|productivity_of_the_antipassive_construction=4 no antipassive|purpose_clauses=3 -|reason_clauses=1 -|reciprocal_constructions=4 Identical to reflexive|reduplication=1 Productive full and partial reduplication|relationship_between_the_order_of_object_and_verb_and_the_order_of_adjective_and_noun=4 -|relationship_between_the_order_of_object_and_verb_and_the_order_of_adposition_and_noun_phrase=1 -|relationship_between_the_order_of_object_and_verb_and_the_order_of_relative_clause_and_noun=2 OV and NRel|relativization_on_subjects=4 Gap|rhythm_types=1 Trochaic|semantic_distinctions_of_evidentiality=2 -|sex-based_and_non-sex-based_gender_systems=1 No gender|situational_possibility=2 -|snegov_order=1 NoDoubleNeg|sonegv_order=8 -|sovneg_order=11 NoSOVNeg|subtypes_of_asymmetric_standard_negation=7 -|suppletion_according_to_tense_and_aspect=4 -|suppletion_in_imperatives_and_hortatives=5 None (EQUALS no suppletive imperatives reported in the reference material)|syllable_structure=2 -|symmetric_and_asymmetric_standard_negation=3 -|syncretism_in_verbal_person/number_marking=1 No subject person/number marking|systems_of_gender_assignment=1 -|the_associative_plural=2 Unique affixal associative plural|the_future_tense=1 Inflectional future exists|the_morphological_imperative=1 -|the_optative=2 -|the_past_tense=1 Present, no remoteness distinctions|the_perfect=4 -|the_position_of_negative_morphemes_in_sov_languages=14 -|the_prohibitive=4 Special imperative + special negative|the_velar_nasal=3 -|third_person_pronouns_and_demonstratives=1 Unrelated|third_person_zero_of_verbal_person_marking=1 No person marking|tone=2 Simple tone system|utterance_complement_clauses=1 -|uvular_consonants=1 None|verbal_number_and_suppletion=2 Singular-plural pairs, no suppletion|verbal_person_marking=5 -|voicing_and_gaps_in_plosive_systems=1 Other|voicing_in_plosives_and_fricatives=2 In plosives alone|vowel_nasalization=2 Contrast absent|vowel_quality_inventories=2 -|weight-sensitive_stress=8 Fixed stress (no weight-sensitivity)|weight_factors_in_weight-sensitive_stress_systems=7 Combined|zero_copula_for_predicate_nominals=1 -|zero_marking_of_a_and_p_arguments=2 -
yav	Yavapai	34.0	-113.333333333	Yuman	Hokan	US	comparative_constructions=3 Conjoined|finger_and_hand=2 Different|hand_and_arm=1 -|nominal_and_locational_predication=2 Identical|noun_phrase_conjunction=2 'And' identical to 'with'|predicative_adjectives=1 Verbal encoding|predicative_possession=5 'Have'|zero_copula_for_predicate_nominals=1 -
yay	Yay	22.4166666667	104.75	Kam-Tai	Tai-Kadai	VN	absence_of_common_consonants=1 All present|consonant-vowel_ratio=3 Average|consonant_inventories=3 -|front_rounded_vowels=1 None|glottalized_consonants=1 No glottalized consonants|lateral_consonants=2 /l/, no obstruent laterals|nonperiphrastic_causative_constructions=1 Neither|order_of_adjective_and_noun=2 -|order_of_adverbial_subordinator_and_clause=1 -|order_of_demonstrative_and_noun=2 -|order_of_genitive_and_noun=2 -|order_of_numeral_and_noun=1 Numeral-Noun|order_of_object_and_verb=2 VO|order_of_subject,_object_and_verb=2 SVO|order_of_subject_and_verb=1 SV|periphrastic_causative_constructions=1 -|position_of_tense-aspect_affixes=5 No tense-aspect inflection|presence_of_uncommon_consonants=5 'Th' sounds|relationship_between_the_order_of_object_and_verb_and_the_order_of_adjective_and_noun=4 -|syllable_structure=2 Moderately complex|tone=3 Complex tone system|uvular_consonants=1 None|voicing_and_gaps_in_plosive_systems=4 Missing /g/|voicing_in_plosives_and_fricatives=1 -|vowel_quality_inventories=2 Average (5-6)
yaz	Yazgulyam	38.5	71.5	Iranian	Indo-European	TJ	antipassive_constructions=3 -|applicative_constructions=8 -|number_of_genders=1 -|other_roles_of_applied_objects=5 -|productivity_of_the_antipassive_construction=4 -|sex-based_and_non-sex-based_gender_systems=2 Sex-based|systems_of_gender_assignment=1 -
ybi	Yamphu	27.5833333333	87.3333333333	Mahakiranti	Sino-Tibetan	US	minor_morphological_means_of_signaling_negation=4 None|negative_morphemes=1 Negative affix|order_of_adjective_and_noun=2 -|order_of_demonstrative_and_noun=1 Demonstrative-Noun|order_of_genitive_and_noun=1 -|order_of_negative_morpheme_and_verb=1 -|order_of_object_and_verb=1 OV|order_of_subject_and_verb=1 SV|position_of_negative_word_with_respect_to_subject,_object,_and_verb=20 -|postverbal_negative_morphemes=4 None|preverbal_negative_morphemes=1 -|relationship_between_the_order_of_object_and_verb_and_the_order_of_adjective_and_noun=1 OV and AdjN|the_position_of_negative_morphemes_in_sov_languages=6 -
ych	Yup'ik (Chevak)	61.5	-165.75	Eskimo	Eskimo-Aleut	US	fixed_stress_locations=1 -|rhythm_types=4 -|weight-sensitive_stress=1 Left-edge: First or second|weight_factors_in_weight-sensitive_stress_systems=7 Combined
yct	Yucatec	20.0	-89.0	Mayan	Mayan	US	absence_of_common_consonants=1 All present|comitatives_and_instrumentals=1 Identity|consonant-vowel_ratio=3 -|consonant_inventories=3 -|finger_and_hand=2 -|front_rounded_vowels=1 -|glottalized_consonants=1 -|hand_and_arm=2 -|lateral_consonants=2 -|numeral_bases=3 Pure vigesimal|numeral_classifiers=1 -|perfective/imperfective_aspect=1 Grammatical marking|politeness_distinctions_in_pronouns=1 -|presence_of_uncommon_consonants=1 -|reduplication=1 Productive full and partial reduplication|the_future_tense=2 -|the_past_tense=4 -|the_perfect=4 No perfect|tone=1 -|uvular_consonants=1 None|voicing_and_gaps_in_plosive_systems=2 -|voicing_in_plosives_and_fricatives=4 -|vowel_quality_inventories=2 Average (5-6)
yel	Yelî Dnye	-11.3666666667	154.166666667	Yele	Yele	PG	absence_of_common_consonants=3 No fricatives|alignment_of_verbal_person_marking=2 -|coding_of_nominal_plurality=7 Plural word|comitatives_and_instrumentals=2 Differentiation|consonant-vowel_ratio=4 Moderately high|consonant_inventories=5 Large|expression_of_pronominal_subjects=2 Subject affixes on verb|fixed_stress_locations=2 Initial|front_rounded_vowels=1 None|gender_distinctions_in_independent_personal_pronouns=6 No gender distinctions|glottalized_consonants=1 No glottalized consonants|lateral_consonants=2 -|nonperiphrastic_causative_constructions=2 -|number_of_genders=1 None|order_of_adjective_and_noun=2 Noun-Adjective|order_of_adposition_and_noun_phrase=1 Postpositions|order_of_demonstrative_and_noun=2 Noun-Demonstrative|order_of_genitive_and_noun=1 -|order_of_numeral_and_noun=1 -|order_of_object_and_verb=1 OV|order_of_person_markers_on_the_verb=1 -|order_of_subject,_object_and_verb=1 SOV|order_of_subject_and_verb=1 SV|passive_constructions=2 Absent|person_marking_on_adpositions=4 Pronouns and nouns|plurality_in_independent_personal_pronouns=4 Person-number stem|position_of_pronominal_possessive_affixes=1 Possessive prefixes|position_of_tense-aspect_affixes=1 Tense-aspect prefixes|presence_of_uncommon_consonants=1 -|relationship_between_the_order_of_object_and_verb_and_the_order_of_adjective_and_noun=2 OV and NAdj|relationship_between_the_order_of_object_and_verb_and_the_order_of_adposition_and_noun_phrase=1 OV and Postpositions|rhythm_types=1 Trochaic|sex-based_and_non-sex-based_gender_systems=1 -|syllable_structure=1 Simple|systems_of_gender_assignment=1 No gender|third_person_zero_of_verbal_person_marking=3 Zero in some 3sg forms|tone=1 No tones|uvular_consonants=1 None|verbal_person_marking=5 -|voicing_and_gaps_in_plosive_systems=1 Other|voicing_in_plosives_and_fricatives=4 -|vowel_quality_inventories=2 -|weight-sensitive_stress=8 Fixed stress (no weight-sensitivity)|weight_factors_in_weight-sensitive_stress_systems=1 No weight
yey	Yeyi	-20.0	23.5	Bantoid	Niger-Congo	BW NA	'want'_complement_subjects=1 -|absence_of_common_consonants=1 -|consonant-vowel_ratio=5 High|consonant_inventories=3 -|front_rounded_vowels=1 None|glottalized_consonants=2 Ejectives only|lateral_consonants=3 Laterals, but no /l/, no obstruent laterals|occurrence_of_nominal_plurality=6 -|presence_of_uncommon_consonants=1 -|syllable_structure=2 Moderately complex|tone=2 Simple tone system|uvular_consonants=1 None|voicing_and_gaps_in_plosive_systems=3 -|voicing_in_plosives_and_fricatives=4 In both plosives and fricatives|vowel_quality_inventories=2 Average (5-6)
yi	Yi	24.0	104.0	Burmese-Lolo	Sino-Tibetan	CN	minor_morphological_means_of_signaling_negation=4 None|order_of_adjective_and_noun=2 -|order_of_adposition_and_noun_phrase=1 Postpositions|order_of_demonstrative_and_noun=2 -|order_of_genitive_and_noun=1 Genitive-Noun|order_of_negative_morpheme_and_verb=1 NegV|order_of_numeral_and_noun=2 -|order_of_object_and_verb=1 -|order_of_subject,_object_and_verb=1 -|order_of_subject_and_verb=1 SV|polar_questions=1 -|position_of_negative_word_with_respect_to_subject,_object,_and_verb=7 -|postverbal_negative_morphemes=4 None|preverbal_negative_morphemes=1 -|relationship_between_the_order_of_object_and_verb_and_the_order_of_adjective_and_noun=2 OV and NAdj|relationship_between_the_order_of_object_and_verb_and_the_order_of_adposition_and_noun_phrase=1 -|sovneg_order=11 NoSOVNeg|the_position_of_negative_morphemes_in_sov_languages=3 -
yid	Yidiny	-17.0	145.75	Northern Pama-Nyungan	Pama-Nyungan	US	'when'_clauses=1 -|absence_of_common_consonants=1 -|adjectives_without_nouns=2 -|alignment_of_case_marking_of_full_noun_phrases=1 -|alignment_of_case_marking_of_pronouns=2 Nominative - accusative (standard)|alignment_of_verbal_person_marking=2 -|antipassive_constructions=3 -|applicative_constructions=5 Non-benefactive object; both bases|asymmetrical_case-marking=1 -|case_syncretism=1 -|coding_of_evidentiality=1 -|coding_of_nominal_plurality=2 -|conjunctions_and_universal_quantifiers=2 Formally similar, without interrogative|consonant-vowel_ratio=3 -|consonant_inventories=3 -|definite_articles=1 -|distance_contrasts_in_demonstratives=2 -|ditransitive_constructions:_the_verb_'give'=1 -|epistemic_possibility=3 -|exponence_of_selected_inflectional_formatives=1 Monoexponential case|exponence_of_tense-aspect-mood_inflection=1 monoexponential TAM|expression_of_pronominal_subjects=2 -|fixed_stress_locations=1 -|front_rounded_vowels=1 None|fusion_of_selected_inflectional_formatives=1 -|gender_distinctions_in_independent_personal_pronouns=6 No gender distinctions|genitives,_adjectives_and_relative_clauses=6 -|glottalized_consonants=1 -|imperative-hortative_systems=1 Maximal system|inclusive/exclusive_distinction_in_independent_pronouns=3 -|inclusive/exclusive_distinction_in_verbal_inflection=1 No person marking|inclusive/exclusive_forms_in_pama-nyungan=2 -|indefinite_articles=5 -|indefinite_pronouns=1 -|lateral_consonants=2 -|minor_morphological_means_of_signaling_negation=4 -|negative_morphemes=2 Negative particle|negsov_order=4 -|nominal_and_locational_predication=1 -|nominal_and_verbal_conjunction=2 Differentiation|nonperiphrastic_causative_constructions=2 -|noun_phrase_conjunction=1 -|number_of_cases=1 -|number_of_genders=1 None|numeral_bases=1 -|numeral_classifiers=1 -|occurrence_of_nominal_plurality=6 -|order_of_adjective_and_noun=2 -|order_of_adposition_and_noun_phrase=2 -|order_of_demonstrative_and_noun=2 -|order_of_genitive_and_noun=1 Genitive-Noun|order_of_negative_morpheme_and_verb=1 -|order_of_numeral_and_noun=2 Noun-Numeral|order_of_object,_oblique,_and_verb=1 -|order_of_object_and_verb=2 -|order_of_person_markers_on_the_verb=1 -|order_of_relative_clause_and_noun=1 -|order_of_subject,_object_and_verb=1 SOV|order_of_subject_and_verb=1 -|other_roles_of_applied_objects=5 -|passive_constructions=1 -|periphrastic_causative_constructions=2 -|person_marking_on_adpositions=2 -|plurality_in_independent_personal_pronouns=4 -|polar_questions=1 -|position_of_case_affixes=9 -|position_of_interrogative_phrases_in_content_questions=2 Not initial interrogative phrase|position_of_negative_word_with_respect_to_subject,_object,_and_verb=7 SONegV|position_of_negative_words_relative_to_beginning_and_end_of_clause_and_with_respect_to_adjacency_to_verb=3 -|position_of_polar_question_particles=2 -|position_of_pronominal_possessive_affixes=2 -|position_of_tense-aspect_affixes=2 -|postverbal_negative_morphemes=4 -|predicative_adjectives=2 Nonverbal encoding|predicative_possession=5 -|prefixing_vs._suffixing_in_inflectional_morphology=2 Strongly suffixing|presence_of_uncommon_consonants=1 -|preverbal_negative_morphemes=1 -|productivity_of_the_antipassive_construction=1 productive|purpose_clauses=3 Deranked|reciprocal_constructions=2 -|reduplication=1 Productive full and partial reduplication|relationship_between_the_order_of_object_and_verb_and_the_order_of_adjective_and_noun=4 -|relationship_between_the_order_of_object_and_verb_and_the_order_of_relative_clause_and_noun=5 Other|relativization_on_subjects=2 Non-reduction|rhythm_types=1 -|semantic_distinctions_of_evidentiality=2 -|sex-based_and_non-sex-based_gender_systems=1 -|snegov_order=4 -|sonegv_order=8 -|sovneg_order=11 -|subtypes_of_asymmetric_standard_negation=7 -|syllable_structure=2 -|symmetric_and_asymmetric_standard_negation=3 -|syncretism_in_verbal_person/number_marking=1 No subject person/number marking|systems_of_gender_assignment=1 -|the_associative_plural=2 Unique affixal associative plural|the_morphological_imperative=1 -|the_optative=2 Inflectional optative absent|the_position_of_negative_morphemes_in_sov_languages=3 SONegV|the_prohibitive=2 -|the_velar_nasal=3 -|third_person_pronouns_and_demonstratives=1 -|third_person_zero_of_verbal_person_marking=2 -|tone=1 -|uvular_consonants=1 -|verbal_person_marking=5 -|voicing_and_gaps_in_plosive_systems=1 Other|voicing_in_plosives_and_fricatives=4 -|vowel_nasalization=2 -|vowel_quality_inventories=2 -|weight-sensitive_stress=8 -|weight_factors_in_weight-sensitive_stress_systems=1 -|zero_copula_for_predicate_nominals=1 -
yin	Yindjibarndi	-21.75	117.916666667	Western Pama-Nyungan	Pama-Nyungan	AU	coding_of_nominal_plurality=2 Plural suffix|comparative_constructions=3 Conjoined|definite_articles=3 Definite affix|expression_of_pronominal_subjects=5 Optional pronouns in subject position|fixed_stress_locations=1 No fixed stress|inclusive/exclusive_forms_in_pama-nyungan=2 Inclusive and exclusive differentiated|indefinite_pronouns=1 -|minor_morphological_means_of_signaling_negation=4 None|negative_morphemes=2 -|negsvo_order=4 No NegSVO|order_of_adjective_and_noun=2 -|order_of_adposition_and_noun_phrase=4 No dominant order|order_of_adverbial_subordinator_and_clause=4 Subordinating suffix|order_of_demonstrative_and_noun=1 -|order_of_genitive_and_noun=1 Genitive-Noun|order_of_negative_morpheme_and_verb=1 -|order_of_numeral_and_noun=1 Numeral-Noun|order_of_object,_oblique,_and_verb=6 -|order_of_object_and_verb=2 VO|order_of_subject,_object_and_verb=2 SVO|order_of_subject_and_verb=1 SV|polar_questions=1 Question particle|politeness_distinctions_in_pronouns=1 No politeness distinction|position_of_case_affixes=1 Case suffixes|position_of_interrogative_phrases_in_content_questions=1 -|position_of_negative_word_with_respect_to_subject,_object,_and_verb=2 SNegVO|position_of_negative_words_relative_to_beginning_and_end_of_clause_and_with_respect_to_adjacency_to_verb=3 Immed preverbal|position_of_polar_question_particles=2 Final|position_of_tense-aspect_affixes=2 Tense-aspect suffixes|postverbal_negative_morphemes=4 None|prefixing_vs._suffixing_in_inflectional_morphology=2 Strongly suffixing|preverbal_negative_morphemes=1 NegV|reduplication=1 Productive full and partial reduplication|relationship_between_the_order_of_object_and_verb_and_the_order_of_adjective_and_noun=5 Other|relationship_between_the_order_of_object_and_verb_and_the_order_of_adposition_and_noun_phrase=5 Other|rhythm_types=1 Trochaic|snegvo_order=1 -|svnego_order=7 -|svoneg_order=4 No SVONeg|the_position_of_negative_morphemes_in_svo_languages=2 SNegVO|weight-sensitive_stress=1 Left-edge: First or second|weight_factors_in_weight-sensitive_stress_systems=2 Long vowel
yir	Yir Yiront	-14.8333333333	141.833333333	Northern Pama-Nyungan	Pama-Nyungan	US	'want'_complement_subjects=1 -|comitatives_and_instrumentals=2 -|cultural_categories_of_languages_with_identity_of_'finger'_and_'hand'=1 Hunter-gatherers|ditransitive_constructions:_the_verb_'give'=2 Double-object construction|finger_and_hand=2 -|fixed_stress_locations=1 -|hand_and_arm=2 -|order_of_demonstrative_and_noun=2 -|reduplication=1 -|rhythm_types=5 No rhythmic stress|weight-sensitive_stress=8 -|weight_factors_in_weight-sensitive_stress_systems=1 -
ykn	Yakan	6.5	122.0	Sama-Bajaw	Austronesian	PH	green_and_blue=2 -|number_of_basic_colour_categories=7 11|number_of_non-derived_basic_colour_categories=7 -|red_and_yellow=1 Red vs. yellow
yko	Yukaghir (Kolyma)	65.75	150.833333333	Yukaghir	Yukaghir	RU	'want'_complement_subjects=1 -|'when'_clauses=3 Deranked|absence_of_common_consonants=1 All present|action_nominal_constructions=8 -|adjectives_without_nouns=2 -|alignment_of_case_marking_of_full_noun_phrases=2 Nominative - accusative (standard)|alignment_of_case_marking_of_pronouns=2 Nominative - accusative (standard)|alignment_of_verbal_person_marking=2 Accusative|asymmetrical_case-marking=1 -|case_syncretism=1 -|coding_of_evidentiality=1 -|coding_of_nominal_plurality=2 Plural suffix|comitatives_and_instrumentals=2 Differentiation|consonant-vowel_ratio=3 -|consonant_inventories=3 -|definite_articles=5 No definite or indefinite article|distance_contrasts_in_demonstratives=2 -|distributive_numerals=1 No distributive numerals|ditransitive_constructions:_the_verb_'give'=1 -|epistemic_possibility=3 -|expression_of_pronominal_subjects=2 Subject affixes on verb|fixed_stress_locations=1 -|front_rounded_vowels=1 -|gender_distinctions_in_independent_personal_pronouns=6 No gender distinctions|genitives,_adjectives_and_relative_clauses=6 -|glottalized_consonants=1 -|imperative-hortative_systems=1 Maximal system|inclusive/exclusive_distinction_in_independent_pronouns=3 -|inclusive/exclusive_distinction_in_verbal_inflection=3 No inclusive/exclusive|indefinite_articles=5 -|indefinite_pronouns=1 -|lateral_consonants=2 -|locus_of_marking:_whole-language_typology=5 -|locus_of_marking_in_possessive_noun_phrases=4 No marking|locus_of_marking_in_the_clause=1 -|m-t_pronouns=2 M-T pronouns, paradigmatic|m_in_first_person_singular=1 -|m_in_second_person_singular=1 -|minor_morphological_means_of_signaling_negation=4 -|n-m_pronouns=1 -|negative_indefinite_pronouns_and_predicate_negation=1 Predicate negation also present|negative_morphemes=1 Negative affix|negsov_order=4 No NegSOV|nominal_and_locational_predication=1 Different|nominal_and_verbal_conjunction=1 -|nonperiphrastic_causative_constructions=2 -|noun_phrase_conjunction=1 -|number_of_cases=7 8-9 cases|number_of_genders=1 -|number_of_possessive_nouns=1 None reported|numeral_bases=1 -|numeral_classifiers=1 -|obligatory_possessive_inflection=2 -|order_of_adjective_and_noun=1 Adjective-Noun|order_of_adposition_and_noun_phrase=2 -|order_of_adverbial_subordinator_and_clause=2 Final subordinator word|order_of_demonstrative_and_noun=1 Demonstrative-Noun|order_of_genitive_and_noun=1 -|order_of_negative_morpheme_and_verb=1 -|order_of_numeral_and_noun=1 -|order_of_object_and_verb=2 -|order_of_person_markers_on_the_verb=1 A and P do not or do not both occur on the verb|order_of_relative_clause_and_noun=2 Relative clause-Noun|order_of_subject,_object_and_verb=2 -|order_of_subject_and_verb=1 -|ordinal_numerals=6 First, two-th, three-th|overlap_between_situational_and_epistemic_modal_marking=3 -|para-linguistic_usages_of_clicks=2 -|passive_constructions=1 -|perfective/imperfective_aspect=2 No grammatical marking|person_marking_on_adpositions=2 -|plurality_in_independent_personal_pronouns=7 Person stem + pronominal plural affix|polar_questions=1 -|politeness_distinctions_in_pronouns=1 No politeness distinction|position_of_case_affixes=9 -|position_of_interrogative_phrases_in_content_questions=2 -|position_of_negative_word_with_respect_to_subject,_object,_and_verb=20 -|position_of_polar_question_particles=6 No question particle|position_of_pronominal_possessive_affixes=2 Possessive suffixes|position_of_tense-aspect_affixes=2 -|possessive_classification=2 Two classes|postverbal_negative_morphemes=4 -|predicative_adjectives=1 Verbal encoding|predicative_possession=5 -|prefixing_vs._suffixing_in_inflectional_morphology=2 Strongly suffixing|prenominal_relative_clauses=1 Relative clause-Noun (RelN) dominant|presence_of_uncommon_consonants=1 -|preverbal_negative_morphemes=2 [Neg-V]|pronominal_and_adnominal_demonstratives=2 Different stem|purpose_clauses=3 Deranked|reason_clauses=3 Deranked|reciprocal_constructions=2 Distinct from reflexive|reduplication=1 -|relationship_between_the_order_of_object_and_verb_and_the_order_of_adjective_and_noun=1 OV and AdjN|relationship_between_the_order_of_object_and_verb_and_the_order_of_adposition_and_noun_phrase=4 -|relationship_between_the_order_of_object_and_verb_and_the_order_of_relative_clause_and_noun=1 OV and RelN|relativization_on_obliques=4 -|relativization_on_subjects=4 -|semantic_distinctions_of_evidentiality=2 -|sex-based_and_non-sex-based_gender_systems=1 -|situational_possibility=2 -|snegov_order=4 -|sonegv_order=8 -|sovneg_order=11 -|subtypes_of_asymmetric_standard_negation=3 A/Cat|suppletion_according_to_tense_and_aspect=4 None|suppletion_in_imperatives_and_hortatives=5 None (EQUALS no suppletive imperatives reported in the reference material)|syllable_structure=2 -|symmetric_and_asymmetric_standard_negation=3 -|syncretism_in_verbal_person/number_marking=3 -|systems_of_gender_assignment=1 No gender|the_associative_plural=1 -|the_future_tense=1 Inflectional future exists|the_morphological_imperative=1 Second singular and second plural|the_optative=2 -|the_past_tense=4 -|the_perfect=4 No perfect|the_position_of_negative_morphemes_in_sov_languages=5 SO[Neg-V]|the_prohibitive=2 -|the_velar_nasal=3 -|third_person_pronouns_and_demonstratives=1 -|third_person_zero_of_verbal_person_marking=2 -|tone=1 -|utterance_complement_clauses=2 Balanced/deranked|uvular_consonants=4 Uvular stops and continuants|verbal_number_and_suppletion=1 None|verbal_person_marking=5 -|voicing_and_gaps_in_plosive_systems=2 -|voicing_in_plosives_and_fricatives=2 In plosives alone|vowel_nasalization=2 Contrast absent|vowel_quality_inventories=2 Average (5-6)|weight-sensitive_stress=8 -|weight_factors_in_weight-sensitive_stress_systems=4 Long vowel or coda consonant|zero_copula_for_predicate_nominals=1 Impossible|zero_marking_of_a_and_p_arguments=2 Non-zero marking
ykp	Yukpa	10.1666666667	-72.75	Cariban	Cariban	VR CO	cultural_categories_of_languages_with_identity_of_'finger'_and_'hand'=1 -|finger_and_hand=2 -|hand_and_arm=1 Identical|the_velar_nasal=3 -|vowel_nasalization=2 -
ykt	Yakut	62.0	130.0	Turkic	Altaic	RU	absence_of_common_consonants=1 All present|coding_of_evidentiality=3 -|coding_of_nominal_plurality=2 -|comitatives_and_instrumentals=1 -|conjunctions_and_universal_quantifiers=2 -|consonant-vowel_ratio=2 -|consonant_inventories=3 -|distributive_numerals=4 -|front_rounded_vowels=2 -|glottalized_consonants=1 -|indefinite_pronouns=1 -|lateral_consonants=2 -|minor_morphological_means_of_signaling_negation=4 -|negative_indefinite_pronouns_and_predicate_negation=1 -|negative_morphemes=1 -|negsov_order=4 -|nominal_and_locational_predication=2 -|nonperiphrastic_causative_constructions=2 -|noun_phrase_conjunction=1 -|number_of_genders=1 -|numeral_bases=1 -|order_of_adjective_and_noun=1 Adjective-Noun|order_of_adposition_and_noun_phrase=1 -|order_of_demonstrative_and_noun=1 -|order_of_genitive_and_noun=1 -|order_of_negative_morpheme_and_verb=4 -|order_of_object_and_verb=1 -|order_of_relative_clause_and_noun=2 -|order_of_subject,_object_and_verb=1 -|order_of_subject_and_verb=1 -|ordinal_numerals=4 -|plurality_in_independent_personal_pronouns=7 -|position_of_case_affixes=1 -|position_of_negative_word_with_respect_to_subject,_object,_and_verb=20 -|position_of_pronominal_possessive_affixes=2 -|position_of_tense-aspect_affixes=2 Tense-aspect suffixes|postverbal_negative_morphemes=2 -|predicative_adjectives=2 -|predicative_possession=2 -|prefixing_vs._suffixing_in_inflectional_morphology=2 -|prenominal_relative_clauses=1 -|presence_of_uncommon_consonants=1 -|preverbal_negative_morphemes=4 -|reciprocal_constructions=2 -|relationship_between_the_order_of_object_and_verb_and_the_order_of_adjective_and_noun=1 -|relationship_between_the_order_of_object_and_verb_and_the_order_of_adposition_and_noun_phrase=1 OV and Postpositions|relationship_between_the_order_of_object_and_verb_and_the_order_of_relative_clause_and_noun=1 -|semantic_distinctions_of_evidentiality=3 -|sex-based_and_non-sex-based_gender_systems=1 -|snegov_order=4 -|sonegv_order=8 -|sovneg_order=2 Suffix&NoDoubleNeg|syllable_structure=3 -|systems_of_gender_assignment=1 No gender|tea=1 -|the_optative=2 -|the_position_of_negative_morphemes_in_sov_languages=6 -|the_velar_nasal=2 -|tone=1 -|uvular_consonants=1 None|voicing_and_gaps_in_plosive_systems=2 -|voicing_in_plosives_and_fricatives=4 -|vowel_quality_inventories=3 -|zero_copula_for_predicate_nominals=1 -
ylb	Yulparija	-21.0	124.0	Western Pama-Nyungan	Pama-Nyungan	AU	hand_and_arm=2 -|inclusive/exclusive_forms_in_pama-nyungan=1 No inclusive/exclusive opposition|number_of_genders=1 None|sex-based_and_non-sex-based_gender_systems=1 -|systems_of_gender_assignment=1 No gender
ymd	Yamdena	-7.5	131.5	Central Malayo-Polynesian	Austronesian	ID	fixed_stress_locations=6 -|rhythm_types=5 No rhythmic stress|the_velar_nasal=3 -|weight-sensitive_stress=8 -|weight_factors_in_weight-sensitive_stress_systems=1 -
yna	Yupik (Naukan)	66.0	-172.0	Eskimo	Eskimo-Aleut	RU	m-t_pronouns=3 -|m_in_first_person_singular=2 -|m_in_second_person_singular=2 m in second person singular|n-m_pronouns=1 -|plurality_in_independent_personal_pronouns=4 -
yng	Yingkarta	-25.1666666667	114.833333333	Western Pama-Nyungan	Pama-Nyungan	AU	adjectives_without_nouns=2 Without marking|definite_articles=3 Definite affix|ditransitive_constructions:_the_verb_'give'=3 Secondary-object construction|expression_of_pronominal_subjects=5 -|genitives,_adjectives_and_relative_clauses=4 -|inclusive/exclusive_forms_in_pama-nyungan=2 -|indefinite_pronouns=1 -|minor_morphological_means_of_signaling_negation=4 None|negative_morphemes=2 -|negsvo_order=4 No NegSVO|numeral_classifiers=1 -|occurrence_of_nominal_plurality=4 -|order_of_adjective_and_noun=2 -|order_of_demonstrative_and_noun=1 -|order_of_negative_morpheme_and_verb=1 -|order_of_numeral_and_noun=1 -|order_of_object_and_verb=1 -|order_of_subject,_object_and_verb=7 -|order_of_subject_and_verb=1 -|polar_questions=6 -|position_of_case_affixes=1 -|position_of_negative_word_with_respect_to_subject,_object,_and_verb=21 -|position_of_negative_words_relative_to_beginning_and_end_of_clause_and_with_respect_to_adjacency_to_verb=3 -|position_of_polar_question_particles=6 -|position_of_pronominal_possessive_affixes=2 -|position_of_tense-aspect_affixes=2 -|postverbal_negative_morphemes=4 None|prefixing_vs._suffixing_in_inflectional_morphology=2 -|preverbal_negative_morphemes=1 -|relationship_between_the_order_of_object_and_verb_and_the_order_of_adjective_and_noun=3 VO and AdjN|snegvo_order=1 -|svnego_order=7 -|svoneg_order=4 -|the_morphological_imperative=4 -|the_position_of_negative_morphemes_in_svo_languages=2 -|the_prohibitive=1 Normal imperative + normal negative
ynk	Yankuntjatjara	-27.0	132.0	Western Pama-Nyungan	Pama-Nyungan	AU	'want'_complement_subjects=1 -|distance_contrasts_in_demonstratives=2 -|indefinite_pronouns=4 Mixed|nonperiphrastic_causative_constructions=2 -|pronominal_and_adnominal_demonstratives=1 -|reciprocal_constructions=4 -|reduplication=1 -|zero_marking_of_a_and_p_arguments=2 Non-zero marking
yns	Yansi	-3.83333333333	18.0	Bantoid	Niger-Congo	CD	order_of_adverbial_subordinator_and_clause=1 Initial subordinator word|order_of_demonstrative_and_noun=2 -|order_of_genitive_and_noun=2 -|position_of_interrogative_phrases_in_content_questions=2 Not initial interrogative phrase|position_of_tense-aspect_affixes=1 Tense-aspect prefixes
yok	Yokuts (Yaudanchi)	36.0833333333	-119.083333333	Yokuts	Penutian	US	coding_of_nominal_plurality=2 Plural suffix|definite_articles=5 No definite or indefinite article|indefinite_articles=5 No definite or indefinite article|minor_morphological_means_of_signaling_negation=4 None|negative_morphemes=2 Negative particle|order_of_adjective_and_noun=1 Adjective-Noun|order_of_adposition_and_noun_phrase=2 Prepositions|order_of_demonstrative_and_noun=1 Demonstrative-Noun|order_of_genitive_and_noun=3 No dominant order|order_of_negative_morpheme_and_verb=1 NegV|order_of_numeral_and_noun=1 Numeral-Noun|order_of_object_and_verb=2 VO|order_of_subject,_object_and_verb=7 No dominant order|order_of_subject_and_verb=2 VS|polar_questions=1 Question particle|position_of_case_affixes=1 Case suffixes|position_of_interrogative_phrases_in_content_questions=1 Initial interrogative phrase|position_of_negative_word_with_respect_to_subject,_object,_and_verb=21 Other|position_of_polar_question_particles=1 Initial|position_of_pronominal_possessive_affixes=4 No possessive affixes|position_of_tense-aspect_affixes=2 Tense-aspect suffixes|postverbal_negative_morphemes=4 None|prefixing_vs._suffixing_in_inflectional_morphology=2 Strongly suffixing|preverbal_negative_morphemes=1 -|relationship_between_the_order_of_object_and_verb_and_the_order_of_adjective_and_noun=3 VO and AdjN|relationship_between_the_order_of_object_and_verb_and_the_order_of_adposition_and_noun_phrase=4 VO and Prepositions|the_position_of_negative_morphemes_in_verb-initial_languages=1 -|verb-initial_with_clause-final_negative=4 No clause-final neg|verb-initial_with_negative_that_is_immediately_postverbal_or_between_subject_and_object=6 None|verb-initial_with_preverbal_negative=1 Separate word, no double negation	Position_of_negative_words_relative_to_beginning_and_end_of_clause_and_with_respect_to_adjacency_to_verb=3 Immed preverbal
yor	Yoruba	8.0	4.33333333333	Defoid	Niger-Congo	NG BJ	'want'_complement_subjects=1 Subject is left implicit|'when'_clauses=1 Balanced|absence_of_common_consonants=1 All present|action_nominal_constructions=7 Restricted|alignment_of_case_marking_of_full_noun_phrases=1 Neutral|alignment_of_case_marking_of_pronouns=1 -|alignment_of_verbal_person_marking=1 Neutral|antipassive_constructions=3 -|applicative_constructions=8 No applicative construction|asymmetrical_case-marking=1 No case-marking|case_syncretism=4 No syncretism|coding_of_evidentiality=1 No grammatical evidentials|coding_of_nominal_plurality=7 Plural word|comitatives_and_instrumentals=2 -|comparative_constructions=2 Exceed|consonant-vowel_ratio=3 -|consonant_inventories=2 Moderately small|definite_articles=1 -|distance_contrasts_in_demonstratives=2 Two-way contrast|distributive_numerals=2 -|ditransitive_constructions:_the_verb_'give'=3 Secondary-object construction|epistemic_possibility=3 -|exponence_of_selected_inflectional_formatives=1 Monoexponential case|exponence_of_tense-aspect-mood_inflection=1 monoexponential TAM|expression_of_pronominal_subjects=5 Optional pronouns in subject position|front_rounded_vowels=1 None|fusion_of_selected_inflectional_formatives=4 Tonal/isolating|gender_distinctions_in_independent_personal_pronouns=6 No gender distinctions|glottalized_consonants=1 No glottalized consonants|inclusive/exclusive_distinction_in_independent_pronouns=3 -|inclusive/exclusive_distinction_in_verbal_inflection=1 No person marking|indefinite_articles=5 No definite or indefinite article|indefinite_pronouns=2 Generic-noun-based|inflectional_synthesis_of_the_verb=4 6-7 categories per word|intensifiers_and_reflexive_pronouns=2 Differentiated|lateral_consonants=2 /l/, no obstruent laterals|locus_of_marking:_whole-language_typology=5 -|locus_of_marking_in_possessive_noun_phrases=2 -|locus_of_marking_in_the_clause=3 Double marking|m-t_pronouns=1 No M-T pronouns|m_in_first_person_singular=1 -|m_in_second_person_singular=1 No m in second person singular|minor_morphological_means_of_signaling_negation=4 -|n-m_pronouns=1 No N-M pronouns|negative_morphemes=2 -|negsvo_order=4 No NegSVO|nominal_and_locational_predication=1 Different|nominal_and_verbal_conjunction=2 Differentiation|nonperiphrastic_causative_constructions=1 Neither|noun_phrase_conjunction=2 'And' identical to 'with'|number_of_cases=1 No morphological case-marking|number_of_genders=1 None|number_of_possessive_nouns=1 -|numeral_bases=1 -|numeral_classifiers=1 -|obligatory_possessive_inflection=2 Absent|occurrence_of_nominal_plurality=4 All nouns, always optional|order_of_adjective_and_noun=2 -|order_of_adposition_and_noun_phrase=2 Prepositions|order_of_adverbial_subordinator_and_clause=1 -|order_of_demonstrative_and_noun=2 Noun-Demonstrative|order_of_genitive_and_noun=2 Noun-Genitive|order_of_negative_morpheme_and_verb=1 NegV|order_of_numeral_and_noun=2 Noun-Numeral|order_of_object_and_verb=2 VO|order_of_person_markers_on_the_verb=1 A and P do not or do not both occur on the verb|order_of_relative_clause_and_noun=1 Noun-Relative clause|order_of_subject,_object_and_verb=2 SVO|order_of_subject_and_verb=1 -|ordinal_numerals=4 One-th, two-th, three-th|other_roles_of_applied_objects=5 No applicative construction|overlap_between_situational_and_epistemic_modal_marking=1 Overlap for both possibility and necessity|para-linguistic_usages_of_clicks=2 Affective meanings|passive_constructions=1 -|perfective/imperfective_aspect=2 No grammatical marking|periphrastic_causative_constructions=3 Both|person_marking_on_adpositions=2 No person marking|plurality_in_independent_personal_pronouns=4 Person-number stem|polar_questions=6 Interrogative intonation only|politeness_distinctions_in_pronouns=2 Binary politeness distinction|position_of_case_affixes=9 No case affixes or adpositional clitics|position_of_interrogative_phrases_in_content_questions=1 Initial interrogative phrase|position_of_negative_word_with_respect_to_subject,_object,_and_verb=2 SNegVO|position_of_negative_words_relative_to_beginning_and_end_of_clause_and_with_respect_to_adjacency_to_verb=3 -|position_of_polar_question_particles=2 -|position_of_pronominal_possessive_affixes=4 No possessive affixes|position_of_tense-aspect_affixes=2 -|possessive_classification=1 No possessive classification|postnominal_relative_clauses=1 Noun-Relative clause (NRel) dominant|postverbal_negative_morphemes=4 None|predicative_adjectives=1 Verbal encoding|predicative_possession=5 -|prefixing_vs._suffixing_in_inflectional_morphology=1 Little affixation|presence_of_uncommon_consonants=3 Labial-velars|preverbal_negative_morphemes=1 NegV|productivity_of_the_antipassive_construction=4 no antipassive|pronominal_and_adnominal_demonstratives=1 Identical|purpose_clauses=1 Balanced|reason_clauses=1 Balanced|reciprocal_constructions=2 -|reduplication=1 -|relationship_between_the_order_of_object_and_verb_and_the_order_of_adjective_and_noun=4 -|relationship_between_the_order_of_object_and_verb_and_the_order_of_adposition_and_noun_phrase=4 -|relationship_between_the_order_of_object_and_verb_and_the_order_of_relative_clause_and_noun=4 VO and NRel|relativization_on_subjects=3 Pronoun-retention|semantic_distinctions_of_evidentiality=1 No grammatical evidentials|sex-based_and_non-sex-based_gender_systems=1 No gender|situational_possibility=2 Verbal constructions|snegvo_order=1 Word&NoDoubleNeg|subtypes_of_asymmetric_standard_negation=3 A/Cat|suppletion_according_to_tense_and_aspect=4 None|suppletion_in_imperatives_and_hortatives=5 -|svnego_order=7 No SVNegO|svoneg_order=4 No SVONeg|syllable_structure=2 -|symmetric_and_asymmetric_standard_negation=3 -|syncretism_in_verbal_person/number_marking=1 No subject person/number marking|systems_of_gender_assignment=1 -|tea=2 Words derived from Min Nan Chinese te|the_associative_plural=1 Associative same as additive plural|the_future_tense=2 No inflectional future|the_morphological_imperative=5 No second-person imperatives|the_optative=2 Inflectional optative absent|the_past_tense=4 No past tense|the_perfect=2 From 'finish', 'already'|the_position_of_negative_morphemes_in_svo_languages=2 SNegVO|the_velar_nasal=3 No velar nasal|third_person_pronouns_and_demonstratives=1 Unrelated|third_person_zero_of_verbal_person_marking=1 No person marking|tone=3 Complex tone system|utterance_complement_clauses=1 -|uvular_consonants=1 None|verbal_number_and_suppletion=1 None|verbal_person_marking=5 -|voicing_and_gaps_in_plosive_systems=3 Missing /p/|voicing_in_plosives_and_fricatives=2 In plosives alone|vowel_nasalization=2 -|vowel_quality_inventories=3 Large (7-14)|zero_copula_for_predicate_nominals=1 Impossible|zero_marking_of_a_and_p_arguments=2 Non-zero marking
ypk	Yup'ik (Central)	59.5	-160.0	Eskimo	Eskimo-Aleut	US	'want'_complement_subjects=1 -|'when'_clauses=3 Deranked|alignment_of_case_marking_of_full_noun_phrases=4 -|alignment_of_case_marking_of_pronouns=1 Neutral|alignment_of_verbal_person_marking=3 Ergative|antipassive_constructions=2 -|applicative_constructions=3 -|asymmetrical_case-marking=6 -|case_syncretism=2 -|coding_of_evidentiality=2 -|coding_of_nominal_plurality=2 -|comitatives_and_instrumentals=2 Differentiation|definite_articles=5 No definite or indefinite article|epistemic_possibility=2 Affixes on verbs|expression_of_pronominal_subjects=2 Subject affixes on verb|finger_and_hand=2 Different|fixed_stress_locations=1 -|gender_distinctions_in_independent_personal_pronouns=6 No gender distinctions|hand_and_arm=2 -|imperative-hortative_systems=1 Maximal system|inclusive/exclusive_distinction_in_independent_pronouns=3 No inclusive/exclusive|inclusive/exclusive_distinction_in_verbal_inflection=3 No inclusive/exclusive|indefinite_articles=5 No definite or indefinite article|indefinite_pronouns=1 Interrogative-based|locus_of_marking:_whole-language_typology=3 -|locus_of_marking_in_possessive_noun_phrases=3 -|locus_of_marking_in_the_clause=3 -|minor_morphological_means_of_signaling_negation=4 None|negative_morphemes=1 -|nonperiphrastic_causative_constructions=2 -|number_of_cases=6 6-7 cases|number_of_genders=1 -|numeral_bases=2 -|occurrence_of_nominal_plurality=6 -|order_of_adjective_and_noun=3 No dominant order|order_of_adverbial_subordinator_and_clause=1 -|order_of_negative_morpheme_and_verb=4 -|order_of_object,_oblique,_and_verb=6 No dominant order|order_of_object_and_verb=1 -|order_of_person_markers_on_the_verb=5 A and P are fused|order_of_subject,_object_and_verb=7 No dominant order|order_of_subject_and_verb=1 -|ordinal_numerals=7 -|other_roles_of_applied_objects=1 -|overlap_between_situational_and_epistemic_modal_marking=1 -|passive_constructions=2 Absent|person_marking_on_adpositions=1 No adpositions|polar_questions=1 Question particle|position_of_case_affixes=1 Case suffixes|position_of_interrogative_phrases_in_content_questions=1 Initial interrogative phrase|position_of_polar_question_particles=6 -|position_of_pronominal_possessive_affixes=2 Possessive suffixes|position_of_tense-aspect_affixes=2 -|postverbal_negative_morphemes=2 -|prefixing_vs._suffixing_in_inflectional_morphology=2 -|preverbal_negative_morphemes=4 -|productivity_of_the_antipassive_construction=1 productive|reason_clauses=3 Deranked|reduplication=3 -|relationship_between_the_order_of_object_and_verb_and_the_order_of_adjective_and_noun=2 -|relationship_between_the_order_of_object_and_verb_and_the_order_of_adposition_and_noun_phrase=5 Other|relationship_between_the_order_of_object_and_verb_and_the_order_of_relative_clause_and_noun=2 -|rhythm_types=2 Iambic|semantic_distinctions_of_evidentiality=2 Indirect only|sex-based_and_non-sex-based_gender_systems=1 -|situational_possibility=1 -|suppletion_according_to_tense_and_aspect=4 -|suppletion_in_imperatives_and_hortatives=5 None (EQUALS no suppletive imperatives reported in the reference material)|syncretism_in_verbal_person/number_marking=3 -|systems_of_gender_assignment=1 No gender|tea=1 Words derived from Sinitic cha|the_associative_plural=2 Unique affixal associative plural|the_morphological_imperative=1 -|the_prohibitive=1 Normal imperative + normal negative|the_velar_nasal=2 -|third_person_pronouns_and_demonstratives=1 Unrelated|third_person_zero_of_verbal_person_marking=2 -|verbal_number_and_suppletion=1 -|verbal_person_marking=5 Both the A and P arguments|vowel_nasalization=2 Contrast absent|weight-sensitive_stress=1 -|weight_factors_in_weight-sensitive_stress_systems=7 -|zero_marking_of_a_and_p_arguments=2 Non-zero marking
ysl	Yupik (St. Lawrence Island)	63.5	-170.5	Eskimo	Eskimo-Aleut	US	fixed_stress_locations=1 -|rhythm_types=4 -|weight-sensitive_stress=7 Not predictable|weight_factors_in_weight-sensitive_stress_systems=7 -
ytu	Yukaghir (Tundra)	69.0	155.0	Yukaghir	Yukaghir	RU	'want'_complement_subjects=4 Desiderative verbal affix|absence_of_common_consonants=1 All present|coding_of_nominal_plurality=2 -|consonant-vowel_ratio=3 Average|consonant_inventories=3 -|ditransitive_constructions:_the_verb_'give'=1 -|front_rounded_vowels=4 Mid only|glottalized_consonants=1 No glottalized consonants|lateral_consonants=2 /l/, no obstruent laterals|minor_morphological_means_of_signaling_negation=4 -|negative_indefinite_pronouns_and_predicate_negation=1 Predicate negation also present|negative_morphemes=1 Negative affix|negsov_order=4 No NegSOV|order_of_adjective_and_noun=1 Adjective-Noun|order_of_adposition_and_noun_phrase=1 Postpositions|order_of_degree_word_and_adjective=1 -|order_of_demonstrative_and_noun=2 -|order_of_genitive_and_noun=1 Genitive-Noun|order_of_negative_morpheme_and_verb=3 [Neg-V]|order_of_numeral_and_noun=1 Numeral-Noun|order_of_object_and_verb=1 OV|order_of_subject,_object_and_verb=2 -|order_of_subject_and_verb=1 SV|position_of_case_affixes=1 Case suffixes|position_of_interrogative_phrases_in_content_questions=2 Not initial interrogative phrase|position_of_negative_word_with_respect_to_subject,_object,_and_verb=20 MorphNeg|position_of_tense-aspect_affixes=2 Tense-aspect suffixes|postverbal_negative_morphemes=4 None|prefixing_vs._suffixing_in_inflectional_morphology=2 Strongly suffixing|presence_of_uncommon_consonants=1 None|preverbal_negative_morphemes=1 -|reciprocal_constructions=2 Distinct from reflexive|relationship_between_the_order_of_object_and_verb_and_the_order_of_adjective_and_noun=1 OV and AdjN|relationship_between_the_order_of_object_and_verb_and_the_order_of_adposition_and_noun_phrase=1 OV and Postpositions|snegov_order=4 -|sonegv_order=2 Prefix&NoDoubleNeg|sovneg_order=11 NoSOVNeg|syllable_structure=3 Complex|the_position_of_negative_morphemes_in_sov_languages=5 SO[Neg-V]|tone=1 No tones|uvular_consonants=4 Uvular stops and continuants|voicing_and_gaps_in_plosive_systems=2 None missing in /p t k b d g/|voicing_in_plosives_and_fricatives=2 In plosives alone|vowel_quality_inventories=2 Average (5-6)
yuc	Yuchi	35.75	-86.75	Yuchi	Yuchi	US	absence_of_common_consonants=1 -|alignment_of_verbal_person_marking=4 Active|asymmetrical_case-marking=2 Symmetrical|case_syncretism=1 No case marking|coding_of_evidentiality=1 -|coding_of_nominal_plurality=2 -|consonant-vowel_ratio=3 -|consonant_inventories=3 -|epistemic_possibility=3 -|exponence_of_selected_inflectional_formatives=5 No case|exponence_of_tense-aspect-mood_inflection=1 monoexponential TAM|expression_of_pronominal_subjects=2 -|fixed_stress_locations=1 -|front_rounded_vowels=1 None|gender_distinctions_in_independent_personal_pronouns=6 -|glottalized_consonants=6 Ejectives and glottalized resonants|inclusive/exclusive_distinction_in_independent_pronouns=5 Inclusive/exclusive|inclusive/exclusive_distinction_in_verbal_inflection=1 -|indefinite_articles=4 No indefinite, but definite article|lateral_consonants=2 -|locus_of_marking:_whole-language_typology=1 Head-marking|locus_of_marking_in_possessive_noun_phrases=2 -|locus_of_marking_in_the_clause=1 Head marking|m-t_pronouns=1 -|m_in_first_person_singular=1 -|m_in_second_person_singular=1 No m in second person singular|minor_morphological_means_of_signaling_negation=4 None|n-m_pronouns=1 No N-M pronouns|nonperiphrastic_causative_constructions=3 Compound but no morphological|number_of_cases=9 Exclusively borderline case-marking|number_of_possessive_nouns=1 None reported|numeral_classifiers=1 -|obligatory_possessive_inflection=2 Absent|order_of_adjective_and_noun=2 -|order_of_adposition_and_noun_phrase=1 Postpositions|order_of_adverbial_subordinator_and_clause=1 -|order_of_demonstrative_and_noun=2 -|order_of_genitive_and_noun=1 Genitive-Noun|order_of_negative_morpheme_and_verb=1 -|order_of_numeral_and_noun=2 Noun-Numeral|order_of_object_and_verb=1 OV|order_of_person_markers_on_the_verb=1 -|order_of_relative_clause_and_noun=1 -|order_of_subject,_object_and_verb=1 SOV|order_of_subject_and_verb=1 -|overlap_between_situational_and_epistemic_modal_marking=3 -|passive_constructions=2 Absent|person_marking_on_adpositions=3 Pronouns only|plurality_in_independent_personal_pronouns=3 Person-number affixes|polar_questions=1 Question particle|position_of_case_affixes=9 -|position_of_interrogative_phrases_in_content_questions=2 Not initial interrogative phrase|position_of_negative_word_with_respect_to_subject,_object,_and_verb=20 -|position_of_polar_question_particles=3 Second position|position_of_pronominal_possessive_affixes=1 Possessive prefixes|position_of_tense-aspect_affixes=2 -|possessive_classification=3 Three to five classes|postnominal_relative_clauses=1 -|postverbal_negative_morphemes=4 None|prefixing_vs._suffixing_in_inflectional_morphology=4 Equal prefixing and suffixing|presence_of_uncommon_consonants=1 None|preverbal_negative_morphemes=1 NegV|reduplication=1 -|relationship_between_the_order_of_object_and_verb_and_the_order_of_adjective_and_noun=2 OV and NAdj|relationship_between_the_order_of_object_and_verb_and_the_order_of_adposition_and_noun_phrase=1 OV and Postpositions|relationship_between_the_order_of_object_and_verb_and_the_order_of_relative_clause_and_noun=4 -|rhythm_types=1 -|semantic_distinctions_of_evidentiality=1 No grammatical evidentials|situational_possibility=1 Affixes on verbs|sovneg_order=11 -|subtypes_of_asymmetric_standard_negation=7 -|symmetric_and_asymmetric_standard_negation=1 Symmetric|syncretism_in_verbal_person/number_marking=3 -|the_position_of_negative_morphemes_in_sov_languages=14 Other NegV|the_velar_nasal=3 No velar nasal|third_person_pronouns_and_demonstratives=1 -|third_person_zero_of_verbal_person_marking=2 -|tone=1 No tones|uvular_consonants=1 -|verbal_person_marking=5 Both the A and P arguments|voicing_and_gaps_in_plosive_systems=2 -|voicing_in_plosives_and_fricatives=2 In plosives alone|vowel_nasalization=1 Contrast present|vowel_quality_inventories=2 Average (5-6)|weight-sensitive_stress=8 -|weight_factors_in_weight-sensitive_stress_systems=1 -|zero_marking_of_a_and_p_arguments=2 -
yun	Yup'ik (Norton Sound)	64.0	-161.0	Eskimo	Eskimo-Aleut	US	fixed_stress_locations=1 -|rhythm_types=4 -|weight-sensitive_stress=1 -|weight_factors_in_weight-sensitive_stress_systems=7 Combined
yur	Yurok	41.3333333333	-124.0	Yurok	Algic	US	absence_of_common_consonants=1 -|alignment_of_case_marking_of_full_noun_phrases=1 Neutral|alignment_of_case_marking_of_pronouns=2 Nominative - accusative (standard)|alignment_of_verbal_person_marking=2 -|antipassive_constructions=3 No antipassive|applicative_constructions=8 No applicative construction|asymmetrical_case-marking=3 Additive-quantitatively asymmetrical|case_syncretism=2 Core cases only|coding_of_evidentiality=1 No grammatical evidentials|coding_of_nominal_plurality=2 -|consonant-vowel_ratio=4 Moderately high|consonant_inventories=4 Moderately large|definite_articles=2 Demonstrative word used as definite article|epistemic_possibility=3 Other|exponence_of_selected_inflectional_formatives=5 No case|exponence_of_tense-aspect-mood_inflection=1 monoexponential TAM|expression_of_pronominal_subjects=2 Subject affixes on verb|front_rounded_vowels=1 None|fusion_of_selected_inflectional_formatives=1 Exclusively concatenative|gender_distinctions_in_independent_personal_pronouns=6 No gender distinctions|glottalized_consonants=6 Ejectives and glottalized resonants|imperative-hortative_systems=4 -|inclusive/exclusive_distinction_in_independent_pronouns=3 No inclusive/exclusive|inclusive/exclusive_distinction_in_verbal_inflection=3 No inclusive/exclusive|inflectional_synthesis_of_the_verb=4 6-7 categories per word|lateral_consonants=2 -|locus_of_marking:_whole-language_typology=1 Head-marking|locus_of_marking_in_possessive_noun_phrases=2 -|locus_of_marking_in_the_clause=1 Head marking|m-t_pronouns=1 No M-T pronouns|m_in_first_person_singular=1 -|m_in_second_person_singular=1 -|minor_morphological_means_of_signaling_negation=4 None|n-m_pronouns=3 N-M pronouns, non-paradigmatic|negative_morphemes=2 Negative particle|nominal_and_locational_predication=1 -|noun_phrase_conjunction=1 'And' different from 'with'|number_of_cases=9 Exclusively borderline case-marking|number_of_genders=1 None|number_of_possessive_nouns=1 -|obligatory_possessive_inflection=2 Absent|order_of_adjective_and_noun=1 Adjective-Noun|order_of_adposition_and_noun_phrase=4 No dominant order|order_of_adverbial_subordinator_and_clause=1 Initial subordinator word|order_of_degree_word_and_adjective=1 -|order_of_demonstrative_and_noun=2 -|order_of_genitive_and_noun=1 -|order_of_negative_morpheme_and_verb=1 NegV|order_of_numeral_and_noun=1 Numeral-Noun|order_of_object,_oblique,_and_verb=6 No dominant order|order_of_object_and_verb=3 No dominant order|order_of_person_markers_on_the_verb=5 A and P are fused|order_of_relative_clause_and_noun=1 -|order_of_subject,_object_and_verb=7 No dominant order|order_of_subject_and_verb=1 SV|other_roles_of_applied_objects=5 No applicative construction|overlap_between_situational_and_epistemic_modal_marking=3 No overlap|passive_constructions=1 Present|person_marking_on_adpositions=2 No person marking|plurality_in_independent_personal_pronouns=4 -|polar_questions=1 Question particle|politeness_distinctions_in_pronouns=1 No politeness distinction|position_of_case_affixes=9 -|position_of_interrogative_phrases_in_content_questions=2 -|position_of_negative_word_with_respect_to_subject,_object,_and_verb=21 Other|position_of_negative_words_relative_to_beginning_and_end_of_clause_and_with_respect_to_adjacency_to_verb=3 Immed preverbal|position_of_polar_question_particles=3 Second position|position_of_pronominal_possessive_affixes=1 Possessive prefixes|position_of_tense-aspect_affixes=5 No tense-aspect inflection|possessive_classification=1 -|postnominal_relative_clauses=2 NRel or RelN|postverbal_negative_morphemes=4 None|predicative_adjectives=1 Verbal encoding|prefixing_vs._suffixing_in_inflectional_morphology=2 -|prenominal_relative_clauses=2 RelN or NRel|presence_of_uncommon_consonants=1 -|preverbal_negative_morphemes=1 NegV|productivity_of_the_antipassive_construction=4 no antipassive|reduplication=1 Productive full and partial reduplication|relationship_between_the_order_of_object_and_verb_and_the_order_of_adjective_and_noun=4 -|relationship_between_the_order_of_object_and_verb_and_the_order_of_adposition_and_noun_phrase=5 Other|relationship_between_the_order_of_object_and_verb_and_the_order_of_relative_clause_and_noun=5 Other|semantic_distinctions_of_evidentiality=1 No grammatical evidentials|sex-based_and_non-sex-based_gender_systems=1 No gender|situational_possibility=3 Other kinds of markers|subtypes_of_asymmetric_standard_negation=6 A/NonReal and A/Cat|syllable_structure=3 Complex|symmetric_and_asymmetric_standard_negation=3 -|syncretism_in_verbal_person/number_marking=3 Not syncretic|systems_of_gender_assignment=1 No gender|the_morphological_imperative=1 -|the_optative=2 Inflectional optative absent|the_prohibitive=2 -|the_velar_nasal=3 No velar nasal|third_person_pronouns_and_demonstratives=1 -|third_person_zero_of_verbal_person_marking=2 No zero realization|tone=1 -|uvular_consonants=1 None|verbal_person_marking=5 Both the A and P arguments|voicing_and_gaps_in_plosive_systems=2 -|voicing_in_plosives_and_fricatives=4 -|vowel_nasalization=2 Contrast absent|vowel_quality_inventories=2 Average (5-6)|zero_copula_for_predicate_nominals=2 Possible|zero_marking_of_a_and_p_arguments=2 Non-zero marking
yus	Yupik (Siberian)	65.0	-173.0	Eskimo	Eskimo-Aleut	RU	absence_of_common_consonants=1 -|consonant-vowel_ratio=5 High|consonant_inventories=3 -|distance_contrasts_in_demonstratives=3 -|finger_and_hand=2 -|front_rounded_vowels=1 -|glottalized_consonants=1 -|green_and_blue=2 Green/blue|hand_and_arm=2 -|lateral_consonants=4 -|nonperiphrastic_causative_constructions=2 Morphological but no compound|number_of_basic_colour_categories=3 -|number_of_non-derived_basic_colour_categories=7 -|order_of_demonstrative_and_noun=2 Noun-Demonstrative|order_of_genitive_and_noun=1 Genitive-Noun|order_of_object,_oblique,_and_verb=4 -|order_of_object_and_verb=1 -|order_of_subject,_object_and_verb=1 -|order_of_subject_and_verb=1 -|presence_of_uncommon_consonants=1 -|pronominal_and_adnominal_demonstratives=1 Identical|red_and_yellow=1 -|subtypes_of_asymmetric_standard_negation=3 A/Cat|syllable_structure=2 Moderately complex|symmetric_and_asymmetric_standard_negation=2 -|the_morphological_imperative=1 -|the_prohibitive=4 -|tone=1 No tones|uvular_consonants=4 -|voicing_and_gaps_in_plosive_systems=1 -|voicing_in_plosives_and_fricatives=3 -|vowel_quality_inventories=1 Small (2-4)
ywl	Yawelmani	35.4166666667	-119.0	Yokuts	Penutian	US	asymmetrical_case-marking=1 -|coding_of_evidentiality=1 -|coding_of_nominal_plurality=2 -|expression_of_pronominal_subjects=2 -|fixed_stress_locations=1 -|m-t_pronouns=1 No M-T pronouns|m_in_first_person_singular=1 -|m_in_second_person_singular=1 -|minor_morphological_means_of_signaling_negation=4 None|n-m_pronouns=1 -|negative_morphemes=2 Negative particle|nominal_and_verbal_conjunction=1 Identity|number_of_cases=6 6-7 cases|numeral_classifiers=1 -|occurrence_of_nominal_plurality=6 -|order_of_negative_morpheme_and_verb=1 -|order_of_object,_oblique,_and_verb=6 No dominant order|order_of_object_and_verb=2 VO|order_of_subject,_object_and_verb=2 -|order_of_subject_and_verb=1 -|polar_questions=1 Question particle|position_of_case_affixes=1 Case suffixes|position_of_polar_question_particles=1 Initial|position_of_pronominal_possessive_affixes=2 -|position_of_tense-aspect_affixes=2 Tense-aspect suffixes|postverbal_negative_morphemes=4 None|prefixing_vs._suffixing_in_inflectional_morphology=2 -|preverbal_negative_morphemes=1 -|reduplication=1 -|semantic_distinctions_of_evidentiality=1 No grammatical evidentials|subtypes_of_asymmetric_standard_negation=7 -|symmetric_and_asymmetric_standard_negation=1 Symmetric|weight-sensitive_stress=8 Fixed stress (no weight-sensitivity)|weight_factors_in_weight-sensitive_stress_systems=1 -
ywr	Yawuru	-18.0	122.5	Nyulnyulan	Nyulnyulan	AU	'want'_complement_subjects=2 Subject is expressed overtly|indefinite_pronouns=1 -|minor_morphological_means_of_signaling_negation=4 None|nominal_and_verbal_conjunction=1 -|occurrence_of_nominal_plurality=4 All nouns, always optional|order_of_adjective_and_noun=1 Adjective-Noun|order_of_adposition_and_noun_phrase=3 -|order_of_genitive_and_noun=2 Noun-Genitive|order_of_negative_morpheme_and_verb=1 NegV|order_of_object,_oblique,_and_verb=6 No dominant order|order_of_object_and_verb=3 No dominant order|order_of_subject,_object_and_verb=7 No dominant order|order_of_subject_and_verb=2 VS|position_of_case_affixes=8 Inpositional clitics|postverbal_negative_morphemes=4 -|preverbal_negative_morphemes=1 -|relationship_between_the_order_of_object_and_verb_and_the_order_of_adjective_and_noun=4 -|relationship_between_the_order_of_object_and_verb_and_the_order_of_adposition_and_noun_phrase=5 -|relationship_between_the_order_of_object_and_verb_and_the_order_of_relative_clause_and_noun=5 Other
yzv	Yazva	65.0	55.0	Permic	Uralic	RU	fixed_stress_locations=1 No fixed stress|rhythm_types=5 No rhythmic stress|weight-sensitive_stress=5 -|weight_factors_in_weight-sensitive_stress_systems=5 Prominence
zar	Zarma	13.8333333333	2.16666666667	Songhay	Songhay	NE	coding_of_nominal_plurality=7 -|definite_articles=1 Definite word distinct from demonstrative|indefinite_articles=2 Indefinite word same as 'one'|minor_morphological_means_of_signaling_negation=4 -|nominal_and_locational_predication=1 -|noun_phrase_conjunction=2 'And' identical to 'with'|order_of_adjective_and_noun=2 Noun-Adjective|order_of_adposition_and_noun_phrase=1 Postpositions|order_of_demonstrative_and_noun=2 Noun-Demonstrative|order_of_genitive_and_noun=1 Genitive-Noun|order_of_negative_morpheme_and_verb=1 NegV|order_of_numeral_and_noun=2 Noun-Numeral|order_of_object,_oblique,_and_verb=6 No dominant order|order_of_object_and_verb=3 No dominant order|order_of_subject,_object_and_verb=2 -|order_of_subject_and_verb=1 -|postverbal_negative_morphemes=4 None|predicative_adjectives=1 -|preverbal_negative_morphemes=1 NegV|relationship_between_the_order_of_object_and_verb_and_the_order_of_adjective_and_noun=5 Other|relationship_between_the_order_of_object_and_verb_and_the_order_of_adposition_and_noun_phrase=5 Other|relationship_between_the_order_of_object_and_verb_and_the_order_of_relative_clause_and_noun=4 -|tea=3 Others|zero_copula_for_predicate_nominals=1 -
zaz	Zazaki	39.0	41.0	Iranian	Indo-European	TR	comitatives_and_instrumentals=1 -|ditransitive_constructions:_the_verb_'give'=1 -|indefinite_pronouns=1 -|minor_morphological_means_of_signaling_negation=4 -|negative_indefinite_pronouns_and_predicate_negation=2 -|negative_morphemes=1 -|negsov_order=4 -|nominal_and_locational_predication=2 -|occurrence_of_nominal_plurality=6 -|order_of_adjective_and_noun=1 -|order_of_adposition_and_noun_phrase=1 -|order_of_demonstrative_and_noun=1 Demonstrative-Noun|order_of_negative_morpheme_and_verb=3 -|order_of_numeral_and_noun=1 -|order_of_object_and_verb=1 OV|order_of_subject,_object_and_verb=1 -|order_of_subject_and_verb=1 SV|ordinal_numerals=5 -|polar_questions=6 Interrogative intonation only|position_of_interrogative_phrases_in_content_questions=2 Not initial interrogative phrase|position_of_negative_word_with_respect_to_subject,_object,_and_verb=20 -|position_of_polar_question_particles=6 No question particle|postverbal_negative_morphemes=4 -|predicative_adjectives=2 Nonverbal encoding|preverbal_negative_morphemes=2 [Neg-V]|relationship_between_the_order_of_object_and_verb_and_the_order_of_adjective_and_noun=1 -|relationship_between_the_order_of_object_and_verb_and_the_order_of_adposition_and_noun_phrase=1 -|snegov_order=4 -|sonegv_order=2 Prefix&NoDoubleNeg|sovneg_order=11 NoSOVNeg|subtypes_of_asymmetric_standard_negation=7 -|symmetric_and_asymmetric_standard_negation=1 -|the_morphological_imperative=1 Second singular and second plural|the_position_of_negative_morphemes_in_sov_languages=5 -|the_prohibitive=4 -|zero_copula_for_predicate_nominals=1 Impossible
zen	Zenaga	17.3333333333	-16.0	Berber	Afro-Asiatic	MR	order_of_adposition_and_noun_phrase=2 Prepositions|order_of_genitive_and_noun=2 -|order_of_numeral_and_noun=1 -|position_of_pronominal_possessive_affixes=2 -|the_morphological_imperative=1 -|the_prohibitive=1 -
zhn	Zhuang (Northern)	24.0	108.0	Kam-Tai	Tai-Kadai	CN	coding_of_nominal_plurality=9 -|negative_morphemes=4 -|order_of_adposition_and_noun_phrase=2 -|order_of_adverbial_subordinator_and_clause=1 -|order_of_numeral_and_noun=1 -|order_of_object_and_verb=2 VO|order_of_relative_clause_and_noun=1 -|order_of_subject,_object_and_verb=2 -|order_of_subject_and_verb=1 -|polar_questions=1 -|position_of_case_affixes=9 -|position_of_interrogative_phrases_in_content_questions=2 -|position_of_polar_question_particles=2 -|position_of_pronominal_possessive_affixes=4 -|position_of_tense-aspect_affixes=5 -|postnominal_relative_clauses=1 -|prefixing_vs._suffixing_in_inflectional_morphology=1 -|reduplication=1 -|relationship_between_the_order_of_object_and_verb_and_the_order_of_adposition_and_noun_phrase=4 -|relationship_between_the_order_of_object_and_verb_and_the_order_of_relative_clause_and_noun=4 -
zul	Zulu	-30.0	30.0	Bantoid	Niger-Congo	ZA	'want'_complement_subjects=1 Subject is left implicit|'when'_clauses=3 Deranked|absence_of_common_consonants=1 All present|adjectives_without_nouns=2 Without marking|alignment_of_case_marking_of_full_noun_phrases=1 Neutral|alignment_of_case_marking_of_pronouns=1 Neutral|alignment_of_verbal_person_marking=2 Accusative|antipassive_constructions=3 No antipassive|applicative_constructions=3 Benefactive and other; both bases|asymmetrical_case-marking=1 -|case_syncretism=1 No case marking|coding_of_evidentiality=1 No grammatical evidentials|coding_of_nominal_plurality=1 Plural prefix|comparative_constructions=2 Exceed|conjunctions_and_universal_quantifiers=3 -|consonant-vowel_ratio=5 High|consonant_inventories=3 -|definite_articles=5 No definite or indefinite article|ditransitive_constructions:_the_verb_'give'=2 Double-object construction|epistemic_possibility=3 -|exponence_of_selected_inflectional_formatives=5 No case|exponence_of_tense-aspect-mood_inflection=1 monoexponential TAM|expression_of_pronominal_subjects=2 Subject affixes on verb|finger_and_hand=2 Different|fixed_stress_locations=6 Penultimate|front_rounded_vowels=1 None|fusion_of_selected_inflectional_formatives=1 -|gender_distinctions_in_independent_personal_pronouns=2 3rd person only, but also non-singular|genitives,_adjectives_and_relative_clauses=6 -|glottalized_consonants=5 Ejectives and implosives|hand_and_arm=2 -|imperative-hortative_systems=1 Maximal system|inclusive/exclusive_distinction_in_independent_pronouns=3 No inclusive/exclusive|inclusive/exclusive_distinction_in_verbal_inflection=3 -|indefinite_articles=5 -|inflectional_synthesis_of_the_verb=3 4-5 categories per word|intensifiers_and_reflexive_pronouns=2 -|lateral_consonants=2 -|locus_of_marking:_whole-language_typology=5 Inconsistent or other|locus_of_marking_in_possessive_noun_phrases=2 Dependent marking|locus_of_marking_in_the_clause=1 Head marking|m-t_pronouns=1 No M-T pronouns|m_in_first_person_singular=2 m in first person singular|m_in_second_person_singular=1 No m in second person singular|minor_morphological_means_of_signaling_negation=4 -|n-m_pronouns=1 No N-M pronouns|negative_indefinite_pronouns_and_predicate_negation=1 Predicate negation also present|negative_morphemes=6 -|negsvo_order=4 -|nominal_and_locational_predication=2 -|nominal_and_verbal_conjunction=2 Differentiation|nonperiphrastic_causative_constructions=2 -|noun_phrase_conjunction=2 'And' identical to 'with'|number_of_cases=1 No morphological case-marking|number_of_genders=5 -|number_of_possessive_nouns=1 None reported|numeral_bases=1 -|numeral_classifiers=1 -|obligatory_possessive_inflection=2 Absent|occurrence_of_nominal_plurality=6 All nouns, always obligatory|optional_double_negation=7 [Neg-V(-Neg)]|optional_double_negation_in_svo_languages=3 -|order_of_adjective_and_noun=2 Noun-Adjective|order_of_adposition_and_noun_phrase=2 Prepositions|order_of_adverbial_subordinator_and_clause=1 -|order_of_demonstrative_and_noun=6 Mixed|order_of_genitive_and_noun=2 Noun-Genitive|order_of_negative_morpheme_and_verb=15 OptDoubleNeg|order_of_object_and_verb=2 -|order_of_person_markers_on_the_verb=2 -|order_of_relative_clause_and_noun=1 -|order_of_subject,_object_and_verb=2 SVO|order_of_subject_and_verb=1 SV|ordinal_numerals=6 First, two-th, three-th|other_roles_of_applied_objects=3 -|overlap_between_situational_and_epistemic_modal_marking=2 Overlap for either possibility or necessity|passive_constructions=1 Present|perfective/imperfective_aspect=2 -|periphrastic_causative_constructions=2 Purposive but no sequential|person_marking_on_adpositions=2 No person marking|plurality_in_independent_personal_pronouns=4 Person-number stem|polar_questions=1 Question particle|politeness_distinctions_in_pronouns=1 No politeness distinction|position_of_case_affixes=2 Case prefixes|position_of_interrogative_phrases_in_content_questions=2 -|position_of_negative_word_with_respect_to_subject,_object,_and_verb=20 MorphNeg|position_of_polar_question_particles=2 Final|position_of_tense-aspect_affixes=1 Tense-aspect prefixes|possessive_classification=1 No possessive classification|postnominal_relative_clauses=1 Noun-Relative clause (NRel) dominant|postverbal_negative_morphemes=2 [V-Neg]|predicative_adjectives=3 -|predicative_possession=4 Conjunctional|prefixing_vs._suffixing_in_inflectional_morphology=6 Strong prefixing|presence_of_uncommon_consonants=2 Clicks|preverbal_negative_morphemes=2 [Neg-V]|productivity_of_the_antipassive_construction=4 no antipassive|purpose_clauses=3 Deranked|reason_clauses=3 Deranked|reciprocal_constructions=4 -|reduplication=2 Full reduplication only|relationship_between_the_order_of_object_and_verb_and_the_order_of_adjective_and_noun=4 VO and NAdj|relationship_between_the_order_of_object_and_verb_and_the_order_of_adposition_and_noun_phrase=4 VO and Prepositions|relationship_between_the_order_of_object_and_verb_and_the_order_of_relative_clause_and_noun=4 VO and NRel|relativization_on_subjects=4 Gap|rhythm_types=1 -|semantic_distinctions_of_evidentiality=1 No grammatical evidentials|sex-based_and_non-sex-based_gender_systems=3 Non-sex-based|situational_possibility=1 Affixes on verbs|snegvo_order=4 Prefix&OptDoubleNeg|subtypes_of_asymmetric_standard_negation=3 A/Cat|suppletion_according_to_tense_and_aspect=4 None|suppletion_in_imperatives_and_hortatives=5 None (EQUALS no suppletive imperatives reported in the reference material)|svnego_order=6 Suffix&OnlyWithAnotherNeg|svoneg_order=4 No SVONeg|syllable_structure=2 -|symmetric_and_asymmetric_standard_negation=3 Both|syncretism_in_verbal_person/number_marking=2 Syncretic|systems_of_gender_assignment=3 Semantic and formal|tea=3 Others|the_associative_plural=1 Associative same as additive plural|the_future_tense=1 Inflectional future exists|the_morphological_imperative=1 -|the_optative=2 -|the_past_tense=2 Present, 2-3 remoteness distinctions|the_perfect=3 Other perfect|the_position_of_negative_morphemes_in_svo_languages=15 OptNeg|the_prohibitive=4 Special imperative + special negative|third_person_pronouns_and_demonstratives=5 Related by gender markers|third_person_zero_of_verbal_person_marking=2 No zero realization|tone=2 Simple tone system|uvular_consonants=1 -|verbal_number_and_suppletion=1 None|verbal_person_marking=5 Both the A and P arguments|voicing_and_gaps_in_plosive_systems=1 Other|voicing_in_plosives_and_fricatives=3 In fricatives alone|vowel_nasalization=2 Contrast absent|vowel_quality_inventories=3 -|weight-sensitive_stress=8 Fixed stress (no weight-sensitivity)|weight_factors_in_weight-sensitive_stress_systems=1 No weight|zero_copula_for_predicate_nominals=1 -|zero_marking_of_a_and_p_arguments=2 Non-zero marking
zun	Zuni	35.0833333333	-108.833333333	Zuni	Zuni	US	absence_of_common_consonants=1 All present|alignment_of_verbal_person_marking=1 Neutral|asymmetrical_case-marking=3 Additive-quantitatively asymmetrical|coding_of_evidentiality=1 No grammatical evidentials|coding_of_nominal_plurality=2 Plural suffix|consonant-vowel_ratio=3 Average|consonant_inventories=3 -|finger_and_hand=2 Different|fixed_stress_locations=2 Initial|front_rounded_vowels=1 None|gender_distinctions_in_independent_personal_pronouns=6 No gender distinctions|glottalized_consonants=1 -|hand_and_arm=1 Identical|imperative-hortative_systems=1 Maximal system|indefinite_pronouns=1 -|lateral_consonants=4 /l/ and lateral obstruent|locus_of_marking:_whole-language_typology=5 Inconsistent or other|locus_of_marking_in_possessive_noun_phrases=1 Head marking|locus_of_marking_in_the_clause=3 Double marking|m-t_pronouns=1 No M-T pronouns|m_in_first_person_singular=1 No m in first person singular|m_in_second_person_singular=1 No m in second person singular|minor_morphological_means_of_signaling_negation=4 None|n-m_pronouns=1 No N-M pronouns|negative_indefinite_pronouns_and_predicate_negation=1 -|negative_morphemes=6 Double negation|negsov_order=3 OnlyWithAnotherNeg|nominal_and_verbal_conjunction=1 -|nonperiphrastic_causative_constructions=2 Morphological but no compound|number_of_cases=1 No morphological case-marking|number_of_genders=1 None|numeral_classifiers=1 -|obligatory_double_negation=1 -|obligatory_double_negation_in_sov_languages=6 -|occurrence_of_nominal_plurality=6 All nouns, always obligatory|order_of_adjective_and_noun=2 -|order_of_adposition_and_noun_phrase=2 -|order_of_demonstrative_and_noun=1 Demonstrative-Noun|order_of_genitive_and_noun=1 -|order_of_negative_morpheme_and_verb=14 ObligDoubleNeg|order_of_numeral_and_noun=1 -|order_of_object_and_verb=2 -|order_of_person_markers_on_the_verb=1 -|order_of_subject,_object_and_verb=1 SOV|order_of_subject_and_verb=1 -|passive_constructions=1 -|perfective/imperfective_aspect=2 No grammatical marking|person_marking_on_adpositions=2 -|plurality_in_independent_personal_pronouns=7 Person stem + pronominal plural affix|position_of_case_affixes=1 Case suffixes|position_of_interrogative_phrases_in_content_questions=2 -|position_of_negative_word_with_respect_to_subject,_object,_and_verb=18 ObligDoubleNeg|position_of_negative_words_relative_to_beginning_and_end_of_clause_and_with_respect_to_adjacency_to_verb=1 Beginning, not immed preverbal|position_of_pronominal_possessive_affixes=4 No possessive affixes|position_of_tense-aspect_affixes=2 Tense-aspect suffixes|postverbal_negative_morphemes=2 [V-Neg]|presence_of_uncommon_consonants=1 None|preverbal_negative_morphemes=1 -|reduplication=3 No productive reduplication|relationship_between_the_order_of_object_and_verb_and_the_order_of_adjective_and_noun=2 OV and NAdj|relationship_between_the_order_of_object_and_verb_and_the_order_of_adposition_and_noun_phrase=1 OV and Postpositions|semantic_distinctions_of_evidentiality=2 -|sex-based_and_non-sex-based_gender_systems=1 -|snegov_order=4 -|sonegv_order=8 -|sovneg_order=6 Suffix&OnlyWithAnotherNeg|suppletion_according_to_tense_and_aspect=4 -|suppletion_in_imperatives_and_hortatives=5 None (EQUALS no suppletive imperatives reported in the reference material)|syllable_structure=2 Moderately complex|systems_of_gender_assignment=1 No gender|the_future_tense=2 No inflectional future|the_morphological_imperative=5 No second-person imperatives|the_optative=2 -|the_past_tense=1 Present, no remoteness distinctions|the_perfect=4 No perfect|the_position_of_negative_morphemes_in_sov_languages=16 ObligDoubleNeg|the_prohibitive=2 Normal imperative + special negative|the_velar_nasal=3 No velar nasal|third_person_zero_of_verbal_person_marking=1 No person marking|tone=1 -|uvular_consonants=1 None|verbal_number_and_suppletion=1 -|verbal_person_marking=1 No person marking|voicing_and_gaps_in_plosive_systems=2 -|voicing_in_plosives_and_fricatives=1 No voicing contrast|vowel_quality_inventories=2 Average (5-6)|weight-sensitive_stress=8 -|weight_factors_in_weight-sensitive_stress_systems=1 -|zero_marking_of_a_and_p_arguments=2 Non-zero marking
