branch,macroarea,in_branch_frac,repeat,model,f1
Oceanic,Papunesia,0.0,0,Freq,0.5106751298326602
Oceanic,Papunesia,0.0,0,T-CF,0.34131563762261974
Oceanic,Papunesia,0.0,0,Learned,0.3271783035199077
Oceanic,Papunesia,0.0,1,Freq,0.5204847085978073
Oceanic,Papunesia,0.0,1,T-CF,0.34968263127524524
Oceanic,Papunesia,0.0,1,Learned,0.2974610502019619
Oceanic,Papunesia,0.0,2,Freq,0.5213502596653202
Oceanic,Papunesia,0.0,2,T-CF,0.32919792267743797
Oceanic,Papunesia,0.0,2,Learned,0.2879399884593191
Oceanic,Papunesia,0.0,3,Freq,0.5144258511252164
Oceanic,Papunesia,0.0,3,T-CF,0.31592613964223887
Oceanic,Papunesia,0.0,3,Learned,0.32862088863242933
Oceanic,Papunesia,0.0,4,Freq,0.5112521638776688
Oceanic,Papunesia,0.0,4,T-CF,0.3271783035199077
Oceanic,Papunesia,0.0,4,Learned,0.3234275822273514
Oceanic,Papunesia,0.01,0,Freq,0.5106751298326602
Oceanic,Papunesia,0.01,0,T-CF,0.4209463358338142
Oceanic,Papunesia,0.01,0,Learned,0.3871898442008078
Oceanic,Papunesia,0.01,1,Freq,0.5204847085978073
Oceanic,Papunesia,0.01,1,T-CF,0.3857472590882862
Oceanic,Papunesia,0.01,1,Learned,0.3845931909982689
Oceanic,Papunesia,0.01,2,Freq,0.5213502596653202
Oceanic,Papunesia,0.01,2,T-CF,0.4241200230813618
Oceanic,Papunesia,0.01,2,Learned,0.3857472590882862
Oceanic,Papunesia,0.01,3,Freq,0.5144258511252164
Oceanic,Papunesia,0.01,3,T-CF,0.3998845931909983
Oceanic,Papunesia,0.01,3,Learned,0.3698788228505482
Oceanic,Papunesia,0.01,4,Freq,0.5112521638776688
Oceanic,Papunesia,0.01,4,T-CF,0.396133871898442
Oceanic,Papunesia,0.01,4,Learned,0.3724754760530871
Oceanic,Papunesia,0.05,0,Freq,0.5106751298326602
Oceanic,Papunesia,0.05,0,T-CF,0.588863242931333
Oceanic,Papunesia,0.05,0,Learned,0.5781881130986728
Oceanic,Papunesia,0.05,1,Freq,0.5204847085978073
Oceanic,Papunesia,0.05,1,T-CF,0.6105020196191575
Oceanic,Papunesia,0.05,1,Learned,0.5804962492787075
Oceanic,Papunesia,0.05,2,Freq,0.5213502596653202
Oceanic,Papunesia,0.05,2,T-CF,0.5980957876514714
Oceanic,Papunesia,0.05,2,Learned,0.5444316214656665
Oceanic,Papunesia,0.05,3,Freq,0.5144258511252164
Oceanic,Papunesia,0.05,3,T-CF,0.5868436237738026
Oceanic,Papunesia,0.05,3,Learned,0.5605885747259088
Oceanic,Papunesia,0.05,4,Freq,0.5112521638776688
Oceanic,Papunesia,0.05,4,T-CF,0.5934795152914022
Oceanic,Papunesia,0.05,4,Learned,0.5761684939411426
Oceanic,Papunesia,0.1,0,Freq,0.5106751298326602
Oceanic,Papunesia,0.1,0,T-CF,0.6102135025966532
Oceanic,Papunesia,0.1,0,Learned,0.6067512983266012
Oceanic,Papunesia,0.1,1,Freq,0.5204847085978073
Oceanic,Papunesia,0.1,1,T-CF,0.6229082515868436
Oceanic,Papunesia,0.1,1,Learned,0.6220427005193306
Oceanic,Papunesia,0.1,2,Freq,0.5213502596653202
Oceanic,Papunesia,0.1,2,T-CF,0.605597230236584
Oceanic,Papunesia,0.1,2,Learned,0.6087709174841316
Oceanic,Papunesia,0.1,3,Freq,0.5178880553952683
Oceanic,Papunesia,0.1,3,T-CF,0.6102135025966532
Oceanic,Papunesia,0.1,3,Learned,0.6327178303519908
Oceanic,Papunesia,0.1,4,Freq,0.5089440276976341
Oceanic,Papunesia,0.1,4,T-CF,0.6171379111367571
Oceanic,Papunesia,0.1,4,Learned,0.6283900750144259
Oceanic,Papunesia,0.2,0,Freq,0.5129832660126947
Oceanic,Papunesia,0.2,0,T-CF,0.6286785920369302
Oceanic,Papunesia,0.2,0,Learned,0.6653202538949798
Oceanic,Papunesia,0.2,1,Freq,0.5265435660703982
Oceanic,Papunesia,0.2,1,T-CF,0.6376226197345644
Oceanic,Papunesia,0.2,1,Learned,0.65666474321985
Oceanic,Papunesia,0.2,2,Freq,0.5282746682054241
Oceanic,Papunesia,0.2,2,T-CF,0.6393537218695903
Oceanic,Papunesia,0.2,2,Learned,0.6621465666474322
Oceanic,Papunesia,0.2,3,Freq,0.5178880553952683
Oceanic,Papunesia,0.2,3,T-CF,0.6292556260819389
Oceanic,Papunesia,0.2,3,Learned,0.6650317368724755
Oceanic,Papunesia,0.2,4,Freq,0.5161569532602424
Oceanic,Papunesia,0.2,4,T-CF,0.6306982111944605
Oceanic,Papunesia,0.2,4,Learned,0.657530294287363
Bantu,Africa,0.0,0,Freq,0.4844124700239808
Bantu,Africa,0.0,0,T-CF,0.31894484412470026
Bantu,Africa,0.0,0,Learned,0.33525179856115106
Bantu,Africa,0.0,1,Freq,0.4762589928057554
Bantu,Africa,0.0,1,T-CF,0.30071942446043165
Bantu,Africa,0.0,1,Learned,0.34916067146282975
Bantu,Africa,0.0,2,Freq,0.4839328537170264
Bantu,Africa,0.0,2,T-CF,0.3424460431654676
Bantu,Africa,0.0,2,Learned,0.3146282973621103
Bantu,Africa,0.0,3,Freq,0.47961630695443647
Bantu,Africa,0.0,3,T-CF,0.33189448441247005
Bantu,Africa,0.0,3,Learned,0.29256594724220625
Bantu,Africa,0.0,4,Freq,0.4685851318944844
Bantu,Africa,0.0,4,T-CF,0.3486810551558753
Bantu,Africa,0.0,4,Learned,0.290167865707434
Bantu,Africa,0.01,0,Freq,0.4844124700239808
Bantu,Africa,0.01,0,T-CF,0.3640287769784173
Bantu,Africa,0.01,0,Learned,0.3290167865707434
Bantu,Africa,0.01,1,Freq,0.4762589928057554
Bantu,Africa,0.01,1,T-CF,0.3069544364508393
Bantu,Africa,0.01,1,Learned,0.33525179856115106
Bantu,Africa,0.01,2,Freq,0.4839328537170264
Bantu,Africa,0.01,2,T-CF,0.3544364508393285
Bantu,Africa,0.01,2,Learned,0.35251798561151076
Bantu,Africa,0.01,3,Freq,0.47961630695443647
Bantu,Africa,0.01,3,T-CF,0.38225419664268584
Bantu,Africa,0.01,3,Learned,0.3486810551558753
Bantu,Africa,0.01,4,Freq,0.4685851318944844
Bantu,Africa,0.01,4,T-CF,0.3366906474820144
Bantu,Africa,0.01,4,Learned,0.294484412470024
Bantu,Africa,0.05,0,Freq,0.4844124700239808
Bantu,Africa,0.05,0,T-CF,0.5496402877697841
Bantu,Africa,0.05,0,Learned,0.4657074340527578
Bantu,Africa,0.05,1,Freq,0.4762589928057554
Bantu,Africa,0.05,1,T-CF,0.5294964028776978
Bantu,Africa,0.05,1,Learned,0.4983213429256595
Bantu,Africa,0.05,2,Freq,0.4839328537170264
Bantu,Africa,0.05,2,T-CF,0.5434052757793765
Bantu,Africa,0.05,2,Learned,0.4940047961630695
Bantu,Africa,0.05,3,Freq,0.47961630695443647
Bantu,Africa,0.05,3,T-CF,0.5525179856115108
Bantu,Africa,0.05,3,Learned,0.4844124700239808
Bantu,Africa,0.05,4,Freq,0.4685851318944844
Bantu,Africa,0.05,4,T-CF,0.5376498800959233
Bantu,Africa,0.05,4,Learned,0.44844124700239807
Bantu,Africa,0.1,0,Freq,0.4844124700239808
Bantu,Africa,0.1,0,T-CF,0.581294964028777
Bantu,Africa,0.1,0,Learned,0.5328537170263788
Bantu,Africa,0.1,1,Freq,0.4762589928057554
Bantu,Africa,0.1,1,T-CF,0.5693045563549161
Bantu,Africa,0.1,1,Learned,0.5400479616306955
Bantu,Africa,0.1,2,Freq,0.4839328537170264
Bantu,Africa,0.1,2,T-CF,0.573621103117506
Bantu,Africa,0.1,2,Learned,0.5400479616306955
Bantu,Africa,0.1,3,Freq,0.4800959232613909
Bantu,Africa,0.1,3,T-CF,0.5621103117505996
Bantu,Africa,0.1,3,Learned,0.5501199040767386
Bantu,Africa,0.1,4,Freq,0.4685851318944844
Bantu,Africa,0.1,4,T-CF,0.5601918465227818
Bantu,Africa,0.1,4,Learned,0.5333333333333333
Bantu,Africa,0.2,0,Freq,0.48633093525179855
Bantu,Africa,0.2,0,T-CF,0.5976019184652278
Bantu,Africa,0.2,0,Learned,0.5952038369304556
Bantu,Africa,0.2,1,Freq,0.4767386091127098
Bantu,Africa,0.2,1,T-CF,0.581294964028777
Bantu,Africa,0.2,1,Learned,0.6014388489208633
Bantu,Africa,0.2,2,Freq,0.4839328537170264
Bantu,Africa,0.2,2,T-CF,0.5841726618705037
Bantu,Africa,0.2,2,Learned,0.5832134292565947
Bantu,Africa,0.2,3,Freq,0.4800959232613909
Bantu,Africa,0.2,3,T-CF,0.5913669064748202
Bantu,Africa,0.2,3,Learned,0.5884892086330935
Bantu,Africa,0.2,4,Freq,0.4685851318944844
Bantu,Africa,0.2,4,T-CF,0.5856115107913669
Bantu,Africa,0.2,4,Learned,0.5918465227817746
Bodic,Eurasia,0.0,0,Freq,0.4925575101488498
Bodic,Eurasia,0.0,0,T-CF,0.36941813261163736
Bodic,Eurasia,0.0,0,Learned,0.2963464140730717
Bodic,Eurasia,0.0,1,Freq,0.4979702300405954
Bodic,Eurasia,0.0,1,T-CF,0.2638700947225981
Bodic,Eurasia,0.0,1,Learned,0.3071718538565629
Bodic,Eurasia,0.0,2,Freq,0.4993234100135318
Bodic,Eurasia,0.0,2,T-CF,0.34506089309878213
Bodic,Eurasia,0.0,2,Learned,0.30311231393775373
Bodic,Eurasia,0.0,3,Freq,0.48308525033829497
Bodic,Eurasia,0.0,3,T-CF,0.30581867388362655
Bodic,Eurasia,0.0,3,Learned,0.3112313937753721
Bodic,Eurasia,0.0,4,Freq,0.4939106901217862
Bodic,Eurasia,0.0,4,T-CF,0.2882273342354533
Bodic,Eurasia,0.0,4,Learned,0.2936400541271989
Bodic,Eurasia,0.01,0,Freq,0.4925575101488498
Bodic,Eurasia,0.01,0,T-CF,0.38430311231393777
Bodic,Eurasia,0.01,0,Learned,0.39648173207036536
Bodic,Eurasia,0.01,1,Freq,0.4979702300405954
Bodic,Eurasia,0.01,1,T-CF,0.36941813261163736
Bodic,Eurasia,0.01,1,Learned,0.33152909336941816
Bodic,Eurasia,0.01,2,Freq,0.4993234100135318
Bodic,Eurasia,0.01,2,T-CF,0.30311231393775373
Bodic,Eurasia,0.01,2,Learned,0.38159675236806495
Bodic,Eurasia,0.01,3,Freq,0.48308525033829497
Bodic,Eurasia,0.01,3,T-CF,0.2895805142083897
Bodic,Eurasia,0.01,3,Learned,0.3382949932341001
Bodic,Eurasia,0.01,4,Freq,0.4939106901217862
Bodic,Eurasia,0.01,4,T-CF,0.3261163734776725
Bodic,Eurasia,0.01,4,Learned,0.3342354533152909
Bodic,Eurasia,0.05,0,Freq,0.4925575101488498
Bodic,Eurasia,0.05,0,T-CF,0.564276048714479
Bodic,Eurasia,0.05,0,Learned,0.5493910690121786
Bodic,Eurasia,0.05,1,Freq,0.4979702300405954
Bodic,Eurasia,0.05,1,T-CF,0.5331529093369418
Bodic,Eurasia,0.05,1,Learned,0.571041948579161
Bodic,Eurasia,0.05,2,Freq,0.4993234100135318
Bodic,Eurasia,0.05,2,T-CF,0.5534506089309879
Bodic,Eurasia,0.05,2,Learned,0.5345060893098782
Bodic,Eurasia,0.05,3,Freq,0.48308525033829497
Bodic,Eurasia,0.05,3,T-CF,0.5115020297699594
Bodic,Eurasia,0.05,3,Learned,0.557510148849797
Bodic,Eurasia,0.05,4,Freq,0.4939106901217862
Bodic,Eurasia,0.05,4,T-CF,0.543978349120433
Bodic,Eurasia,0.05,4,Learned,0.5290933694181326
Bodic,Eurasia,0.1,0,Freq,0.4925575101488498
Bodic,Eurasia,0.1,0,T-CF,0.5751014884979703
Bodic,Eurasia,0.1,0,Learned,0.6143437077131259
Bodic,Eurasia,0.1,1,Freq,0.4979702300405954
Bodic,Eurasia,0.1,1,T-CF,0.5723951285520974
Bodic,Eurasia,0.1,1,Learned,0.5953991880920162
Bodic,Eurasia,0.1,2,Freq,0.4993234100135318
Bodic,Eurasia,0.1,2,T-CF,0.591339648173207
Bodic,Eurasia,0.1,2,Learned,0.5994587280108254
Bodic,Eurasia,0.1,3,Freq,0.48308525033829497
Bodic,Eurasia,0.1,3,T-CF,0.5426251691474966
Bodic,Eurasia,0.1,3,Learned,0.6143437077131259
Bodic,Eurasia,0.1,4,Freq,0.4939106901217862
Bodic,Eurasia,0.1,4,T-CF,0.5751014884979703
Bodic,Eurasia,0.1,4,Learned,0.5859269282814614
Bodic,Eurasia,0.2,0,Freq,0.4925575101488498
Bodic,Eurasia,0.2,0,T-CF,0.5832205683355887
Bodic,Eurasia,0.2,0,Learned,0.6414073071718539
Bodic,Eurasia,0.2,1,Freq,0.4979702300405954
Bodic,Eurasia,0.2,1,T-CF,0.577807848443843
Bodic,Eurasia,0.2,1,Learned,0.6508795669824087
Bodic,Eurasia,0.2,2,Freq,0.4993234100135318
Bodic,Eurasia,0.2,2,T-CF,0.5764546684709067
Bodic,Eurasia,0.2,2,Learned,0.6508795669824087
Bodic,Eurasia,0.2,3,Freq,0.48308525033829497
Bodic,Eurasia,0.2,3,T-CF,0.571041948579161
Bodic,Eurasia,0.2,3,Learned,0.6332882273342354
Bodic,Eurasia,0.2,4,Freq,0.4939106901217862
Bodic,Eurasia,0.2,4,T-CF,0.5791610284167794
Bodic,Eurasia,0.2,4,Learned,0.6373477672530447
Indic,Eurasia,0.0,0,Freq,0.5820359281437125
Indic,Eurasia,0.0,0,T-CF,0.35449101796407184
Indic,Eurasia,0.0,0,Learned,0.3449101796407186
Indic,Eurasia,0.0,1,Freq,0.5856287425149701
Indic,Eurasia,0.0,1,T-CF,0.29101796407185626
Indic,Eurasia,0.0,1,Learned,0.3005988023952096
Indic,Eurasia,0.0,2,Freq,0.5796407185628742
Indic,Eurasia,0.0,2,T-CF,0.3197604790419162
Indic,Eurasia,0.0,2,Learned,0.25508982035928146
Indic,Eurasia,0.0,3,Freq,0.5820359281437125
Indic,Eurasia,0.0,3,T-CF,0.32455089820359284
Indic,Eurasia,0.0,3,Learned,0.36766467065868264
Indic,Eurasia,0.0,4,Freq,0.5868263473053892
Indic,Eurasia,0.0,4,T-CF,0.3389221556886228
Indic,Eurasia,0.0,4,Learned,0.2934131736526946
Indic,Eurasia,0.01,0,Freq,0.5820359281437125
Indic,Eurasia,0.01,0,T-CF,0.45868263473053894
Indic,Eurasia,0.01,0,Learned,0.41437125748502995
Indic,Eurasia,0.01,1,Freq,0.5856287425149701
Indic,Eurasia,0.01,1,T-CF,0.43353293413173655
Indic,Eurasia,0.01,1,Learned,0.4718562874251497
Indic,Eurasia,0.01,2,Freq,0.5796407185628742
Indic,Eurasia,0.01,2,T-CF,0.4419161676646707
Indic,Eurasia,0.01,2,Learned,0.3664670658682635
Indic,Eurasia,0.01,3,Freq,0.5820359281437125
Indic,Eurasia,0.01,3,T-CF,0.42634730538922155
Indic,Eurasia,0.01,3,Learned,0.3089820359281437
Indic,Eurasia,0.01,4,Freq,0.5868263473053892
Indic,Eurasia,0.01,4,T-CF,0.3916167664670659
Indic,Eurasia,0.01,4,Learned,0.39520958083832336
Indic,Eurasia,0.05,0,Freq,0.5820359281437125
Indic,Eurasia,0.05,0,T-CF,0.5688622754491018
Indic,Eurasia,0.05,0,Learned,0.5964071856287425
Indic,Eurasia,0.05,1,Freq,0.5856287425149701
Indic,Eurasia,0.05,1,T-CF,0.6011976047904192
Indic,Eurasia,0.05,1,Learned,0.5820359281437125
Indic,Eurasia,0.05,2,Freq,0.5796407185628742
Indic,Eurasia,0.05,2,T-CF,0.6083832335329341
Indic,Eurasia,0.05,2,Learned,0.6095808383233533
Indic,Eurasia,0.05,3,Freq,0.5820359281437125
Indic,Eurasia,0.05,3,T-CF,0.5832335329341317
Indic,Eurasia,0.05,3,Learned,0.5353293413173653
Indic,Eurasia,0.05,4,Freq,0.5868263473053892
Indic,Eurasia,0.05,4,T-CF,0.6
Indic,Eurasia,0.05,4,Learned,0.577245508982036
Indic,Eurasia,0.1,0,Freq,0.5820359281437125
Indic,Eurasia,0.1,0,T-CF,0.6119760479041916
Indic,Eurasia,0.1,0,Learned,0.6574850299401198
Indic,Eurasia,0.1,1,Freq,0.5856287425149701
Indic,Eurasia,0.1,1,T-CF,0.6347305389221557
Indic,Eurasia,0.1,1,Learned,0.6275449101796408
Indic,Eurasia,0.1,2,Freq,0.5796407185628742
Indic,Eurasia,0.1,2,T-CF,0.615568862275449
Indic,Eurasia,0.1,2,Learned,0.6419161676646706
Indic,Eurasia,0.1,3,Freq,0.5820359281437125
Indic,Eurasia,0.1,3,T-CF,0.6083832335329341
Indic,Eurasia,0.1,3,Learned,0.6
Indic,Eurasia,0.1,4,Freq,0.5868263473053892
Indic,Eurasia,0.1,4,T-CF,0.6167664670658682
Indic,Eurasia,0.1,4,Learned,0.6562874251497006
Indic,Eurasia,0.2,0,Freq,0.5820359281437125
Indic,Eurasia,0.2,0,T-CF,0.61437125748503
Indic,Eurasia,0.2,0,Learned,0.688622754491018
Indic,Eurasia,0.2,1,Freq,0.5856287425149701
Indic,Eurasia,0.2,1,T-CF,0.6479041916167665
Indic,Eurasia,0.2,1,Learned,0.6718562874251497
Indic,Eurasia,0.2,2,Freq,0.5796407185628742
Indic,Eurasia,0.2,2,T-CF,0.6167664670658682
Indic,Eurasia,0.2,2,Learned,0.6622754491017964
Indic,Eurasia,0.2,3,Freq,0.5820359281437125
Indic,Eurasia,0.2,3,T-CF,0.637125748502994
Indic,Eurasia,0.2,3,Learned,0.6862275449101797
Indic,Eurasia,0.2,4,Freq,0.5868263473053892
Indic,Eurasia,0.2,4,T-CF,0.6359281437125749
Indic,Eurasia,0.2,4,Learned,0.6790419161676646
Western Pama-Nyungan,Australia,0.0,0,Freq,0.536115569823435
Western Pama-Nyungan,Australia,0.0,0,T-CF,0.32423756019261635
Western Pama-Nyungan,Australia,0.0,0,Learned,0.36918138041733545
Western Pama-Nyungan,Australia,0.0,1,Freq,0.536115569823435
Western Pama-Nyungan,Australia,0.0,1,T-CF,0.21348314606741572
Western Pama-Nyungan,Australia,0.0,1,Learned,0.27447833065810595
Western Pama-Nyungan,Australia,0.0,2,Freq,0.5345104333868379
Western Pama-Nyungan,Australia,0.0,2,T-CF,0.33547351524879615
Western Pama-Nyungan,Australia,0.0,2,Learned,0.33386837881219905
Western Pama-Nyungan,Australia,0.0,3,Freq,0.5393258426966292
Western Pama-Nyungan,Australia,0.0,3,T-CF,0.29373996789727125
Western Pama-Nyungan,Australia,0.0,3,Learned,0.32102728731942215
Western Pama-Nyungan,Australia,0.0,4,Freq,0.5441412520064205
Western Pama-Nyungan,Australia,0.0,4,T-CF,0.38202247191011235
Western Pama-Nyungan,Australia,0.0,4,Learned,0.4301765650080257
Western Pama-Nyungan,Australia,0.01,0,Freq,0.536115569823435
Western Pama-Nyungan,Australia,0.01,0,T-CF,0.4157303370786517
Western Pama-Nyungan,Australia,0.01,0,Learned,0.26003210272873195
Western Pama-Nyungan,Australia,0.01,1,Freq,0.536115569823435
Western Pama-Nyungan,Australia,0.01,1,T-CF,0.3451043338683788
Western Pama-Nyungan,Australia,0.01,1,Learned,0.32263242375601925
Western Pama-Nyungan,Australia,0.01,2,Freq,0.5345104333868379
Western Pama-Nyungan,Australia,0.01,2,T-CF,0.2808988764044944
Western Pama-Nyungan,Australia,0.01,2,Learned,0.30658105939004815
Western Pama-Nyungan,Australia,0.01,3,Freq,0.5393258426966292
Western Pama-Nyungan,Australia,0.01,3,T-CF,0.33226324237560195
Western Pama-Nyungan,Australia,0.01,3,Learned,0.4012841091492777
Western Pama-Nyungan,Australia,0.01,4,Freq,0.5441412520064205
Western Pama-Nyungan,Australia,0.01,4,T-CF,0.3130016051364366
Western Pama-Nyungan,Australia,0.01,4,Learned,0.31781701444622795
Western Pama-Nyungan,Australia,0.05,0,Freq,0.536115569823435
Western Pama-Nyungan,Australia,0.05,0,T-CF,0.5280898876404494
Western Pama-Nyungan,Australia,0.05,0,Learned,0.5200642054574639
Western Pama-Nyungan,Australia,0.05,1,Freq,0.536115569823435
Western Pama-Nyungan,Australia,0.05,1,T-CF,0.5457463884430177
Western Pama-Nyungan,Australia,0.05,1,Learned,0.42375601926163725
Western Pama-Nyungan,Australia,0.05,2,Freq,0.5345104333868379
Western Pama-Nyungan,Australia,0.05,2,T-CF,0.5104333868378812
Western Pama-Nyungan,Australia,0.05,2,Learned,0.4943820224719101
Western Pama-Nyungan,Australia,0.05,3,Freq,0.5393258426966292
Western Pama-Nyungan,Australia,0.05,3,T-CF,0.5377207062600321
Western Pama-Nyungan,Australia,0.05,3,Learned,0.5168539325842697
Western Pama-Nyungan,Australia,0.05,4,Freq,0.5441412520064205
Western Pama-Nyungan,Australia,0.05,4,T-CF,0.536115569823435
Western Pama-Nyungan,Australia,0.05,4,Learned,0.478330658105939
Western Pama-Nyungan,Australia,0.1,0,Freq,0.536115569823435
Western Pama-Nyungan,Australia,0.1,0,T-CF,0.5634028892455859
Western Pama-Nyungan,Australia,0.1,0,Learned,0.5521669341894061
Western Pama-Nyungan,Australia,0.1,1,Freq,0.536115569823435
Western Pama-Nyungan,Australia,0.1,1,T-CF,0.5409309791332263
Western Pama-Nyungan,Australia,0.1,1,Learned,0.565008025682183
Western Pama-Nyungan,Australia,0.1,2,Freq,0.5345104333868379
Western Pama-Nyungan,Australia,0.1,2,T-CF,0.5473515248796148
Western Pama-Nyungan,Australia,0.1,2,Learned,0.5746388443017657
Western Pama-Nyungan,Australia,0.1,3,Freq,0.5393258426966292
Western Pama-Nyungan,Australia,0.1,3,T-CF,0.5457463884430177
Western Pama-Nyungan,Australia,0.1,3,Learned,0.5473515248796148
Western Pama-Nyungan,Australia,0.1,4,Freq,0.5441412520064205
Western Pama-Nyungan,Australia,0.1,4,T-CF,0.5473515248796148
Western Pama-Nyungan,Australia,0.1,4,Learned,0.4799357945425361
Western Pama-Nyungan,Australia,0.2,0,Freq,0.5409309791332263
Western Pama-Nyungan,Australia,0.2,0,T-CF,0.550561797752809
Western Pama-Nyungan,Australia,0.2,0,Learned,0.6051364365971108
Western Pama-Nyungan,Australia,0.2,1,Freq,0.536115569823435
Western Pama-Nyungan,Australia,0.2,1,T-CF,0.5537720706260032
Western Pama-Nyungan,Australia,0.2,1,Learned,0.5874799357945425
Western Pama-Nyungan,Australia,0.2,2,Freq,0.5393258426966292
Western Pama-Nyungan,Australia,0.2,2,T-CF,0.5634028892455859
Western Pama-Nyungan,Australia,0.2,2,Learned,0.5890850722311396
Western Pama-Nyungan,Australia,0.2,3,Freq,0.5425361155698234
Western Pama-Nyungan,Australia,0.2,3,T-CF,0.5409309791332263
Western Pama-Nyungan,Australia,0.2,3,Learned,0.5778491171749599
Western Pama-Nyungan,Australia,0.2,4,Freq,0.5441412520064205
Western Pama-Nyungan,Australia,0.2,4,T-CF,0.5762439807383628
Western Pama-Nyungan,Australia,0.2,4,Learned,0.5810593900481541
Semitic,Africa,0.0,0,Freq,0.5219123505976095
Semitic,Africa,0.0,0,T-CF,0.3107569721115538
Semitic,Africa,0.0,0,Learned,0.24302788844621515
Semitic,Africa,0.0,1,Freq,0.5192563081009296
Semitic,Africa,0.0,1,T-CF,0.33598937583001326
Semitic,Africa,0.0,1,Learned,0.28021248339973437
Semitic,Africa,0.0,2,Freq,0.5166002656042497
Semitic,Africa,0.0,2,T-CF,0.2961487383798141
Semitic,Africa,0.0,2,Learned,0.2855245683930943
Semitic,Africa,0.0,3,Freq,0.5232403718459495
Semitic,Africa,0.0,3,T-CF,0.2788844621513944
Semitic,Africa,0.0,3,Learned,0.2682602921646746
Semitic,Africa,0.0,4,Freq,0.5139442231075697
Semitic,Africa,0.0,4,T-CF,0.3466135458167331
Semitic,Africa,0.0,4,Learned,0.3598937583001328
Semitic,Africa,0.01,0,Freq,0.5219123505976095
Semitic,Africa,0.01,0,T-CF,0.42363877822045154
Semitic,Africa,0.01,0,Learned,0.33200531208499334
Semitic,Africa,0.01,1,Freq,0.5192563081009296
Semitic,Africa,0.01,1,T-CF,0.398406374501992
Semitic,Africa,0.01,1,Learned,0.3386454183266932
Semitic,Africa,0.01,2,Freq,0.5166002656042497
Semitic,Africa,0.01,2,T-CF,0.40903054448871184
Semitic,Africa,0.01,2,Learned,0.39575033200531207
Semitic,Africa,0.01,3,Freq,0.5232403718459495
Semitic,Africa,0.01,3,T-CF,0.4050464807436919
Semitic,Africa,0.01,3,Learned,0.3691899070385126
Semitic,Africa,0.01,4,Freq,0.5139442231075697
Semitic,Africa,0.01,4,T-CF,0.4541832669322709
Semitic,Africa,0.01,4,Learned,0.46082337317397076
Semitic,Africa,0.05,0,Freq,0.5219123505976095
Semitic,Africa,0.05,0,T-CF,0.5245683930942895
Semitic,Africa,0.05,0,Learned,0.4820717131474104
Semitic,Africa,0.05,1,Freq,0.5192563081009296
Semitic,Africa,0.05,1,T-CF,0.5378486055776892
Semitic,Africa,0.05,1,Learned,0.4900398406374502
Semitic,Africa,0.05,2,Freq,0.5166002656042497
Semitic,Africa,0.05,2,T-CF,0.5272244355909694
Semitic,Africa,0.05,2,Learned,0.48738379814077026
Semitic,Africa,0.05,3,Freq,0.5232403718459495
Semitic,Africa,0.05,3,T-CF,0.5351925630810093
Semitic,Africa,0.05,3,Learned,0.4634794156706507
Semitic,Africa,0.05,4,Freq,0.5139442231075697
Semitic,Africa,0.05,4,T-CF,0.5391766268260292
Semitic,Africa,0.05,4,Learned,0.5285524568393094
Semitic,Africa,0.1,0,Freq,0.5219123505976095
Semitic,Africa,0.1,0,T-CF,0.5431606905710491
Semitic,Africa,0.1,0,Learned,0.5285524568393094
Semitic,Africa,0.1,1,Freq,0.5192563081009296
Semitic,Africa,0.1,1,T-CF,0.5351925630810093
Semitic,Africa,0.1,1,Learned,0.5099601593625498
Semitic,Africa,0.1,2,Freq,0.5139442231075697
Semitic,Africa,0.1,2,T-CF,0.545816733067729
Semitic,Africa,0.1,2,Learned,0.5391766268260292
Semitic,Africa,0.1,3,Freq,0.5232403718459495
Semitic,Africa,0.1,3,T-CF,0.5511288180610889
Semitic,Africa,0.1,3,Learned,0.5524568393094289
Semitic,Africa,0.1,4,Freq,0.5166002656042497
Semitic,Africa,0.1,4,T-CF,0.5511288180610889
Semitic,Africa,0.1,4,Learned,0.5630810092961488
Semitic,Africa,0.2,0,Freq,0.5219123505976095
Semitic,Africa,0.2,0,T-CF,0.5537848605577689
Semitic,Africa,0.2,0,Learned,0.5790172642762285
Semitic,Africa,0.2,1,Freq,0.5179282868525896
Semitic,Africa,0.2,1,T-CF,0.5630810092961488
Semitic,Africa,0.2,1,Learned,0.5776892430278885
Semitic,Africa,0.2,2,Freq,0.5192563081009296
Semitic,Africa,0.2,2,T-CF,0.5537848605577689
Semitic,Africa,0.2,2,Learned,0.5710491367861886
Semitic,Africa,0.2,3,Freq,0.5219123505976095
Semitic,Africa,0.2,3,T-CF,0.5564409030544488
Semitic,Africa,0.2,3,Learned,0.5644090305444888
Semitic,Africa,0.2,4,Freq,0.5139442231075697
Semitic,Africa,0.2,4,T-CF,0.5511288180610889
Semitic,Africa,0.2,4,Learned,0.5723771580345286
Northern Pama-Nyungan,Australia,0.0,0,Freq,0.5819112627986348
Northern Pama-Nyungan,Australia,0.0,0,T-CF,0.363481228668942
Northern Pama-Nyungan,Australia,0.0,0,Learned,0.36689419795221845
Northern Pama-Nyungan,Australia,0.0,1,Freq,0.5836177474402731
Northern Pama-Nyungan,Australia,0.0,1,T-CF,0.19795221843003413
Northern Pama-Nyungan,Australia,0.0,1,Learned,0.3651877133105802
Northern Pama-Nyungan,Australia,0.0,2,Freq,0.590443686006826
Northern Pama-Nyungan,Australia,0.0,2,T-CF,0.32593856655290104
Northern Pama-Nyungan,Australia,0.0,2,Learned,0.39590443686006827
Northern Pama-Nyungan,Australia,0.0,3,Freq,0.5819112627986348
Northern Pama-Nyungan,Australia,0.0,3,T-CF,0.4351535836177474
Northern Pama-Nyungan,Australia,0.0,3,Learned,0.36689419795221845
Northern Pama-Nyungan,Australia,0.0,4,Freq,0.5750853242320819
Northern Pama-Nyungan,Australia,0.0,4,T-CF,0.21843003412969283
Northern Pama-Nyungan,Australia,0.0,4,Learned,0.3771331058020478
Northern Pama-Nyungan,Australia,0.01,0,Freq,0.5819112627986348
Northern Pama-Nyungan,Australia,0.01,0,T-CF,0.4044368600682594
Northern Pama-Nyungan,Australia,0.01,0,Learned,0.3856655290102389
Northern Pama-Nyungan,Australia,0.01,1,Freq,0.5836177474402731
Northern Pama-Nyungan,Australia,0.01,1,T-CF,0.4453924914675768
Northern Pama-Nyungan,Australia,0.01,1,Learned,0.37542662116040953
Northern Pama-Nyungan,Australia,0.01,2,Freq,0.590443686006826
Northern Pama-Nyungan,Australia,0.01,2,T-CF,0.45733788395904434
Northern Pama-Nyungan,Australia,0.01,2,Learned,0.45051194539249145
Northern Pama-Nyungan,Australia,0.01,3,Freq,0.5819112627986348
Northern Pama-Nyungan,Australia,0.01,3,T-CF,0.40955631399317405
Northern Pama-Nyungan,Australia,0.01,3,Learned,0.34812286689419797
Northern Pama-Nyungan,Australia,0.01,4,Freq,0.5750853242320819
Northern Pama-Nyungan,Australia,0.01,4,T-CF,0.36006825938566556
Northern Pama-Nyungan,Australia,0.01,4,Learned,0.3412969283276451
Northern Pama-Nyungan,Australia,0.05,0,Freq,0.5819112627986348
Northern Pama-Nyungan,Australia,0.05,0,T-CF,0.5802047781569966
Northern Pama-Nyungan,Australia,0.05,0,Learned,0.5136518771331058
Northern Pama-Nyungan,Australia,0.05,1,Freq,0.5836177474402731
Northern Pama-Nyungan,Australia,0.05,1,T-CF,0.5887372013651877
Northern Pama-Nyungan,Australia,0.05,1,Learned,0.5750853242320819
Northern Pama-Nyungan,Australia,0.05,2,Freq,0.590443686006826
Northern Pama-Nyungan,Australia,0.05,2,T-CF,0.5750853242320819
Northern Pama-Nyungan,Australia,0.05,2,Learned,0.5511945392491467
Northern Pama-Nyungan,Australia,0.05,3,Freq,0.5819112627986348
Northern Pama-Nyungan,Australia,0.05,3,T-CF,0.5802047781569966
Northern Pama-Nyungan,Australia,0.05,3,Learned,0.5068259385665529
Northern Pama-Nyungan,Australia,0.05,4,Freq,0.5750853242320819
Northern Pama-Nyungan,Australia,0.05,4,T-CF,0.5614334470989761
Northern Pama-Nyungan,Australia,0.05,4,Learned,0.515358361774744
Northern Pama-Nyungan,Australia,0.1,0,Freq,0.5819112627986348
Northern Pama-Nyungan,Australia,0.1,0,T-CF,0.5870307167235495
Northern Pama-Nyungan,Australia,0.1,0,Learned,0.5784982935153583
Northern Pama-Nyungan,Australia,0.1,1,Freq,0.5836177474402731
Northern Pama-Nyungan,Australia,0.1,1,T-CF,0.5921501706484642
Northern Pama-Nyungan,Australia,0.1,1,Learned,0.5699658703071673
Northern Pama-Nyungan,Australia,0.1,2,Freq,0.590443686006826
Northern Pama-Nyungan,Australia,0.1,2,T-CF,0.5802047781569966
Northern Pama-Nyungan,Australia,0.1,2,Learned,0.590443686006826
Northern Pama-Nyungan,Australia,0.1,3,Freq,0.5819112627986348
Northern Pama-Nyungan,Australia,0.1,3,T-CF,0.5853242320819113
Northern Pama-Nyungan,Australia,0.1,3,Learned,0.5819112627986348
Northern Pama-Nyungan,Australia,0.1,4,Freq,0.5750853242320819
Northern Pama-Nyungan,Australia,0.1,4,T-CF,0.5938566552901023
Northern Pama-Nyungan,Australia,0.1,4,Learned,0.5784982935153583
Northern Pama-Nyungan,Australia,0.2,0,Freq,0.5819112627986348
Northern Pama-Nyungan,Australia,0.2,0,T-CF,0.5819112627986348
Northern Pama-Nyungan,Australia,0.2,0,Learned,0.5972696245733788
Northern Pama-Nyungan,Australia,0.2,1,Freq,0.5836177474402731
Northern Pama-Nyungan,Australia,0.2,1,T-CF,0.6109215017064846
Northern Pama-Nyungan,Australia,0.2,1,Learned,0.6040955631399317
Northern Pama-Nyungan,Australia,0.2,2,Freq,0.590443686006826
Northern Pama-Nyungan,Australia,0.2,2,T-CF,0.6126279863481229
Northern Pama-Nyungan,Australia,0.2,2,Learned,0.6040955631399317
Northern Pama-Nyungan,Australia,0.2,3,Freq,0.5819112627986348
Northern Pama-Nyungan,Australia,0.2,3,T-CF,0.6109215017064846
Northern Pama-Nyungan,Australia,0.2,3,Learned,0.6126279863481229
Northern Pama-Nyungan,Australia,0.2,4,Freq,0.5750853242320819
Northern Pama-Nyungan,Australia,0.2,4,T-CF,0.5887372013651877
Northern Pama-Nyungan,Australia,0.2,4,Learned,0.6228668941979523
Turkic,Eurasia,0.0,0,Freq,0.6056129985228951
Turkic,Eurasia,0.0,0,T-CF,0.3766617429837518
Turkic,Eurasia,0.0,0,Learned,0.36336779911373707
Turkic,Eurasia,0.0,1,Freq,0.6100443131462334
Turkic,Eurasia,0.0,1,T-CF,0.3766617429837518
Turkic,Eurasia,0.0,1,Learned,0.24076809453471196
Turkic,Eurasia,0.0,2,Freq,0.5893648449039882
Turkic,Eurasia,0.0,2,T-CF,0.2776957163958641
Turkic,Eurasia,0.0,2,Learned,0.2776957163958641
Turkic,Eurasia,0.0,3,Freq,0.6144756277695717
Turkic,Eurasia,0.0,3,T-CF,0.2481536189069424
Turkic,Eurasia,0.0,3,Learned,0.3175775480059084
Turkic,Eurasia,0.0,4,Freq,0.5997045790251108
Turkic,Eurasia,0.0,4,T-CF,0.32644017725258495
Turkic,Eurasia,0.0,4,Learned,0.36336779911373707
Turkic,Eurasia,0.01,0,Freq,0.6056129985228951
Turkic,Eurasia,0.01,0,T-CF,0.5110782865583456
Turkic,Eurasia,0.01,0,Learned,0.4948301329394387
Turkic,Eurasia,0.01,1,Freq,0.6100443131462334
Turkic,Eurasia,0.01,1,T-CF,0.5317577548005908
Turkic,Eurasia,0.01,1,Learned,0.4815361890694239
Turkic,Eurasia,0.01,2,Freq,0.5893648449039882
Turkic,Eurasia,0.01,2,T-CF,0.4254062038404727
Turkic,Eurasia,0.01,2,Learned,0.361890694239291
Turkic,Eurasia,0.01,3,Freq,0.6144756277695717
Turkic,Eurasia,0.01,3,T-CF,0.5598227474150664
Turkic,Eurasia,0.01,3,Learned,0.5361890694239291
Turkic,Eurasia,0.01,4,Freq,0.5997045790251108
Turkic,Eurasia,0.01,4,T-CF,0.5155096011816839
Turkic,Eurasia,0.01,4,Learned,0.5553914327917282
Turkic,Eurasia,0.05,0,Freq,0.6056129985228951
Turkic,Eurasia,0.05,0,T-CF,0.638109305760709
Turkic,Eurasia,0.05,0,Learned,0.5908419497784343
Turkic,Eurasia,0.05,1,Freq,0.6100443131462334
Turkic,Eurasia,0.05,1,T-CF,0.621861152141802
Turkic,Eurasia,0.05,1,Learned,0.6144756277695717
Turkic,Eurasia,0.05,2,Freq,0.5893648449039882
Turkic,Eurasia,0.05,2,T-CF,0.6189069423929099
Turkic,Eurasia,0.05,2,Learned,0.6129985228951256
Turkic,Eurasia,0.05,3,Freq,0.6144756277695717
Turkic,Eurasia,0.05,3,T-CF,0.6469719350073855
Turkic,Eurasia,0.05,3,Learned,0.6632200886262924
Turkic,Eurasia,0.05,4,Freq,0.5982274741506647
Turkic,Eurasia,0.05,4,T-CF,0.6026587887740029
Turkic,Eurasia,0.05,4,Learned,0.621861152141802
Turkic,Eurasia,0.1,0,Freq,0.6056129985228951
Turkic,Eurasia,0.1,0,T-CF,0.6351550960118169
Turkic,Eurasia,0.1,0,Learned,0.6942392909896603
Turkic,Eurasia,0.1,1,Freq,0.6100443131462334
Turkic,Eurasia,0.1,1,T-CF,0.6322008862629247
Turkic,Eurasia,0.1,1,Learned,0.6986706056129985
Turkic,Eurasia,0.1,2,Freq,0.5893648449039882
Turkic,Eurasia,0.1,2,T-CF,0.6248153618906942
Turkic,Eurasia,0.1,2,Learned,0.6868537666174298
Turkic,Eurasia,0.1,3,Freq,0.6115214180206795
Turkic,Eurasia,0.1,3,T-CF,0.6617429837518464
Turkic,Eurasia,0.1,3,Learned,0.689807976366322
Turkic,Eurasia,0.1,4,Freq,0.5997045790251108
Turkic,Eurasia,0.1,4,T-CF,0.6410635155096012
Turkic,Eurasia,0.1,4,Learned,0.6617429837518464
Turkic,Eurasia,0.2,0,Freq,0.6056129985228951
Turkic,Eurasia,0.2,0,T-CF,0.6587887740029542
Turkic,Eurasia,0.2,0,Learned,0.7163958641063516
Turkic,Eurasia,0.2,1,Freq,0.6100443131462334
Turkic,Eurasia,0.2,1,T-CF,0.6351550960118169
Turkic,Eurasia,0.2,1,Learned,0.7178729689807977
Turkic,Eurasia,0.2,2,Freq,0.5893648449039882
Turkic,Eurasia,0.2,2,T-CF,0.6425406203840472
Turkic,Eurasia,0.2,2,Learned,0.707533234859675
Turkic,Eurasia,0.2,3,Freq,0.6115214180206795
Turkic,Eurasia,0.2,3,T-CF,0.6632200886262924
Turkic,Eurasia,0.2,3,Learned,0.7149187592319055
Turkic,Eurasia,0.2,4,Freq,0.5997045790251108
Turkic,Eurasia,0.2,4,T-CF,0.6351550960118169
Turkic,Eurasia,0.2,4,Learned,0.7045790251107829
Himalayish,Eurasia,0.0,0,Freq,0.50187265917603
Himalayish,Eurasia,0.0,0,T-CF,0.2153558052434457
Himalayish,Eurasia,0.0,0,Learned,0.26217228464419473
Himalayish,Eurasia,0.0,1,Freq,0.4812734082397004
Himalayish,Eurasia,0.0,1,T-CF,0.33707865168539325
Himalayish,Eurasia,0.0,1,Learned,0.2846441947565543
Himalayish,Eurasia,0.0,2,Freq,0.4943820224719101
Himalayish,Eurasia,0.0,2,T-CF,0.2546816479400749
Himalayish,Eurasia,0.0,2,Learned,0.3146067415730337
Himalayish,Eurasia,0.0,3,Freq,0.4737827715355805
Himalayish,Eurasia,0.0,3,T-CF,0.33146067415730335
Himalayish,Eurasia,0.0,3,Learned,0.3445692883895131
Himalayish,Eurasia,0.0,4,Freq,0.4850187265917603
Himalayish,Eurasia,0.0,4,T-CF,0.22284644194756553
Himalayish,Eurasia,0.0,4,Learned,0.3202247191011236
Himalayish,Eurasia,0.01,0,Freq,0.50187265917603
Himalayish,Eurasia,0.01,0,T-CF,0.3202247191011236
Himalayish,Eurasia,0.01,0,Learned,0.352059925093633
Himalayish,Eurasia,0.01,1,Freq,0.4812734082397004
Himalayish,Eurasia,0.01,1,T-CF,0.3352059925093633
Himalayish,Eurasia,0.01,1,Learned,0.32209737827715357
Himalayish,Eurasia,0.01,2,Freq,0.4943820224719101
Himalayish,Eurasia,0.01,2,T-CF,0.3333333333333333
Himalayish,Eurasia,0.01,2,Learned,0.30337078651685395
Himalayish,Eurasia,0.01,3,Freq,0.4737827715355805
Himalayish,Eurasia,0.01,3,T-CF,0.2752808988764045
Himalayish,Eurasia,0.01,3,Learned,0.26779026217228463
Himalayish,Eurasia,0.01,4,Freq,0.4850187265917603
Himalayish,Eurasia,0.01,4,T-CF,0.27340823970037453
Himalayish,Eurasia,0.01,4,Learned,0.4438202247191011
Himalayish,Eurasia,0.05,0,Freq,0.50187265917603
Himalayish,Eurasia,0.05,0,T-CF,0.5355805243445693
Himalayish,Eurasia,0.05,0,Learned,0.5149812734082397
Himalayish,Eurasia,0.05,1,Freq,0.4812734082397004
Himalayish,Eurasia,0.05,1,T-CF,0.5318352059925093
Himalayish,Eurasia,0.05,1,Learned,0.49625468164794007
Himalayish,Eurasia,0.05,2,Freq,0.4943820224719101
Himalayish,Eurasia,0.05,2,T-CF,0.5262172284644194
Himalayish,Eurasia,0.05,2,Learned,0.5655430711610487
Himalayish,Eurasia,0.05,3,Freq,0.4737827715355805
Himalayish,Eurasia,0.05,3,T-CF,0.5037453183520599
Himalayish,Eurasia,0.05,3,Learned,0.5299625468164794
Himalayish,Eurasia,0.05,4,Freq,0.4850187265917603
Himalayish,Eurasia,0.05,4,T-CF,0.5805243445692884
Himalayish,Eurasia,0.05,4,Learned,0.5393258426966292
Himalayish,Eurasia,0.1,0,Freq,0.50187265917603
Himalayish,Eurasia,0.1,0,T-CF,0.5636704119850188
Himalayish,Eurasia,0.1,0,Learned,0.5973782771535581
Himalayish,Eurasia,0.1,1,Freq,0.4812734082397004
Himalayish,Eurasia,0.1,1,T-CF,0.5430711610486891
Himalayish,Eurasia,0.1,1,Learned,0.5767790262172284
Himalayish,Eurasia,0.1,2,Freq,0.4943820224719101
Himalayish,Eurasia,0.1,2,T-CF,0.5730337078651685
Himalayish,Eurasia,0.1,2,Learned,0.6235955056179775
Himalayish,Eurasia,0.1,3,Freq,0.4737827715355805
Himalayish,Eurasia,0.1,3,T-CF,0.5374531835205992
Himalayish,Eurasia,0.1,3,Learned,0.5823970037453183
Himalayish,Eurasia,0.1,4,Freq,0.4850187265917603
Himalayish,Eurasia,0.1,4,T-CF,0.5767790262172284
Himalayish,Eurasia,0.1,4,Learned,0.6235955056179775
Himalayish,Eurasia,0.2,0,Freq,0.50187265917603
Himalayish,Eurasia,0.2,0,T-CF,0.5917602996254682
Himalayish,Eurasia,0.2,0,Learned,0.6685393258426966
Himalayish,Eurasia,0.2,1,Freq,0.4812734082397004
Himalayish,Eurasia,0.2,1,T-CF,0.5955056179775281
Himalayish,Eurasia,0.2,1,Learned,0.6554307116104869
Himalayish,Eurasia,0.2,2,Freq,0.4943820224719101
Himalayish,Eurasia,0.2,2,T-CF,0.5711610486891385
Himalayish,Eurasia,0.2,2,Learned,0.6573033707865169
Himalayish,Eurasia,0.2,3,Freq,0.4737827715355805
Himalayish,Eurasia,0.2,3,T-CF,0.5767790262172284
Himalayish,Eurasia,0.2,3,Learned,0.6460674157303371
Himalayish,Eurasia,0.2,4,Freq,0.4850187265917603
Himalayish,Eurasia,0.2,4,T-CF,0.5861423220973783
Himalayish,Eurasia,0.2,4,Learned,0.6666666666666666
Biu-Mandara,Africa,0.0,0,Freq,0.45951859956236324
Biu-Mandara,Africa,0.0,0,T-CF,0.36323851203501095
Biu-Mandara,Africa,0.0,0,Learned,0.31947483588621445
Biu-Mandara,Africa,0.0,1,Freq,0.4726477024070022
Biu-Mandara,Africa,0.0,1,T-CF,0.16192560175054704
Biu-Mandara,Africa,0.0,1,Learned,0.1925601750547046
Biu-Mandara,Africa,0.0,2,Freq,0.4617067833698031
Biu-Mandara,Africa,0.0,2,T-CF,0.3347921225382932
Biu-Mandara,Africa,0.0,2,Learned,0.27571115973741794
Biu-Mandara,Africa,0.0,3,Freq,0.47921225382932164
Biu-Mandara,Africa,0.0,3,T-CF,0.4048140043763676
Biu-Mandara,Africa,0.0,3,Learned,0.3150984682713348
Biu-Mandara,Africa,0.0,4,Freq,0.47045951859956237
Biu-Mandara,Africa,0.0,4,T-CF,0.3063457330415755
Biu-Mandara,Africa,0.0,4,Learned,0.2844638949671772
Biu-Mandara,Africa,0.01,0,Freq,0.45951859956236324
Biu-Mandara,Africa,0.01,0,T-CF,0.32166301969365424
Biu-Mandara,Africa,0.01,0,Learned,0.2910284463894967
Biu-Mandara,Africa,0.01,1,Freq,0.4726477024070022
Biu-Mandara,Africa,0.01,1,T-CF,0.40919037199124725
Biu-Mandara,Africa,0.01,1,Learned,0.33916849015317285
Biu-Mandara,Africa,0.01,2,Freq,0.4617067833698031
Biu-Mandara,Africa,0.01,2,T-CF,0.38293216630196936
Biu-Mandara,Africa,0.01,2,Learned,0.3588621444201313
Biu-Mandara,Africa,0.01,3,Freq,0.47921225382932164
Biu-Mandara,Africa,0.01,3,T-CF,0.34573304157549234
Biu-Mandara,Africa,0.01,3,Learned,0.2603938730853392
Biu-Mandara,Africa,0.01,4,Freq,0.47045951859956237
Biu-Mandara,Africa,0.01,4,T-CF,0.36542669584245074
Biu-Mandara,Africa,0.01,4,Learned,0.30196936542669583
Biu-Mandara,Africa,0.05,0,Freq,0.45951859956236324
Biu-Mandara,Africa,0.05,0,T-CF,0.6039387308533917
Biu-Mandara,Africa,0.05,0,Learned,0.5776805251641138
Biu-Mandara,Africa,0.05,1,Freq,0.4726477024070022
Biu-Mandara,Africa,0.05,1,T-CF,0.6061269146608315
Biu-Mandara,Africa,0.05,1,Learned,0.6017505470459519
Biu-Mandara,Africa,0.05,2,Freq,0.4617067833698031
Biu-Mandara,Africa,0.05,2,T-CF,0.5776805251641138
Biu-Mandara,Africa,0.05,2,Learned,0.5054704595185996
Biu-Mandara,Africa,0.05,3,Freq,0.47921225382932164
Biu-Mandara,Africa,0.05,3,T-CF,0.6280087527352297
Biu-Mandara,Africa,0.05,3,Learned,0.5864332603938731
Biu-Mandara,Africa,0.05,4,Freq,0.48577680525164113
Biu-Mandara,Africa,0.05,4,T-CF,0.6148796498905909
Biu-Mandara,Africa,0.05,4,Learned,0.6652078774617067
Biu-Mandara,Africa,0.1,0,Freq,0.474835886214442
Biu-Mandara,Africa,0.1,0,T-CF,0.6586433260393874
Biu-Mandara,Africa,0.1,0,Learned,0.6433260393873085
Biu-Mandara,Africa,0.1,1,Freq,0.4726477024070022
Biu-Mandara,Africa,0.1,1,T-CF,0.649890590809628
Biu-Mandara,Africa,0.1,1,Learned,0.6892778993435449
Biu-Mandara,Africa,0.1,2,Freq,0.47702407002188185
Biu-Mandara,Africa,0.1,2,T-CF,0.6105032822757112
Biu-Mandara,Africa,0.1,2,Learned,0.6258205689277899
Biu-Mandara,Africa,0.1,3,Freq,0.47921225382932164
Biu-Mandara,Africa,0.1,3,T-CF,0.6717724288840262
Biu-Mandara,Africa,0.1,3,Learned,0.6761487964989059
Biu-Mandara,Africa,0.1,4,Freq,0.48577680525164113
Biu-Mandara,Africa,0.1,4,T-CF,0.6301969365426696
Biu-Mandara,Africa,0.1,4,Learned,0.6892778993435449
Biu-Mandara,Africa,0.2,0,Freq,0.474835886214442
Biu-Mandara,Africa,0.2,0,T-CF,0.6411378555798687
Biu-Mandara,Africa,0.2,0,Learned,0.7155361050328227
Biu-Mandara,Africa,0.2,1,Freq,0.487964989059081
Biu-Mandara,Africa,0.2,1,T-CF,0.6236323851203501
Biu-Mandara,Africa,0.2,1,Learned,0.6761487964989059
Biu-Mandara,Africa,0.2,2,Freq,0.47702407002188185
Biu-Mandara,Africa,0.2,2,T-CF,0.6367614879649891
Biu-Mandara,Africa,0.2,2,Learned,0.6652078774617067
Biu-Mandara,Africa,0.2,3,Freq,0.487964989059081
Biu-Mandara,Africa,0.2,3,T-CF,0.6652078774617067
Biu-Mandara,Africa,0.2,3,Learned,0.7133479212253829
Biu-Mandara,Africa,0.2,4,Freq,0.4617067833698031
Biu-Mandara,Africa,0.2,4,T-CF,0.6586433260393874
Biu-Mandara,Africa,0.2,4,Learned,0.7286652078774617
Mayan,North America,0.0,0,Freq,0.4925053533190578
Mayan,North America,0.0,0,T-CF,0.3169164882226981
Mayan,North America,0.0,0,Learned,0.40471092077087795
Mayan,North America,0.0,1,Freq,0.49678800856531047
Mayan,North America,0.0,1,T-CF,0.3854389721627409
Mayan,North America,0.0,1,Learned,0.33832976445396146
Mayan,North America,0.0,2,Freq,0.48822269807280516
Mayan,North America,0.0,2,T-CF,0.39828693790149894
Mayan,North America,0.0,2,Learned,0.3340471092077088
Mayan,North America,0.0,3,Freq,0.4796573875802998
Mayan,North America,0.0,3,T-CF,0.2762312633832976
Mayan,North America,0.0,3,Learned,0.278372591006424
Mayan,North America,0.0,4,Freq,0.4860813704496788
Mayan,North America,0.0,4,T-CF,0.26124197002141325
Mayan,North America,0.0,4,Learned,0.29978586723768735
Mayan,North America,0.01,0,Freq,0.4925053533190578
Mayan,North America,0.01,0,T-CF,0.44539614561027835
Mayan,North America,0.01,0,Learned,0.2955032119914347
Mayan,North America,0.01,1,Freq,0.49678800856531047
Mayan,North America,0.01,1,T-CF,0.41541755888650966
Mayan,North America,0.01,1,Learned,0.4732334047109208
Mayan,North America,0.01,2,Freq,0.48822269807280516
Mayan,North America,0.01,2,T-CF,0.43683083511777304
Mayan,North America,0.01,2,Learned,0.44325481798715205
Mayan,North America,0.01,3,Freq,0.4796573875802998
Mayan,North America,0.01,3,T-CF,0.4689507494646681
Mayan,North America,0.01,3,Learned,0.4025695931477516
Mayan,North America,0.01,4,Freq,0.4860813704496788
Mayan,North America,0.01,4,T-CF,0.47109207708779444
Mayan,North America,0.01,4,Learned,0.44967880085653106
Mayan,North America,0.05,0,Freq,0.4925053533190578
Mayan,North America,0.05,0,T-CF,0.5160599571734475
Mayan,North America,0.05,0,Learned,0.4860813704496788
Mayan,North America,0.05,1,Freq,0.49678800856531047
Mayan,North America,0.05,1,T-CF,0.5139186295503212
Mayan,North America,0.05,1,Learned,0.4732334047109208
Mayan,North America,0.05,2,Freq,0.48822269807280516
Mayan,North America,0.05,2,T-CF,0.5481798715203426
Mayan,North America,0.05,2,Learned,0.5396145610278372
Mayan,North America,0.05,3,Freq,0.4796573875802998
Mayan,North America,0.05,3,T-CF,0.5310492505353319
Mayan,North America,0.05,3,Learned,0.5032119914346895
Mayan,North America,0.05,4,Freq,0.4860813704496788
Mayan,North America,0.05,4,T-CF,0.5246252676659529
Mayan,North America,0.05,4,Learned,0.5289079229122056
Mayan,North America,0.1,0,Freq,0.4925053533190578
Mayan,North America,0.1,0,T-CF,0.5417558886509636
Mayan,North America,0.1,0,Learned,0.49036402569593146
Mayan,North America,0.1,1,Freq,0.49678800856531047
Mayan,North America,0.1,1,T-CF,0.550321199143469
Mayan,North America,0.1,1,Learned,0.5781584582441114
Mayan,North America,0.1,2,Freq,0.48822269807280516
Mayan,North America,0.1,2,T-CF,0.5460385438972163
Mayan,North America,0.1,2,Learned,0.5867237687366167
Mayan,North America,0.1,3,Freq,0.4796573875802998
Mayan,North America,0.1,3,T-CF,0.556745182012848
Mayan,North America,0.1,3,Learned,0.5331905781584583
Mayan,North America,0.1,4,Freq,0.4860813704496788
Mayan,North America,0.1,4,T-CF,0.5374732334047109
Mayan,North America,0.1,4,Learned,0.5738758029978587
Mayan,North America,0.2,0,Freq,0.4925053533190578
Mayan,North America,0.2,0,T-CF,0.563169164882227
Mayan,North America,0.2,0,Learned,0.5524625267665952
Mayan,North America,0.2,1,Freq,0.49678800856531047
Mayan,North America,0.2,1,T-CF,0.5717344753747323
Mayan,North America,0.2,1,Learned,0.6209850107066381
Mayan,North America,0.2,2,Freq,0.48822269807280516
Mayan,North America,0.2,2,T-CF,0.563169164882227
Mayan,North America,0.2,2,Learned,0.6059957173447538
Mayan,North America,0.2,3,Freq,0.4796573875802998
Mayan,North America,0.2,3,T-CF,0.5546038543897216
Mayan,North America,0.2,3,Learned,0.5588865096359743
Mayan,North America,0.2,4,Freq,0.4860813704496788
Mayan,North America,0.2,4,T-CF,0.5481798715203426
Mayan,North America,0.2,4,Learned,0.5910064239828694
Dravidian,Eurasia,0.0,0,Freq,0.594306049822064
Dravidian,Eurasia,0.0,0,T-CF,0.45729537366548045
Dravidian,Eurasia,0.0,0,Learned,0.30071174377224197
Dravidian,Eurasia,0.0,1,Freq,0.6014234875444839
Dravidian,Eurasia,0.0,1,T-CF,0.3220640569395018
Dravidian,Eurasia,0.0,1,Learned,0.29537366548042704
Dravidian,Eurasia,0.0,2,Freq,0.608540925266904
Dravidian,Eurasia,0.0,2,T-CF,0.38434163701067614
Dravidian,Eurasia,0.0,2,Learned,0.36476868327402134
Dravidian,Eurasia,0.0,3,Freq,0.597864768683274
Dravidian,Eurasia,0.0,3,T-CF,0.24733096085409254
Dravidian,Eurasia,0.0,3,Learned,0.26868327402135234
Dravidian,Eurasia,0.0,4,Freq,0.6120996441281139
Dravidian,Eurasia,0.0,4,T-CF,0.3167259786476868
Dravidian,Eurasia,0.0,4,Learned,0.3274021352313167
Dravidian,Eurasia,0.01,0,Freq,0.594306049822064
Dravidian,Eurasia,0.01,0,T-CF,0.4928825622775801
Dravidian,Eurasia,0.01,0,Learned,0.4234875444839858
Dravidian,Eurasia,0.01,1,Freq,0.6014234875444839
Dravidian,Eurasia,0.01,1,T-CF,0.5658362989323843
Dravidian,Eurasia,0.01,1,Learned,0.4501779359430605
Dravidian,Eurasia,0.01,2,Freq,0.608540925266904
Dravidian,Eurasia,0.01,2,T-CF,0.5373665480427047
Dravidian,Eurasia,0.01,2,Learned,0.49466192170818507
Dravidian,Eurasia,0.01,3,Freq,0.597864768683274
Dravidian,Eurasia,0.01,3,T-CF,0.5409252669039146
Dravidian,Eurasia,0.01,3,Learned,0.505338078291815
Dravidian,Eurasia,0.01,4,Freq,0.6120996441281139
Dravidian,Eurasia,0.01,4,T-CF,0.5693950177935944
Dravidian,Eurasia,0.01,4,Learned,0.4608540925266904
Dravidian,Eurasia,0.05,0,Freq,0.594306049822064
Dravidian,Eurasia,0.05,0,T-CF,0.6281138790035588
Dravidian,Eurasia,0.05,0,Learned,0.6494661921708185
Dravidian,Eurasia,0.05,1,Freq,0.6014234875444839
Dravidian,Eurasia,0.05,1,T-CF,0.6370106761565836
Dravidian,Eurasia,0.05,1,Learned,0.6138790035587188
Dravidian,Eurasia,0.05,2,Freq,0.608540925266904
Dravidian,Eurasia,0.05,2,T-CF,0.6441281138790036
Dravidian,Eurasia,0.05,2,Learned,0.6921708185053381
Dravidian,Eurasia,0.05,3,Freq,0.599644128113879
Dravidian,Eurasia,0.05,3,T-CF,0.6459074733096085
Dravidian,Eurasia,0.05,3,Learned,0.6743772241992882
Dravidian,Eurasia,0.05,4,Freq,0.6120996441281139
Dravidian,Eurasia,0.05,4,T-CF,0.6761565836298933
Dravidian,Eurasia,0.05,4,Learned,0.6886120996441281
Dravidian,Eurasia,0.1,0,Freq,0.594306049822064
Dravidian,Eurasia,0.1,0,T-CF,0.6263345195729537
Dravidian,Eurasia,0.1,0,Learned,0.7135231316725978
Dravidian,Eurasia,0.1,1,Freq,0.603202846975089
Dravidian,Eurasia,0.1,1,T-CF,0.6441281138790036
Dravidian,Eurasia,0.1,1,Learned,0.6921708185053381
Dravidian,Eurasia,0.1,2,Freq,0.6103202846975089
Dravidian,Eurasia,0.1,2,T-CF,0.6619217081850534
Dravidian,Eurasia,0.1,2,Learned,0.7277580071174378
Dravidian,Eurasia,0.1,3,Freq,0.599644128113879
Dravidian,Eurasia,0.1,3,T-CF,0.6690391459074733
Dravidian,Eurasia,0.1,3,Learned,0.7384341637010676
Dravidian,Eurasia,0.1,4,Freq,0.6120996441281139
Dravidian,Eurasia,0.1,4,T-CF,0.6850533807829181
Dravidian,Eurasia,0.1,4,Learned,0.702846975088968
Dravidian,Eurasia,0.2,0,Freq,0.594306049822064
Dravidian,Eurasia,0.2,0,T-CF,0.6743772241992882
Dravidian,Eurasia,0.2,0,Learned,0.7437722419928826
Dravidian,Eurasia,0.2,1,Freq,0.603202846975089
Dravidian,Eurasia,0.2,1,T-CF,0.6743772241992882
Dravidian,Eurasia,0.2,1,Learned,0.7597864768683275
Dravidian,Eurasia,0.2,2,Freq,0.6103202846975089
Dravidian,Eurasia,0.2,2,T-CF,0.6814946619217082
Dravidian,Eurasia,0.2,2,Learned,0.7437722419928826
Dravidian,Eurasia,0.2,3,Freq,0.599644128113879
Dravidian,Eurasia,0.2,3,T-CF,0.6601423487544484
Dravidian,Eurasia,0.2,3,Learned,0.7633451957295374
Dravidian,Eurasia,0.2,4,Freq,0.6138790035587188
Dravidian,Eurasia,0.2,4,T-CF,0.6957295373665481
Dravidian,Eurasia,0.2,4,Learned,0.7526690391459074
Central Malayo-Polynesian,Papunesia,0.0,0,Freq,0.5359116022099447
Central Malayo-Polynesian,Papunesia,0.0,0,T-CF,0.3342541436464088
Central Malayo-Polynesian,Papunesia,0.0,0,Learned,0.31215469613259667
Central Malayo-Polynesian,Papunesia,0.0,1,Freq,0.5524861878453039
Central Malayo-Polynesian,Papunesia,0.0,1,T-CF,0.36187845303867405
Central Malayo-Polynesian,Papunesia,0.0,1,Learned,0.35911602209944754
Central Malayo-Polynesian,Papunesia,0.0,2,Freq,0.5469613259668509
Central Malayo-Polynesian,Papunesia,0.0,2,T-CF,0.31215469613259667
Central Malayo-Polynesian,Papunesia,0.0,2,Learned,0.3314917127071823
Central Malayo-Polynesian,Papunesia,0.0,3,Freq,0.5331491712707183
Central Malayo-Polynesian,Papunesia,0.0,3,T-CF,0.31215469613259667
Central Malayo-Polynesian,Papunesia,0.0,3,Learned,0.27624309392265195
Central Malayo-Polynesian,Papunesia,0.0,4,Freq,0.5469613259668509
Central Malayo-Polynesian,Papunesia,0.0,4,T-CF,0.26795580110497236
Central Malayo-Polynesian,Papunesia,0.0,4,Learned,0.32044198895027626
Central Malayo-Polynesian,Papunesia,0.01,0,Freq,0.5359116022099447
Central Malayo-Polynesian,Papunesia,0.01,0,T-CF,0.2513812154696133
Central Malayo-Polynesian,Papunesia,0.01,0,Learned,0.27624309392265195
Central Malayo-Polynesian,Papunesia,0.01,1,Freq,0.5524861878453039
Central Malayo-Polynesian,Papunesia,0.01,1,T-CF,0.3701657458563536
Central Malayo-Polynesian,Papunesia,0.01,1,Learned,0.24585635359116023
Central Malayo-Polynesian,Papunesia,0.01,2,Freq,0.5469613259668509
Central Malayo-Polynesian,Papunesia,0.01,2,T-CF,0.35082872928176795
Central Malayo-Polynesian,Papunesia,0.01,2,Learned,0.27900552486187846
Central Malayo-Polynesian,Papunesia,0.01,3,Freq,0.5331491712707183
Central Malayo-Polynesian,Papunesia,0.01,3,T-CF,0.42265193370165743
Central Malayo-Polynesian,Papunesia,0.01,3,Learned,0.425414364640884
Central Malayo-Polynesian,Papunesia,0.01,4,Freq,0.5469613259668509
Central Malayo-Polynesian,Papunesia,0.01,4,T-CF,0.3839779005524862
Central Malayo-Polynesian,Papunesia,0.01,4,Learned,0.3314917127071823
Central Malayo-Polynesian,Papunesia,0.05,0,Freq,0.5359116022099447
Central Malayo-Polynesian,Papunesia,0.05,0,T-CF,0.5966850828729282
Central Malayo-Polynesian,Papunesia,0.05,0,Learned,0.5607734806629834
Central Malayo-Polynesian,Papunesia,0.05,1,Freq,0.5524861878453039
Central Malayo-Polynesian,Papunesia,0.05,1,T-CF,0.574585635359116
Central Malayo-Polynesian,Papunesia,0.05,1,Learned,0.5497237569060773
Central Malayo-Polynesian,Papunesia,0.05,2,Freq,0.5469613259668509
Central Malayo-Polynesian,Papunesia,0.05,2,T-CF,0.5939226519337016
Central Malayo-Polynesian,Papunesia,0.05,2,Learned,0.56353591160221
Central Malayo-Polynesian,Papunesia,0.05,3,Freq,0.5331491712707183
Central Malayo-Polynesian,Papunesia,0.05,3,T-CF,0.5607734806629834
Central Malayo-Polynesian,Papunesia,0.05,3,Learned,0.5607734806629834
Central Malayo-Polynesian,Papunesia,0.05,4,Freq,0.5469613259668509
Central Malayo-Polynesian,Papunesia,0.05,4,T-CF,0.5939226519337016
Central Malayo-Polynesian,Papunesia,0.05,4,Learned,0.511049723756906
Central Malayo-Polynesian,Papunesia,0.1,0,Freq,0.5359116022099447
Central Malayo-Polynesian,Papunesia,0.1,0,T-CF,0.6077348066298343
Central Malayo-Polynesian,Papunesia,0.1,0,Learned,0.6325966850828729
Central Malayo-Polynesian,Papunesia,0.1,1,Freq,0.5524861878453039
Central Malayo-Polynesian,Papunesia,0.1,1,T-CF,0.638121546961326
Central Malayo-Polynesian,Papunesia,0.1,1,Learned,0.6519337016574586
Central Malayo-Polynesian,Papunesia,0.1,2,Freq,0.5469613259668509
Central Malayo-Polynesian,Papunesia,0.1,2,T-CF,0.6519337016574586
Central Malayo-Polynesian,Papunesia,0.1,2,Learned,0.643646408839779
Central Malayo-Polynesian,Papunesia,0.1,3,Freq,0.5331491712707183
Central Malayo-Polynesian,Papunesia,0.1,3,T-CF,0.6243093922651933
Central Malayo-Polynesian,Papunesia,0.1,3,Learned,0.6408839779005525
Central Malayo-Polynesian,Papunesia,0.1,4,Freq,0.5469613259668509
Central Malayo-Polynesian,Papunesia,0.1,4,T-CF,0.6049723756906077
Central Malayo-Polynesian,Papunesia,0.1,4,Learned,0.5359116022099447
Central Malayo-Polynesian,Papunesia,0.2,0,Freq,0.5359116022099447
Central Malayo-Polynesian,Papunesia,0.2,0,T-CF,0.6132596685082873
Central Malayo-Polynesian,Papunesia,0.2,0,Learned,0.6657458563535912
Central Malayo-Polynesian,Papunesia,0.2,1,Freq,0.5524861878453039
Central Malayo-Polynesian,Papunesia,0.2,1,T-CF,0.6408839779005525
Central Malayo-Polynesian,Papunesia,0.2,1,Learned,0.6740331491712708
Central Malayo-Polynesian,Papunesia,0.2,2,Freq,0.5469613259668509
Central Malayo-Polynesian,Papunesia,0.2,2,T-CF,0.6574585635359116
Central Malayo-Polynesian,Papunesia,0.2,2,Learned,0.7071823204419889
Central Malayo-Polynesian,Papunesia,0.2,3,Freq,0.5331491712707183
Central Malayo-Polynesian,Papunesia,0.2,3,T-CF,0.6215469613259669
Central Malayo-Polynesian,Papunesia,0.2,3,Learned,0.6546961325966851
Central Malayo-Polynesian,Papunesia,0.2,4,Freq,0.5469613259668509
Central Malayo-Polynesian,Papunesia,0.2,4,T-CF,0.6325966850828729
Central Malayo-Polynesian,Papunesia,0.2,4,Learned,0.6546961325966851
Iranian,Eurasia,0.0,0,Freq,0.5
Iranian,Eurasia,0.0,0,T-CF,0.36650485436893204
Iranian,Eurasia,0.0,0,Learned,0.38349514563106796
Iranian,Eurasia,0.0,1,Freq,0.5266990291262136
Iranian,Eurasia,0.0,1,T-CF,0.1820388349514563
Iranian,Eurasia,0.0,1,Learned,0.38106796116504854
Iranian,Eurasia,0.0,2,Freq,0.5436893203883495
Iranian,Eurasia,0.0,2,T-CF,0.4563106796116505
Iranian,Eurasia,0.0,2,Learned,0.33495145631067963
Iranian,Eurasia,0.0,3,Freq,0.5364077669902912
Iranian,Eurasia,0.0,3,T-CF,0.3155339805825243
Iranian,Eurasia,0.0,3,Learned,0.3640776699029126
Iranian,Eurasia,0.0,4,Freq,0.5266990291262136
Iranian,Eurasia,0.0,4,T-CF,0.25
Iranian,Eurasia,0.0,4,Learned,0.3422330097087379
Iranian,Eurasia,0.01,0,Freq,0.5
Iranian,Eurasia,0.01,0,T-CF,0.3567961165048544
Iranian,Eurasia,0.01,0,Learned,0.3567961165048544
Iranian,Eurasia,0.01,1,Freq,0.5266990291262136
Iranian,Eurasia,0.01,1,T-CF,0.4199029126213592
Iranian,Eurasia,0.01,1,Learned,0.3786407766990291
Iranian,Eurasia,0.01,2,Freq,0.5436893203883495
Iranian,Eurasia,0.01,2,T-CF,0.49029126213592233
Iranian,Eurasia,0.01,2,Learned,0.4223300970873786
Iranian,Eurasia,0.01,3,Freq,0.5364077669902912
Iranian,Eurasia,0.01,3,T-CF,0.3276699029126214
Iranian,Eurasia,0.01,3,Learned,0.4077669902912621
Iranian,Eurasia,0.01,4,Freq,0.5266990291262136
Iranian,Eurasia,0.01,4,T-CF,0.32524271844660196
Iranian,Eurasia,0.01,4,Learned,0.38349514563106796
Iranian,Eurasia,0.05,0,Freq,0.5
Iranian,Eurasia,0.05,0,T-CF,0.5218446601941747
Iranian,Eurasia,0.05,0,Learned,0.5024271844660194
Iranian,Eurasia,0.05,1,Freq,0.5266990291262136
Iranian,Eurasia,0.05,1,T-CF,0.5655339805825242
Iranian,Eurasia,0.05,1,Learned,0.48058252427184467
Iranian,Eurasia,0.05,2,Freq,0.5436893203883495
Iranian,Eurasia,0.05,2,T-CF,0.558252427184466
Iranian,Eurasia,0.05,2,Learned,0.5266990291262136
Iranian,Eurasia,0.05,3,Freq,0.5364077669902912
Iranian,Eurasia,0.05,3,T-CF,0.5461165048543689
Iranian,Eurasia,0.05,3,Learned,0.4975728155339806
Iranian,Eurasia,0.05,4,Freq,0.5266990291262136
Iranian,Eurasia,0.05,4,T-CF,0.5364077669902912
Iranian,Eurasia,0.05,4,Learned,0.4684466019417476
Iranian,Eurasia,0.1,0,Freq,0.5
Iranian,Eurasia,0.1,0,T-CF,0.5412621359223301
Iranian,Eurasia,0.1,0,Learned,0.5485436893203883
Iranian,Eurasia,0.1,1,Freq,0.5266990291262136
Iranian,Eurasia,0.1,1,T-CF,0.5364077669902912
Iranian,Eurasia,0.1,1,Learned,0.5194174757281553
Iranian,Eurasia,0.1,2,Freq,0.5436893203883495
Iranian,Eurasia,0.1,2,T-CF,0.558252427184466
Iranian,Eurasia,0.1,2,Learned,0.5995145631067961
Iranian,Eurasia,0.1,3,Freq,0.5364077669902912
Iranian,Eurasia,0.1,3,T-CF,0.5752427184466019
Iranian,Eurasia,0.1,3,Learned,0.5242718446601942
Iranian,Eurasia,0.1,4,Freq,0.5266990291262136
Iranian,Eurasia,0.1,4,T-CF,0.5509708737864077
Iranian,Eurasia,0.1,4,Learned,0.5072815533980582
Iranian,Eurasia,0.2,0,Freq,0.5
Iranian,Eurasia,0.2,0,T-CF,0.5631067961165048
Iranian,Eurasia,0.2,0,Learned,0.5898058252427184
Iranian,Eurasia,0.2,1,Freq,0.5266990291262136
Iranian,Eurasia,0.2,1,T-CF,0.5461165048543689
Iranian,Eurasia,0.2,1,Learned,0.5849514563106796
Iranian,Eurasia,0.2,2,Freq,0.5436893203883495
Iranian,Eurasia,0.2,2,T-CF,0.5800970873786407
Iranian,Eurasia,0.2,2,Learned,0.6043689320388349
Iranian,Eurasia,0.2,3,Freq,0.5364077669902912
Iranian,Eurasia,0.2,3,T-CF,0.5509708737864077
Iranian,Eurasia,0.2,3,Learned,0.5946601941747572
Iranian,Eurasia,0.2,4,Freq,0.5266990291262136
Iranian,Eurasia,0.2,4,T-CF,0.5509708737864077
Iranian,Eurasia,0.2,4,Learned,0.5631067961165048
Ubangi,Africa,0.0,0,Freq,0.45194805194805193
Ubangi,Africa,0.0,0,T-CF,0.2025974025974026
Ubangi,Africa,0.0,0,Learned,0.2961038961038961
Ubangi,Africa,0.0,1,Freq,0.43636363636363634
Ubangi,Africa,0.0,1,T-CF,0.35064935064935066
Ubangi,Africa,0.0,1,Learned,0.2909090909090909
Ubangi,Africa,0.0,2,Freq,0.43636363636363634
Ubangi,Africa,0.0,2,T-CF,0.38961038961038963
Ubangi,Africa,0.0,2,Learned,0.2571428571428571
Ubangi,Africa,0.0,3,Freq,0.45454545454545453
Ubangi,Africa,0.0,3,T-CF,0.24935064935064935
Ubangi,Africa,0.0,3,Learned,0.3194805194805195
Ubangi,Africa,0.0,4,Freq,0.4675324675324675
Ubangi,Africa,0.0,4,T-CF,0.34285714285714286
Ubangi,Africa,0.0,4,Learned,0.34285714285714286
Ubangi,Africa,0.01,0,Freq,0.45194805194805193
Ubangi,Africa,0.01,0,T-CF,0.3220779220779221
Ubangi,Africa,0.01,0,Learned,0.33766233766233766
Ubangi,Africa,0.01,1,Freq,0.43636363636363634
Ubangi,Africa,0.01,1,T-CF,0.3974025974025974
Ubangi,Africa,0.01,1,Learned,0.42597402597402595
Ubangi,Africa,0.01,2,Freq,0.43636363636363634
Ubangi,Africa,0.01,2,T-CF,0.3064935064935065
Ubangi,Africa,0.01,2,Learned,0.3142857142857143
Ubangi,Africa,0.01,3,Freq,0.45454545454545453
Ubangi,Africa,0.01,3,T-CF,0.32987012987012987
Ubangi,Africa,0.01,3,Learned,0.3974025974025974
Ubangi,Africa,0.01,4,Freq,0.4675324675324675
Ubangi,Africa,0.01,4,T-CF,0.44675324675324674
Ubangi,Africa,0.01,4,Learned,0.42337662337662335
Ubangi,Africa,0.05,0,Freq,0.4623376623376623
Ubangi,Africa,0.05,0,T-CF,0.5272727272727272
Ubangi,Africa,0.05,0,Learned,0.5142857142857142
Ubangi,Africa,0.05,1,Freq,0.43636363636363634
Ubangi,Africa,0.05,1,T-CF,0.5376623376623376
Ubangi,Africa,0.05,1,Learned,0.5532467532467532
Ubangi,Africa,0.05,2,Freq,0.43636363636363634
Ubangi,Africa,0.05,2,T-CF,0.5324675324675324
Ubangi,Africa,0.05,2,Learned,0.5298701298701298
Ubangi,Africa,0.05,3,Freq,0.45454545454545453
Ubangi,Africa,0.05,3,T-CF,0.5402597402597402
Ubangi,Africa,0.05,3,Learned,0.5792207792207792
Ubangi,Africa,0.05,4,Freq,0.4779220779220779
Ubangi,Africa,0.05,4,T-CF,0.587012987012987
Ubangi,Africa,0.05,4,Learned,0.574025974025974
Ubangi,Africa,0.1,0,Freq,0.4623376623376623
Ubangi,Africa,0.1,0,T-CF,0.574025974025974
Ubangi,Africa,0.1,0,Learned,0.5948051948051948
Ubangi,Africa,0.1,1,Freq,0.44415584415584414
Ubangi,Africa,0.1,1,T-CF,0.5584415584415584
Ubangi,Africa,0.1,1,Learned,0.5922077922077922
Ubangi,Africa,0.1,2,Freq,0.44415584415584414
Ubangi,Africa,0.1,2,T-CF,0.5662337662337662
Ubangi,Africa,0.1,2,Learned,0.6025974025974026
Ubangi,Africa,0.1,3,Freq,0.45454545454545453
Ubangi,Africa,0.1,3,T-CF,0.548051948051948
Ubangi,Africa,0.1,3,Learned,0.6155844155844156
Ubangi,Africa,0.1,4,Freq,0.4779220779220779
Ubangi,Africa,0.1,4,T-CF,0.5584415584415584
Ubangi,Africa,0.1,4,Learned,0.5896103896103896
Ubangi,Africa,0.2,0,Freq,0.4623376623376623
Ubangi,Africa,0.2,0,T-CF,0.5662337662337662
Ubangi,Africa,0.2,0,Learned,0.6467532467532467
Ubangi,Africa,0.2,1,Freq,0.44415584415584414
Ubangi,Africa,0.2,1,T-CF,0.5584415584415584
Ubangi,Africa,0.2,1,Learned,0.625974025974026
Ubangi,Africa,0.2,2,Freq,0.44415584415584414
Ubangi,Africa,0.2,2,T-CF,0.548051948051948
Ubangi,Africa,0.2,2,Learned,0.6415584415584416
Ubangi,Africa,0.2,3,Freq,0.45454545454545453
Ubangi,Africa,0.2,3,T-CF,0.5844155844155844
Ubangi,Africa,0.2,3,Learned,0.6519480519480519
Ubangi,Africa,0.2,4,Freq,0.4779220779220779
Ubangi,Africa,0.2,4,T-CF,0.5714285714285714
Ubangi,Africa,0.2,4,Learned,0.6545454545454545
Western Mande,Africa,0.0,0,Freq,0.5761194029850746
Western Mande,Africa,0.0,0,T-CF,0.3641791044776119
Western Mande,Africa,0.0,0,Learned,0.35522388059701493
Western Mande,Africa,0.0,1,Freq,0.6119402985074627
Western Mande,Africa,0.0,1,T-CF,0.3582089552238806
Western Mande,Africa,0.0,1,Learned,0.3522388059701492
Western Mande,Africa,0.0,2,Freq,0.5701492537313433
Western Mande,Africa,0.0,2,T-CF,0.30149253731343284
Western Mande,Africa,0.0,2,Learned,0.34328358208955223
Western Mande,Africa,0.0,3,Freq,0.5970149253731343
Western Mande,Africa,0.0,3,T-CF,0.3641791044776119
Western Mande,Africa,0.0,3,Learned,0.35522388059701493
Western Mande,Africa,0.0,4,Freq,0.5880597014925373
Western Mande,Africa,0.0,4,T-CF,0.33134328358208953
Western Mande,Africa,0.0,4,Learned,0.3373134328358209
Western Mande,Africa,0.01,0,Freq,0.5761194029850746
Western Mande,Africa,0.01,0,T-CF,0.33134328358208953
Western Mande,Africa,0.01,0,Learned,0.32238805970149254
Western Mande,Africa,0.01,1,Freq,0.6119402985074627
Western Mande,Africa,0.01,1,T-CF,0.2865671641791045
Western Mande,Africa,0.01,1,Learned,0.3492537313432836
Western Mande,Africa,0.01,2,Freq,0.5701492537313433
Western Mande,Africa,0.01,2,T-CF,0.33432835820895523
Western Mande,Africa,0.01,2,Learned,0.3402985074626866
Western Mande,Africa,0.01,3,Freq,0.5970149253731343
Western Mande,Africa,0.01,3,T-CF,0.3373134328358209
Western Mande,Africa,0.01,3,Learned,0.3253731343283582
Western Mande,Africa,0.01,4,Freq,0.5880597014925373
Western Mande,Africa,0.01,4,T-CF,0.2716417910447761
Western Mande,Africa,0.01,4,Learned,0.2955223880597015
Western Mande,Africa,0.05,0,Freq,0.5761194029850746
Western Mande,Africa,0.05,0,T-CF,0.5104477611940299
Western Mande,Africa,0.05,0,Learned,0.48656716417910445
Western Mande,Africa,0.05,1,Freq,0.6119402985074627
Western Mande,Africa,0.05,1,T-CF,0.6388059701492538
Western Mande,Africa,0.05,1,Learned,0.4626865671641791
Western Mande,Africa,0.05,2,Freq,0.5701492537313433
Western Mande,Africa,0.05,2,T-CF,0.5283582089552239
Western Mande,Africa,0.05,2,Learned,0.4388059701492537
Western Mande,Africa,0.05,3,Freq,0.5970149253731343
Western Mande,Africa,0.05,3,T-CF,0.5701492537313433
Western Mande,Africa,0.05,3,Learned,0.4925373134328358
Western Mande,Africa,0.05,4,Freq,0.5880597014925373
Western Mande,Africa,0.05,4,T-CF,0.5223880597014925
Western Mande,Africa,0.05,4,Learned,0.4
Western Mande,Africa,0.1,0,Freq,0.5761194029850746
Western Mande,Africa,0.1,0,T-CF,0.5582089552238806
Western Mande,Africa,0.1,0,Learned,0.5134328358208955
Western Mande,Africa,0.1,1,Freq,0.6119402985074627
Western Mande,Africa,0.1,1,T-CF,0.5940298507462687
Western Mande,Africa,0.1,1,Learned,0.5671641791044776
Western Mande,Africa,0.1,2,Freq,0.5701492537313433
Western Mande,Africa,0.1,2,T-CF,0.5880597014925373
Western Mande,Africa,0.1,2,Learned,0.5343283582089552
Western Mande,Africa,0.1,3,Freq,0.5970149253731343
Western Mande,Africa,0.1,3,T-CF,0.5791044776119403
Western Mande,Africa,0.1,3,Learned,0.6238805970149254
Western Mande,Africa,0.1,4,Freq,0.5880597014925373
Western Mande,Africa,0.1,4,T-CF,0.573134328358209
Western Mande,Africa,0.1,4,Learned,0.49850746268656715
Western Mande,Africa,0.2,0,Freq,0.5761194029850746
Western Mande,Africa,0.2,0,T-CF,0.564179104477612
Western Mande,Africa,0.2,0,Learned,0.5582089552238806
Western Mande,Africa,0.2,1,Freq,0.6119402985074627
Western Mande,Africa,0.2,1,T-CF,0.608955223880597
Western Mande,Africa,0.2,1,Learned,0.6149253731343284
Western Mande,Africa,0.2,2,Freq,0.5701492537313433
Western Mande,Africa,0.2,2,T-CF,0.582089552238806
Western Mande,Africa,0.2,2,Learned,0.5850746268656717
Western Mande,Africa,0.2,3,Freq,0.5970149253731343
Western Mande,Africa,0.2,3,T-CF,0.591044776119403
Western Mande,Africa,0.2,3,Learned,0.5492537313432836
Western Mande,Africa,0.2,4,Freq,0.5880597014925373
Western Mande,Africa,0.2,4,T-CF,0.5940298507462687
Western Mande,Africa,0.2,4,Learned,0.591044776119403
Southeastern Pama-Nyungan,Australia,0.0,0,Freq,0.5304347826086957
Southeastern Pama-Nyungan,Australia,0.0,0,T-CF,0.39420289855072466
Southeastern Pama-Nyungan,Australia,0.0,0,Learned,0.3130434782608696
Southeastern Pama-Nyungan,Australia,0.0,1,Freq,0.5362318840579711
Southeastern Pama-Nyungan,Australia,0.0,1,T-CF,0.263768115942029
Southeastern Pama-Nyungan,Australia,0.0,1,Learned,0.2956521739130435
Southeastern Pama-Nyungan,Australia,0.0,2,Freq,0.5594202898550724
Southeastern Pama-Nyungan,Australia,0.0,2,T-CF,0.34202898550724636
Southeastern Pama-Nyungan,Australia,0.0,2,Learned,0.3565217391304348
Southeastern Pama-Nyungan,Australia,0.0,3,Freq,0.5594202898550724
Southeastern Pama-Nyungan,Australia,0.0,3,T-CF,0.3855072463768116
Southeastern Pama-Nyungan,Australia,0.0,3,Learned,0.4057971014492754
Southeastern Pama-Nyungan,Australia,0.0,4,Freq,0.5594202898550724
Southeastern Pama-Nyungan,Australia,0.0,4,T-CF,0.32463768115942027
Southeastern Pama-Nyungan,Australia,0.0,4,Learned,0.336231884057971
Southeastern Pama-Nyungan,Australia,0.01,0,Freq,0.5304347826086957
Southeastern Pama-Nyungan,Australia,0.01,0,T-CF,0.3739130434782609
Southeastern Pama-Nyungan,Australia,0.01,0,Learned,0.32463768115942027
Southeastern Pama-Nyungan,Australia,0.01,1,Freq,0.5362318840579711
Southeastern Pama-Nyungan,Australia,0.01,1,T-CF,0.34492753623188405
Southeastern Pama-Nyungan,Australia,0.01,1,Learned,0.42318840579710143
Southeastern Pama-Nyungan,Australia,0.01,2,Freq,0.5594202898550724
Southeastern Pama-Nyungan,Australia,0.01,2,T-CF,0.42318840579710143
Southeastern Pama-Nyungan,Australia,0.01,2,Learned,0.3739130434782609
Southeastern Pama-Nyungan,Australia,0.01,3,Freq,0.5594202898550724
Southeastern Pama-Nyungan,Australia,0.01,3,T-CF,0.3739130434782609
Southeastern Pama-Nyungan,Australia,0.01,3,Learned,0.4289855072463768
Southeastern Pama-Nyungan,Australia,0.01,4,Freq,0.5594202898550724
Southeastern Pama-Nyungan,Australia,0.01,4,T-CF,0.36231884057971014
Southeastern Pama-Nyungan,Australia,0.01,4,Learned,0.33043478260869563
Southeastern Pama-Nyungan,Australia,0.05,0,Freq,0.5304347826086957
Southeastern Pama-Nyungan,Australia,0.05,0,T-CF,0.5246376811594203
Southeastern Pama-Nyungan,Australia,0.05,0,Learned,0.5768115942028985
Southeastern Pama-Nyungan,Australia,0.05,1,Freq,0.5362318840579711
Southeastern Pama-Nyungan,Australia,0.05,1,T-CF,0.4956521739130435
Southeastern Pama-Nyungan,Australia,0.05,1,Learned,0.4782608695652174
Southeastern Pama-Nyungan,Australia,0.05,2,Freq,0.5594202898550724
Southeastern Pama-Nyungan,Australia,0.05,2,T-CF,0.5623188405797102
Southeastern Pama-Nyungan,Australia,0.05,2,Learned,0.5072463768115942
Southeastern Pama-Nyungan,Australia,0.05,3,Freq,0.5594202898550724
Southeastern Pama-Nyungan,Australia,0.05,3,T-CF,0.5594202898550724
Southeastern Pama-Nyungan,Australia,0.05,3,Learned,0.5333333333333333
Southeastern Pama-Nyungan,Australia,0.05,4,Freq,0.5594202898550724
Southeastern Pama-Nyungan,Australia,0.05,4,T-CF,0.5507246376811594
Southeastern Pama-Nyungan,Australia,0.05,4,Learned,0.5043478260869565
Southeastern Pama-Nyungan,Australia,0.1,0,Freq,0.5304347826086957
Southeastern Pama-Nyungan,Australia,0.1,0,T-CF,0.5681159420289855
Southeastern Pama-Nyungan,Australia,0.1,0,Learned,0.5826086956521739
Southeastern Pama-Nyungan,Australia,0.1,1,Freq,0.5362318840579711
Southeastern Pama-Nyungan,Australia,0.1,1,T-CF,0.5449275362318841
Southeastern Pama-Nyungan,Australia,0.1,1,Learned,0.48695652173913045
Southeastern Pama-Nyungan,Australia,0.1,2,Freq,0.5594202898550724
Southeastern Pama-Nyungan,Australia,0.1,2,T-CF,0.5826086956521739
Southeastern Pama-Nyungan,Australia,0.1,2,Learned,0.6260869565217392
Southeastern Pama-Nyungan,Australia,0.1,3,Freq,0.5594202898550724
Southeastern Pama-Nyungan,Australia,0.1,3,T-CF,0.553623188405797
Southeastern Pama-Nyungan,Australia,0.1,3,Learned,0.5739130434782609
Southeastern Pama-Nyungan,Australia,0.1,4,Freq,0.5594202898550724
Southeastern Pama-Nyungan,Australia,0.1,4,T-CF,0.5478260869565217
Southeastern Pama-Nyungan,Australia,0.1,4,Learned,0.5391304347826087
Southeastern Pama-Nyungan,Australia,0.2,0,Freq,0.5333333333333333
Southeastern Pama-Nyungan,Australia,0.2,0,T-CF,0.5449275362318841
Southeastern Pama-Nyungan,Australia,0.2,0,Learned,0.6115942028985507
Southeastern Pama-Nyungan,Australia,0.2,1,Freq,0.5391304347826087
Southeastern Pama-Nyungan,Australia,0.2,1,T-CF,0.5333333333333333
Southeastern Pama-Nyungan,Australia,0.2,1,Learned,0.5826086956521739
Southeastern Pama-Nyungan,Australia,0.2,2,Freq,0.553623188405797
Southeastern Pama-Nyungan,Australia,0.2,2,T-CF,0.5710144927536231
Southeastern Pama-Nyungan,Australia,0.2,2,Learned,0.6289855072463768
Southeastern Pama-Nyungan,Australia,0.2,3,Freq,0.5594202898550724
Southeastern Pama-Nyungan,Australia,0.2,3,T-CF,0.5362318840579711
Southeastern Pama-Nyungan,Australia,0.2,3,Learned,0.5797101449275363
Southeastern Pama-Nyungan,Australia,0.2,4,Freq,0.5623188405797102
Southeastern Pama-Nyungan,Australia,0.2,4,T-CF,0.553623188405797
Southeastern Pama-Nyungan,Australia,0.2,4,Learned,0.6086956521739131
Northern Uto-Aztecan,North America,0.0,0,Freq,0.5304182509505704
Northern Uto-Aztecan,North America,0.0,0,T-CF,0.2908745247148289
Northern Uto-Aztecan,North America,0.0,0,Learned,0.33269961977186313
Northern Uto-Aztecan,North America,0.0,1,Freq,0.5
Northern Uto-Aztecan,North America,0.0,1,T-CF,0.26045627376425856
Northern Uto-Aztecan,North America,0.0,1,Learned,0.27756653992395436
Northern Uto-Aztecan,North America,0.0,2,Freq,0.526615969581749
Northern Uto-Aztecan,North America,0.0,2,T-CF,0.3574144486692015
Northern Uto-Aztecan,North America,0.0,2,Learned,0.3726235741444867
Northern Uto-Aztecan,North America,0.0,3,Freq,0.5133079847908745
Northern Uto-Aztecan,North America,0.0,3,T-CF,0.2338403041825095
Northern Uto-Aztecan,North America,0.0,3,Learned,0.2965779467680608
Northern Uto-Aztecan,North America,0.0,4,Freq,0.5285171102661597
Northern Uto-Aztecan,North America,0.0,4,T-CF,0.21863117870722434
Northern Uto-Aztecan,North America,0.0,4,Learned,0.31749049429657794
Northern Uto-Aztecan,North America,0.01,0,Freq,0.5304182509505704
Northern Uto-Aztecan,North America,0.01,0,T-CF,0.48859315589353614
Northern Uto-Aztecan,North America,0.01,0,Learned,0.41825095057034223
Northern Uto-Aztecan,North America,0.01,1,Freq,0.5
Northern Uto-Aztecan,North America,0.01,1,T-CF,0.4448669201520912
Northern Uto-Aztecan,North America,0.01,1,Learned,0.376425855513308
Northern Uto-Aztecan,North America,0.01,2,Freq,0.526615969581749
Northern Uto-Aztecan,North America,0.01,2,T-CF,0.30038022813688214
Northern Uto-Aztecan,North America,0.01,2,Learned,0.4144486692015209
Northern Uto-Aztecan,North America,0.01,3,Freq,0.5133079847908745
Northern Uto-Aztecan,North America,0.01,3,T-CF,0.3612167300380228
Northern Uto-Aztecan,North America,0.01,3,Learned,0.46387832699619774
Northern Uto-Aztecan,North America,0.01,4,Freq,0.5285171102661597
Northern Uto-Aztecan,North America,0.01,4,T-CF,0.39923954372623577
Northern Uto-Aztecan,North America,0.01,4,Learned,0.31749049429657794
Northern Uto-Aztecan,North America,0.05,0,Freq,0.5304182509505704
Northern Uto-Aztecan,North America,0.05,0,T-CF,0.5513307984790875
Northern Uto-Aztecan,North America,0.05,0,Learned,0.5095057034220533
Northern Uto-Aztecan,North America,0.05,1,Freq,0.5
Northern Uto-Aztecan,North America,0.05,1,T-CF,0.5190114068441065
Northern Uto-Aztecan,North America,0.05,1,Learned,0.49619771863117873
Northern Uto-Aztecan,North America,0.05,2,Freq,0.526615969581749
Northern Uto-Aztecan,North America,0.05,2,T-CF,0.55893536121673
Northern Uto-Aztecan,North America,0.05,2,Learned,0.5532319391634981
Northern Uto-Aztecan,North America,0.05,3,Freq,0.5133079847908745
Northern Uto-Aztecan,North America,0.05,3,T-CF,0.5475285171102662
Northern Uto-Aztecan,North America,0.05,3,Learned,0.5475285171102662
Northern Uto-Aztecan,North America,0.05,4,Freq,0.5285171102661597
Northern Uto-Aztecan,North America,0.05,4,T-CF,0.5494296577946768
Northern Uto-Aztecan,North America,0.05,4,Learned,0.4600760456273764
Northern Uto-Aztecan,North America,0.1,0,Freq,0.5304182509505704
Northern Uto-Aztecan,North America,0.1,0,T-CF,0.55893536121673
Northern Uto-Aztecan,North America,0.1,0,Learned,0.5209125475285171
Northern Uto-Aztecan,North America,0.1,1,Freq,0.5
Northern Uto-Aztecan,North America,0.1,1,T-CF,0.5494296577946768
Northern Uto-Aztecan,North America,0.1,1,Learned,0.526615969581749
Northern Uto-Aztecan,North America,0.1,2,Freq,0.526615969581749
Northern Uto-Aztecan,North America,0.1,2,T-CF,0.5608365019011406
Northern Uto-Aztecan,North America,0.1,2,Learned,0.5494296577946768
Northern Uto-Aztecan,North America,0.1,3,Freq,0.5133079847908745
Northern Uto-Aztecan,North America,0.1,3,T-CF,0.5532319391634981
Northern Uto-Aztecan,North America,0.1,3,Learned,0.5627376425855514
Northern Uto-Aztecan,North America,0.1,4,Freq,0.5285171102661597
Northern Uto-Aztecan,North America,0.1,4,T-CF,0.55893536121673
Northern Uto-Aztecan,North America,0.1,4,Learned,0.5627376425855514
Northern Uto-Aztecan,North America,0.2,0,Freq,0.5304182509505704
Northern Uto-Aztecan,North America,0.2,0,T-CF,0.55893536121673
Northern Uto-Aztecan,North America,0.2,0,Learned,0.5665399239543726
Northern Uto-Aztecan,North America,0.2,1,Freq,0.5
Northern Uto-Aztecan,North America,0.2,1,T-CF,0.5494296577946768
Northern Uto-Aztecan,North America,0.2,1,Learned,0.5817490494296578
Northern Uto-Aztecan,North America,0.2,2,Freq,0.526615969581749
Northern Uto-Aztecan,North America,0.2,2,T-CF,0.55893536121673
Northern Uto-Aztecan,North America,0.2,2,Learned,0.5817490494296578
Northern Uto-Aztecan,North America,0.2,3,Freq,0.5133079847908745
Northern Uto-Aztecan,North America,0.2,3,T-CF,0.5570342205323194
Northern Uto-Aztecan,North America,0.2,3,Learned,0.6007604562737643
Northern Uto-Aztecan,North America,0.2,4,Freq,0.5285171102661597
Northern Uto-Aztecan,North America,0.2,4,T-CF,0.5722433460076045
Northern Uto-Aztecan,North America,0.2,4,Learned,0.5551330798479087
Burmese-Lolo,Eurasia,0.0,0,Freq,0.547550432276657
Burmese-Lolo,Eurasia,0.0,0,T-CF,0.2507204610951009
Burmese-Lolo,Eurasia,0.0,0,Learned,0.3112391930835735
Burmese-Lolo,Eurasia,0.0,1,Freq,0.547550432276657
Burmese-Lolo,Eurasia,0.0,1,T-CF,0.43804034582132567
Burmese-Lolo,Eurasia,0.0,1,Learned,0.276657060518732
Burmese-Lolo,Eurasia,0.0,2,Freq,0.5648414985590778
Burmese-Lolo,Eurasia,0.0,2,T-CF,0.3861671469740634
Burmese-Lolo,Eurasia,0.0,2,Learned,0.3371757925072046
Burmese-Lolo,Eurasia,0.0,3,Freq,0.5446685878962536
Burmese-Lolo,Eurasia,0.0,3,T-CF,0.40634005763688763
Burmese-Lolo,Eurasia,0.0,3,Learned,0.45244956772334294
Burmese-Lolo,Eurasia,0.0,4,Freq,0.547550432276657
Burmese-Lolo,Eurasia,0.0,4,T-CF,0.4322766570605187
Burmese-Lolo,Eurasia,0.0,4,Learned,0.3256484149855908
Burmese-Lolo,Eurasia,0.01,0,Freq,0.547550432276657
Burmese-Lolo,Eurasia,0.01,0,T-CF,0.3112391930835735
Burmese-Lolo,Eurasia,0.01,0,Learned,0.28530259365994237
Burmese-Lolo,Eurasia,0.01,1,Freq,0.547550432276657
Burmese-Lolo,Eurasia,0.01,1,T-CF,0.42363112391930835
Burmese-Lolo,Eurasia,0.01,1,Learned,0.39481268011527376
Burmese-Lolo,Eurasia,0.01,2,Freq,0.5648414985590778
Burmese-Lolo,Eurasia,0.01,2,T-CF,0.2881844380403458
Burmese-Lolo,Eurasia,0.01,2,Learned,0.2622478386167147
Burmese-Lolo,Eurasia,0.01,3,Freq,0.5446685878962536
Burmese-Lolo,Eurasia,0.01,3,T-CF,0.38904899135446686
Burmese-Lolo,Eurasia,0.01,3,Learned,0.40057636887608067
Burmese-Lolo,Eurasia,0.01,4,Freq,0.547550432276657
Burmese-Lolo,Eurasia,0.01,4,T-CF,0.4610951008645533
Burmese-Lolo,Eurasia,0.01,4,Learned,0.3861671469740634
Burmese-Lolo,Eurasia,0.05,0,Freq,0.547550432276657
Burmese-Lolo,Eurasia,0.05,0,T-CF,0.5417867435158501
Burmese-Lolo,Eurasia,0.05,0,Learned,0.49855907780979825
Burmese-Lolo,Eurasia,0.05,1,Freq,0.547550432276657
Burmese-Lolo,Eurasia,0.05,1,T-CF,0.5417867435158501
Burmese-Lolo,Eurasia,0.05,1,Learned,0.5014409221902018
Burmese-Lolo,Eurasia,0.05,2,Freq,0.5648414985590778
Burmese-Lolo,Eurasia,0.05,2,T-CF,0.5331412103746398
Burmese-Lolo,Eurasia,0.05,2,Learned,0.5100864553314121
Burmese-Lolo,Eurasia,0.05,3,Freq,0.5446685878962536
Burmese-Lolo,Eurasia,0.05,3,T-CF,0.5561959654178674
Burmese-Lolo,Eurasia,0.05,3,Learned,0.515850144092219
Burmese-Lolo,Eurasia,0.05,4,Freq,0.547550432276657
Burmese-Lolo,Eurasia,0.05,4,T-CF,0.553314121037464
Burmese-Lolo,Eurasia,0.05,4,Learned,0.5677233429394812
Burmese-Lolo,Eurasia,0.1,0,Freq,0.547550432276657
Burmese-Lolo,Eurasia,0.1,0,T-CF,0.5417867435158501
Burmese-Lolo,Eurasia,0.1,0,Learned,0.5590778097982709
Burmese-Lolo,Eurasia,0.1,1,Freq,0.547550432276657
Burmese-Lolo,Eurasia,0.1,1,T-CF,0.5417867435158501
Burmese-Lolo,Eurasia,0.1,1,Learned,0.5417867435158501
Burmese-Lolo,Eurasia,0.1,2,Freq,0.5648414985590778
Burmese-Lolo,Eurasia,0.1,2,T-CF,0.5821325648414986
Burmese-Lolo,Eurasia,0.1,2,Learned,0.5936599423631124
Burmese-Lolo,Eurasia,0.1,3,Freq,0.5446685878962536
Burmese-Lolo,Eurasia,0.1,3,T-CF,0.5302593659942363
Burmese-Lolo,Eurasia,0.1,3,Learned,0.5590778097982709
Burmese-Lolo,Eurasia,0.1,4,Freq,0.547550432276657
Burmese-Lolo,Eurasia,0.1,4,T-CF,0.5677233429394812
Burmese-Lolo,Eurasia,0.1,4,Learned,0.5648414985590778
Burmese-Lolo,Eurasia,0.2,0,Freq,0.547550432276657
Burmese-Lolo,Eurasia,0.2,0,T-CF,0.553314121037464
Burmese-Lolo,Eurasia,0.2,0,Learned,0.5763688760806917
Burmese-Lolo,Eurasia,0.2,1,Freq,0.547550432276657
Burmese-Lolo,Eurasia,0.2,1,T-CF,0.5965417867435159
Burmese-Lolo,Eurasia,0.2,1,Learned,0.6368876080691642
Burmese-Lolo,Eurasia,0.2,2,Freq,0.5648414985590778
Burmese-Lolo,Eurasia,0.2,2,T-CF,0.5706051873198847
Burmese-Lolo,Eurasia,0.2,2,Learned,0.6138328530259366
Burmese-Lolo,Eurasia,0.2,3,Freq,0.5446685878962536
Burmese-Lolo,Eurasia,0.2,3,T-CF,0.5821325648414986
Burmese-Lolo,Eurasia,0.2,3,Learned,0.5994236311239193
Burmese-Lolo,Eurasia,0.2,4,Freq,0.547550432276657
Burmese-Lolo,Eurasia,0.2,4,T-CF,0.5706051873198847
Burmese-Lolo,Eurasia,0.2,4,Learned,0.5936599423631124
Brahmaputran,Eurasia,0.0,0,Freq,0.564935064935065
Brahmaputran,Eurasia,0.0,0,T-CF,0.23376623376623376
Brahmaputran,Eurasia,0.0,0,Learned,0.4935064935064935
Brahmaputran,Eurasia,0.0,1,Freq,0.5681818181818182
Brahmaputran,Eurasia,0.0,1,T-CF,0.3051948051948052
Brahmaputran,Eurasia,0.0,1,Learned,0.29545454545454547
Brahmaputran,Eurasia,0.0,2,Freq,0.5876623376623377
Brahmaputran,Eurasia,0.0,2,T-CF,0.19155844155844157
Brahmaputran,Eurasia,0.0,2,Learned,0.35714285714285715
Brahmaputran,Eurasia,0.0,3,Freq,0.5454545454545454
Brahmaputran,Eurasia,0.0,3,T-CF,0.2792207792207792
Brahmaputran,Eurasia,0.0,3,Learned,0.2987012987012987
Brahmaputran,Eurasia,0.0,4,Freq,0.5551948051948052
Brahmaputran,Eurasia,0.0,4,T-CF,0.4383116883116883
Brahmaputran,Eurasia,0.0,4,Learned,0.35714285714285715
Brahmaputran,Eurasia,0.01,0,Freq,0.564935064935065
Brahmaputran,Eurasia,0.01,0,T-CF,0.5032467532467533
Brahmaputran,Eurasia,0.01,0,Learned,0.39285714285714285
Brahmaputran,Eurasia,0.01,1,Freq,0.5681818181818182
Brahmaputran,Eurasia,0.01,1,T-CF,0.24675324675324675
Brahmaputran,Eurasia,0.01,1,Learned,0.2922077922077922
Brahmaputran,Eurasia,0.01,2,Freq,0.5876623376623377
Brahmaputran,Eurasia,0.01,2,T-CF,0.35064935064935066
Brahmaputran,Eurasia,0.01,2,Learned,0.41233766233766234
Brahmaputran,Eurasia,0.01,3,Freq,0.5454545454545454
Brahmaputran,Eurasia,0.01,3,T-CF,0.35714285714285715
Brahmaputran,Eurasia,0.01,3,Learned,0.4448051948051948
Brahmaputran,Eurasia,0.01,4,Freq,0.5551948051948052
Brahmaputran,Eurasia,0.01,4,T-CF,0.4577922077922078
Brahmaputran,Eurasia,0.01,4,Learned,0.38311688311688313
Brahmaputran,Eurasia,0.05,0,Freq,0.564935064935065
Brahmaputran,Eurasia,0.05,0,T-CF,0.5974025974025974
Brahmaputran,Eurasia,0.05,0,Learned,0.6038961038961039
Brahmaputran,Eurasia,0.05,1,Freq,0.5681818181818182
Brahmaputran,Eurasia,0.05,1,T-CF,0.6006493506493507
Brahmaputran,Eurasia,0.05,1,Learned,0.6331168831168831
Brahmaputran,Eurasia,0.05,2,Freq,0.5876623376623377
Brahmaputran,Eurasia,0.05,2,T-CF,0.6493506493506493
Brahmaputran,Eurasia,0.05,2,Learned,0.6753246753246753
Brahmaputran,Eurasia,0.05,3,Freq,0.5454545454545454
Brahmaputran,Eurasia,0.05,3,T-CF,0.5714285714285714
Brahmaputran,Eurasia,0.05,3,Learned,0.577922077922078
Brahmaputran,Eurasia,0.05,4,Freq,0.5551948051948052
Brahmaputran,Eurasia,0.05,4,T-CF,0.6168831168831169
Brahmaputran,Eurasia,0.05,4,Learned,0.5714285714285714
Brahmaputran,Eurasia,0.1,0,Freq,0.564935064935065
Brahmaputran,Eurasia,0.1,0,T-CF,0.6298701298701299
Brahmaputran,Eurasia,0.1,0,Learned,0.6623376623376623
Brahmaputran,Eurasia,0.1,1,Freq,0.5681818181818182
Brahmaputran,Eurasia,0.1,1,T-CF,0.6136363636363636
Brahmaputran,Eurasia,0.1,1,Learned,0.6396103896103896
Brahmaputran,Eurasia,0.1,2,Freq,0.5876623376623377
Brahmaputran,Eurasia,0.1,2,T-CF,0.6525974025974026
Brahmaputran,Eurasia,0.1,2,Learned,0.6753246753246753
Brahmaputran,Eurasia,0.1,3,Freq,0.5454545454545454
Brahmaputran,Eurasia,0.1,3,T-CF,0.5714285714285714
Brahmaputran,Eurasia,0.1,3,Learned,0.5454545454545454
Brahmaputran,Eurasia,0.1,4,Freq,0.5551948051948052
Brahmaputran,Eurasia,0.1,4,T-CF,0.6493506493506493
Brahmaputran,Eurasia,0.1,4,Learned,0.6103896103896104
Brahmaputran,Eurasia,0.2,0,Freq,0.564935064935065
Brahmaputran,Eurasia,0.2,0,T-CF,0.6623376623376623
Brahmaputran,Eurasia,0.2,0,Learned,0.7662337662337663
Brahmaputran,Eurasia,0.2,1,Freq,0.5681818181818182
Brahmaputran,Eurasia,0.2,1,T-CF,0.6493506493506493
Brahmaputran,Eurasia,0.2,1,Learned,0.711038961038961
Brahmaputran,Eurasia,0.2,2,Freq,0.5876623376623377
Brahmaputran,Eurasia,0.2,2,T-CF,0.6785714285714286
Brahmaputran,Eurasia,0.2,2,Learned,0.711038961038961
Brahmaputran,Eurasia,0.2,3,Freq,0.5454545454545454
Brahmaputran,Eurasia,0.2,3,T-CF,0.6266233766233766
Brahmaputran,Eurasia,0.2,3,Learned,0.6948051948051948
Brahmaputran,Eurasia,0.2,4,Freq,0.5551948051948052
Brahmaputran,Eurasia,0.2,4,T-CF,0.6363636363636364
Brahmaputran,Eurasia,0.2,4,Learned,0.6331168831168831
Central Pama-Nyungan,Australia,0.0,0,Freq,0.6136363636363636
Central Pama-Nyungan,Australia,0.0,0,T-CF,0.2694805194805195
Central Pama-Nyungan,Australia,0.0,0,Learned,0.36363636363636365
Central Pama-Nyungan,Australia,0.0,1,Freq,0.5909090909090909
Central Pama-Nyungan,Australia,0.0,1,T-CF,0.35064935064935066
Central Pama-Nyungan,Australia,0.0,1,Learned,0.37987012987012986
Central Pama-Nyungan,Australia,0.0,2,Freq,0.5681818181818182
Central Pama-Nyungan,Australia,0.0,2,T-CF,0.29545454545454547
Central Pama-Nyungan,Australia,0.0,2,Learned,0.32142857142857145
Central Pama-Nyungan,Australia,0.0,3,Freq,0.5909090909090909
Central Pama-Nyungan,Australia,0.0,3,T-CF,0.36363636363636365
Central Pama-Nyungan,Australia,0.0,3,Learned,0.29545454545454547
Central Pama-Nyungan,Australia,0.0,4,Freq,0.6006493506493507
Central Pama-Nyungan,Australia,0.0,4,T-CF,0.4383116883116883
Central Pama-Nyungan,Australia,0.0,4,Learned,0.4025974025974026
Central Pama-Nyungan,Australia,0.01,0,Freq,0.6136363636363636
Central Pama-Nyungan,Australia,0.01,0,T-CF,0.4155844155844156
Central Pama-Nyungan,Australia,0.01,0,Learned,0.37662337662337664
Central Pama-Nyungan,Australia,0.01,1,Freq,0.5909090909090909
Central Pama-Nyungan,Australia,0.01,1,T-CF,0.4253246753246753
Central Pama-Nyungan,Australia,0.01,1,Learned,0.4902597402597403
Central Pama-Nyungan,Australia,0.01,2,Freq,0.5681818181818182
Central Pama-Nyungan,Australia,0.01,2,T-CF,0.3116883116883117
Central Pama-Nyungan,Australia,0.01,2,Learned,0.34415584415584416
Central Pama-Nyungan,Australia,0.01,3,Freq,0.5909090909090909
Central Pama-Nyungan,Australia,0.01,3,T-CF,0.37012987012987014
Central Pama-Nyungan,Australia,0.01,3,Learned,0.2857142857142857
Central Pama-Nyungan,Australia,0.01,4,Freq,0.6006493506493507
Central Pama-Nyungan,Australia,0.01,4,T-CF,0.39935064935064934
Central Pama-Nyungan,Australia,0.01,4,Learned,0.40584415584415584
Central Pama-Nyungan,Australia,0.05,0,Freq,0.6136363636363636
Central Pama-Nyungan,Australia,0.05,0,T-CF,0.5714285714285714
Central Pama-Nyungan,Australia,0.05,0,Learned,0.487012987012987
Central Pama-Nyungan,Australia,0.05,1,Freq,0.5909090909090909
Central Pama-Nyungan,Australia,0.05,1,T-CF,0.5422077922077922
Central Pama-Nyungan,Australia,0.05,1,Learned,0.5324675324675324
Central Pama-Nyungan,Australia,0.05,2,Freq,0.5681818181818182
Central Pama-Nyungan,Australia,0.05,2,T-CF,0.5422077922077922
Central Pama-Nyungan,Australia,0.05,2,Learned,0.538961038961039
Central Pama-Nyungan,Australia,0.05,3,Freq,0.5909090909090909
Central Pama-Nyungan,Australia,0.05,3,T-CF,0.6006493506493507
Central Pama-Nyungan,Australia,0.05,3,Learned,0.5194805194805194
Central Pama-Nyungan,Australia,0.05,4,Freq,0.6006493506493507
Central Pama-Nyungan,Australia,0.05,4,T-CF,0.5487012987012987
Central Pama-Nyungan,Australia,0.05,4,Learned,0.4448051948051948
Central Pama-Nyungan,Australia,0.1,0,Freq,0.6136363636363636
Central Pama-Nyungan,Australia,0.1,0,T-CF,0.6201298701298701
Central Pama-Nyungan,Australia,0.1,0,Learned,0.5681818181818182
Central Pama-Nyungan,Australia,0.1,1,Freq,0.5909090909090909
Central Pama-Nyungan,Australia,0.1,1,T-CF,0.5746753246753247
Central Pama-Nyungan,Australia,0.1,1,Learned,0.5454545454545454
Central Pama-Nyungan,Australia,0.1,2,Freq,0.5681818181818182
Central Pama-Nyungan,Australia,0.1,2,T-CF,0.564935064935065
Central Pama-Nyungan,Australia,0.1,2,Learned,0.5584415584415584
Central Pama-Nyungan,Australia,0.1,3,Freq,0.5909090909090909
Central Pama-Nyungan,Australia,0.1,3,T-CF,0.5974025974025974
Central Pama-Nyungan,Australia,0.1,3,Learned,0.5746753246753247
Central Pama-Nyungan,Australia,0.1,4,Freq,0.6006493506493507
Central Pama-Nyungan,Australia,0.1,4,T-CF,0.577922077922078
Central Pama-Nyungan,Australia,0.1,4,Learned,0.512987012987013
Central Pama-Nyungan,Australia,0.2,0,Freq,0.6136363636363636
Central Pama-Nyungan,Australia,0.2,0,T-CF,0.6071428571428571
Central Pama-Nyungan,Australia,0.2,0,Learned,0.5941558441558441
Central Pama-Nyungan,Australia,0.2,1,Freq,0.5909090909090909
Central Pama-Nyungan,Australia,0.2,1,T-CF,0.5974025974025974
Central Pama-Nyungan,Australia,0.2,1,Learned,0.5746753246753247
Central Pama-Nyungan,Australia,0.2,2,Freq,0.5681818181818182
Central Pama-Nyungan,Australia,0.2,2,T-CF,0.577922077922078
Central Pama-Nyungan,Australia,0.2,2,Learned,0.6103896103896104
Central Pama-Nyungan,Australia,0.2,3,Freq,0.5909090909090909
Central Pama-Nyungan,Australia,0.2,3,T-CF,0.6136363636363636
Central Pama-Nyungan,Australia,0.2,3,Learned,0.6006493506493507
Central Pama-Nyungan,Australia,0.2,4,Freq,0.6006493506493507
Central Pama-Nyungan,Australia,0.2,4,T-CF,0.6071428571428571
Central Pama-Nyungan,Australia,0.2,4,Learned,0.6006493506493507
Cariban,South America,0.0,0,Freq,0.5013550135501355
Cariban,South America,0.0,0,T-CF,0.41192411924119243
Cariban,South America,0.0,0,Learned,0.3685636856368564
Cariban,South America,0.0,1,Freq,0.47696476964769646
Cariban,South America,0.0,1,T-CF,0.26558265582655827
Cariban,South America,0.0,1,Learned,0.3116531165311653
Cariban,South America,0.0,2,Freq,0.4905149051490515
Cariban,South America,0.0,2,T-CF,0.23848238482384823
Cariban,South America,0.0,2,Learned,0.3712737127371274
Cariban,South America,0.0,3,Freq,0.5013550135501355
Cariban,South America,0.0,3,T-CF,0.4444444444444444
Cariban,South America,0.0,3,Learned,0.25203252032520324
Cariban,South America,0.0,4,Freq,0.47696476964769646
Cariban,South America,0.0,4,T-CF,0.2872628726287263
Cariban,South America,0.0,4,Learned,0.47696476964769646
Cariban,South America,0.01,0,Freq,0.5013550135501355
Cariban,South America,0.01,0,T-CF,0.44986449864498645
Cariban,South America,0.01,0,Learned,0.45528455284552843
Cariban,South America,0.01,1,Freq,0.47696476964769646
Cariban,South America,0.01,1,T-CF,0.44715447154471544
Cariban,South America,0.01,1,Learned,0.48509485094850946
Cariban,South America,0.01,2,Freq,0.4905149051490515
Cariban,South America,0.01,2,T-CF,0.47696476964769646
Cariban,South America,0.01,2,Learned,0.4254742547425474
Cariban,South America,0.01,3,Freq,0.5013550135501355
Cariban,South America,0.01,3,T-CF,0.4796747967479675
Cariban,South America,0.01,3,Learned,0.44986449864498645
Cariban,South America,0.01,4,Freq,0.47696476964769646
Cariban,South America,0.01,4,T-CF,0.4932249322493225
Cariban,South America,0.01,4,Learned,0.4363143631436314
Cariban,South America,0.05,0,Freq,0.5040650406504065
Cariban,South America,0.05,0,T-CF,0.4986449864498645
Cariban,South America,0.05,0,Learned,0.4715447154471545
Cariban,South America,0.05,1,Freq,0.47696476964769646
Cariban,South America,0.05,1,T-CF,0.48509485094850946
Cariban,South America,0.05,1,Learned,0.4742547425474255
Cariban,South America,0.05,2,Freq,0.4905149051490515
Cariban,South America,0.05,2,T-CF,0.5149051490514905
Cariban,South America,0.05,2,Learned,0.5311653116531165
Cariban,South America,0.05,3,Freq,0.5013550135501355
Cariban,South America,0.05,3,T-CF,0.4986449864498645
Cariban,South America,0.05,3,Learned,0.4932249322493225
Cariban,South America,0.05,4,Freq,0.47696476964769646
Cariban,South America,0.05,4,T-CF,0.5067750677506775
Cariban,South America,0.05,4,Learned,0.5013550135501355
Cariban,South America,0.1,0,Freq,0.5040650406504065
Cariban,South America,0.1,0,T-CF,0.5149051490514905
Cariban,South America,0.1,0,Learned,0.5094850948509485
Cariban,South America,0.1,1,Freq,0.47696476964769646
Cariban,South America,0.1,1,T-CF,0.5040650406504065
Cariban,South America,0.1,1,Learned,0.4905149051490515
Cariban,South America,0.1,2,Freq,0.4905149051490515
Cariban,South America,0.1,2,T-CF,0.5257452574525745
Cariban,South America,0.1,2,Learned,0.5203252032520326
Cariban,South America,0.1,3,Freq,0.5013550135501355
Cariban,South America,0.1,3,T-CF,0.5284552845528455
Cariban,South America,0.1,3,Learned,0.5067750677506775
Cariban,South America,0.1,4,Freq,0.47696476964769646
Cariban,South America,0.1,4,T-CF,0.5203252032520326
Cariban,South America,0.1,4,Learned,0.5392953929539296
Cariban,South America,0.2,0,Freq,0.5040650406504065
Cariban,South America,0.2,0,T-CF,0.5230352303523035
Cariban,South America,0.2,0,Learned,0.5528455284552846
Cariban,South America,0.2,1,Freq,0.47696476964769646
Cariban,South America,0.2,1,T-CF,0.4905149051490515
Cariban,South America,0.2,1,Learned,0.4959349593495935
Cariban,South America,0.2,2,Freq,0.4905149051490515
Cariban,South America,0.2,2,T-CF,0.5257452574525745
Cariban,South America,0.2,2,Learned,0.5311653116531165
Cariban,South America,0.2,3,Freq,0.5013550135501355
Cariban,South America,0.2,3,T-CF,0.5230352303523035
Cariban,South America,0.2,3,Learned,0.5447154471544715
Cariban,South America,0.2,4,Freq,0.47696476964769646
Cariban,South America,0.2,4,T-CF,0.5230352303523035
Cariban,South America,0.2,4,Learned,0.5447154471544715
West Chadic,Africa,0.0,0,Freq,0.5162689804772235
West Chadic,Africa,0.0,0,T-CF,0.22559652928416485
West Chadic,Africa,0.0,0,Learned,0.2950108459869848
West Chadic,Africa,0.0,1,Freq,0.5054229934924078
West Chadic,Africa,0.0,1,T-CF,0.31670281995661603
West Chadic,Africa,0.0,1,Learned,0.18872017353579176
West Chadic,Africa,0.0,2,Freq,0.4945770065075922
West Chadic,Africa,0.0,2,T-CF,0.27331887201735355
West Chadic,Africa,0.0,2,Learned,0.3188720173535792
West Chadic,Africa,0.0,3,Freq,0.5054229934924078
West Chadic,Africa,0.0,3,T-CF,0.3579175704989154
West Chadic,Africa,0.0,3,Learned,0.39913232104121477
West Chadic,Africa,0.0,4,Freq,0.49891540130151846
West Chadic,Africa,0.0,4,T-CF,0.39045553145336226
West Chadic,Africa,0.0,4,Learned,0.1843817787418655
West Chadic,Africa,0.01,0,Freq,0.5162689804772235
West Chadic,Africa,0.01,0,T-CF,0.544468546637744
West Chadic,Africa,0.01,0,Learned,0.47071583514099785
West Chadic,Africa,0.01,1,Freq,0.5054229934924078
West Chadic,Africa,0.01,1,T-CF,0.39913232104121477
West Chadic,Africa,0.01,1,Learned,0.420824295010846
West Chadic,Africa,0.01,2,Freq,0.4945770065075922
West Chadic,Africa,0.01,2,T-CF,0.4229934924078091
West Chadic,Africa,0.01,2,Learned,0.48590021691973967
West Chadic,Africa,0.01,3,Freq,0.5054229934924078
West Chadic,Africa,0.01,3,T-CF,0.45770065075921906
West Chadic,Africa,0.01,3,Learned,0.34490238611713664
West Chadic,Africa,0.01,4,Freq,0.49891540130151846
West Chadic,Africa,0.01,4,T-CF,0.28633405639913234
West Chadic,Africa,0.01,4,Learned,0.25379609544468545
West Chadic,Africa,0.05,0,Freq,0.5162689804772235
West Chadic,Africa,0.05,0,T-CF,0.5748373101952278
West Chadic,Africa,0.05,0,Learned,0.5184381778741866
West Chadic,Africa,0.05,1,Freq,0.5054229934924078
West Chadic,Africa,0.05,1,T-CF,0.596529284164859
West Chadic,Africa,0.05,1,Learned,0.5900216919739696
West Chadic,Africa,0.05,2,Freq,0.4945770065075922
West Chadic,Africa,0.05,2,T-CF,0.5726681127982647
West Chadic,Africa,0.05,2,Learned,0.5835140997830802
West Chadic,Africa,0.05,3,Freq,0.5054229934924078
West Chadic,Africa,0.05,3,T-CF,0.5813449023861171
West Chadic,Africa,0.05,3,Learned,0.5531453362255966
West Chadic,Africa,0.05,4,Freq,0.49891540130151846
West Chadic,Africa,0.05,4,T-CF,0.5748373101952278
West Chadic,Africa,0.05,4,Learned,0.47288503253796094
West Chadic,Africa,0.1,0,Freq,0.5162689804772235
West Chadic,Africa,0.1,0,T-CF,0.6030368763557483
West Chadic,Africa,0.1,0,Learned,0.6160520607375272
West Chadic,Africa,0.1,1,Freq,0.5054229934924078
West Chadic,Africa,0.1,1,T-CF,0.579175704989154
West Chadic,Africa,0.1,1,Learned,0.6268980477223427
West Chadic,Africa,0.1,2,Freq,0.4945770065075922
West Chadic,Africa,0.1,2,T-CF,0.6008676789587852
West Chadic,Africa,0.1,2,Learned,0.6052060737527115
West Chadic,Africa,0.1,3,Freq,0.5054229934924078
West Chadic,Africa,0.1,3,T-CF,0.6247288503253796
West Chadic,Africa,0.1,3,Learned,0.6182212581344902
West Chadic,Africa,0.1,4,Freq,0.49891540130151846
West Chadic,Africa,0.1,4,T-CF,0.6203904555314533
West Chadic,Africa,0.1,4,Learned,0.6377440347071583
West Chadic,Africa,0.2,0,Freq,0.5162689804772235
West Chadic,Africa,0.2,0,T-CF,0.6073752711496746
West Chadic,Africa,0.2,0,Learned,0.6268980477223427
West Chadic,Africa,0.2,1,Freq,0.5054229934924078
West Chadic,Africa,0.2,1,T-CF,0.6420824295010846
West Chadic,Africa,0.2,1,Learned,0.6464208242950108
West Chadic,Africa,0.2,2,Freq,0.4945770065075922
West Chadic,Africa,0.2,2,T-CF,0.6247288503253796
West Chadic,Africa,0.2,2,Learned,0.6637744034707158
West Chadic,Africa,0.2,3,Freq,0.5054229934924078
West Chadic,Africa,0.2,3,T-CF,0.631236442516269
West Chadic,Africa,0.2,3,Learned,0.6529284164859002
West Chadic,Africa,0.2,4,Freq,0.49891540130151846
West Chadic,Africa,0.2,4,T-CF,0.6334056399132321
West Chadic,Africa,0.2,4,Learned,0.6572668112798264
Maweti-Guarani,South America,0.0,0,Freq,0.5060240963855421
Maweti-Guarani,South America,0.0,0,T-CF,0.21927710843373494
Maweti-Guarani,South America,0.0,0,Learned,0.3156626506024096
Maweti-Guarani,South America,0.0,1,Freq,0.4891566265060241
Maweti-Guarani,South America,0.0,1,T-CF,0.20963855421686747
Maweti-Guarani,South America,0.0,1,Learned,0.2891566265060241
Maweti-Guarani,South America,0.0,2,Freq,0.4843373493975904
Maweti-Guarani,South America,0.0,2,T-CF,0.3325301204819277
Maweti-Guarani,South America,0.0,2,Learned,0.1855421686746988
Maweti-Guarani,South America,0.0,3,Freq,0.5060240963855421
Maweti-Guarani,South America,0.0,3,T-CF,0.27951807228915665
Maweti-Guarani,South America,0.0,3,Learned,0.3493975903614458
Maweti-Guarani,South America,0.0,4,Freq,0.5180722891566265
Maweti-Guarani,South America,0.0,4,T-CF,0.17349397590361446
Maweti-Guarani,South America,0.0,4,Learned,0.3253012048192771
Maweti-Guarani,South America,0.01,0,Freq,0.5060240963855421
Maweti-Guarani,South America,0.01,0,T-CF,0.3373493975903614
Maweti-Guarani,South America,0.01,0,Learned,0.2819277108433735
Maweti-Guarani,South America,0.01,1,Freq,0.4891566265060241
Maweti-Guarani,South America,0.01,1,T-CF,0.40963855421686746
Maweti-Guarani,South America,0.01,1,Learned,0.344578313253012
Maweti-Guarani,South America,0.01,2,Freq,0.4843373493975904
Maweti-Guarani,South America,0.01,2,T-CF,0.3253012048192771
Maweti-Guarani,South America,0.01,2,Learned,0.3493975903614458
Maweti-Guarani,South America,0.01,3,Freq,0.5060240963855421
Maweti-Guarani,South America,0.01,3,T-CF,0.344578313253012
Maweti-Guarani,South America,0.01,3,Learned,0.25301204819277107
Maweti-Guarani,South America,0.01,4,Freq,0.5180722891566265
Maweti-Guarani,South America,0.01,4,T-CF,0.41927710843373495
Maweti-Guarani,South America,0.01,4,Learned,0.3036144578313253
Maweti-Guarani,South America,0.05,0,Freq,0.5060240963855421
Maweti-Guarani,South America,0.05,0,T-CF,0.5373493975903615
Maweti-Guarani,South America,0.05,0,Learned,0.5108433734939759
Maweti-Guarani,South America,0.05,1,Freq,0.4891566265060241
Maweti-Guarani,South America,0.05,1,T-CF,0.4843373493975904
Maweti-Guarani,South America,0.05,1,Learned,0.491566265060241
Maweti-Guarani,South America,0.05,2,Freq,0.4843373493975904
Maweti-Guarani,South America,0.05,2,T-CF,0.5204819277108433
Maweti-Guarani,South America,0.05,2,Learned,0.43614457831325304
Maweti-Guarani,South America,0.05,3,Freq,0.5060240963855421
Maweti-Guarani,South America,0.05,3,T-CF,0.5325301204819277
Maweti-Guarani,South America,0.05,3,Learned,0.5156626506024097
Maweti-Guarani,South America,0.05,4,Freq,0.5180722891566265
Maweti-Guarani,South America,0.05,4,T-CF,0.563855421686747
Maweti-Guarani,South America,0.05,4,Learned,0.4530120481927711
Maweti-Guarani,South America,0.1,0,Freq,0.5060240963855421
Maweti-Guarani,South America,0.1,0,T-CF,0.5614457831325301
Maweti-Guarani,South America,0.1,0,Learned,0.4963855421686747
Maweti-Guarani,South America,0.1,1,Freq,0.491566265060241
Maweti-Guarani,South America,0.1,1,T-CF,0.5036144578313253
Maweti-Guarani,South America,0.1,1,Learned,0.4843373493975904
Maweti-Guarani,South America,0.1,2,Freq,0.4843373493975904
Maweti-Guarani,South America,0.1,2,T-CF,0.5277108433734939
Maweti-Guarani,South America,0.1,2,Learned,0.5325301204819277
Maweti-Guarani,South America,0.1,3,Freq,0.5060240963855421
Maweti-Guarani,South America,0.1,3,T-CF,0.5180722891566265
Maweti-Guarani,South America,0.1,3,Learned,0.5012048192771085
Maweti-Guarani,South America,0.1,4,Freq,0.5180722891566265
Maweti-Guarani,South America,0.1,4,T-CF,0.5518072289156627
Maweti-Guarani,South America,0.1,4,Learned,0.4530120481927711
Maweti-Guarani,South America,0.2,0,Freq,0.5084337349397591
Maweti-Guarani,South America,0.2,0,T-CF,0.5325301204819277
Maweti-Guarani,South America,0.2,0,Learned,0.5012048192771085
Maweti-Guarani,South America,0.2,1,Freq,0.491566265060241
Maweti-Guarani,South America,0.2,1,T-CF,0.5325301204819277
Maweti-Guarani,South America,0.2,1,Learned,0.5518072289156627
Maweti-Guarani,South America,0.2,2,Freq,0.4891566265060241
Maweti-Guarani,South America,0.2,2,T-CF,0.5349397590361445
Maweti-Guarani,South America,0.2,2,Learned,0.563855421686747
Maweti-Guarani,South America,0.2,3,Freq,0.5060240963855421
Maweti-Guarani,South America,0.2,3,T-CF,0.5349397590361445
Maweti-Guarani,South America,0.2,3,Learned,0.5397590361445783
Maweti-Guarani,South America,0.2,4,Freq,0.5180722891566265
Maweti-Guarani,South America,0.2,4,T-CF,0.5180722891566265
Maweti-Guarani,South America,0.2,4,Learned,0.5373493975903615
Bongo-Bagirmi,Africa,0.0,0,Freq,0.49868073878627966
Bongo-Bagirmi,Africa,0.0,0,T-CF,0.2770448548812665
Bongo-Bagirmi,Africa,0.0,0,Learned,0.39050131926121373
Bongo-Bagirmi,Africa,0.0,1,Freq,0.5013192612137203
Bongo-Bagirmi,Africa,0.0,1,T-CF,0.35092348284960423
Bongo-Bagirmi,Africa,0.0,1,Learned,0.34300791556728233
Bongo-Bagirmi,Africa,0.0,2,Freq,0.49340369393139843
Bongo-Bagirmi,Africa,0.0,2,T-CF,0.39577836411609496
Bongo-Bagirmi,Africa,0.0,2,Learned,0.38258575197889183
Bongo-Bagirmi,Africa,0.0,3,Freq,0.48021108179419525
Bongo-Bagirmi,Africa,0.0,3,T-CF,0.31398416886543534
Bongo-Bagirmi,Africa,0.0,3,Learned,0.5092348284960422
Bongo-Bagirmi,Africa,0.0,4,Freq,0.48284960422163586
Bongo-Bagirmi,Africa,0.0,4,T-CF,0.3720316622691293
Bongo-Bagirmi,Africa,0.0,4,Learned,0.22691292875989447
Bongo-Bagirmi,Africa,0.01,0,Freq,0.49868073878627966
Bongo-Bagirmi,Africa,0.01,0,T-CF,0.5303430079155673
Bongo-Bagirmi,Africa,0.01,0,Learned,0.40897097625329815
Bongo-Bagirmi,Africa,0.01,1,Freq,0.5013192612137203
Bongo-Bagirmi,Africa,0.01,1,T-CF,0.38522427440633245
Bongo-Bagirmi,Africa,0.01,1,Learned,0.3245382585751979
Bongo-Bagirmi,Africa,0.01,2,Freq,0.49340369393139843
Bongo-Bagirmi,Africa,0.01,2,T-CF,0.2638522427440633
Bongo-Bagirmi,Africa,0.01,2,Learned,0.39577836411609496
Bongo-Bagirmi,Africa,0.01,3,Freq,0.48021108179419525
Bongo-Bagirmi,Africa,0.01,3,T-CF,0.44327176781002636
Bongo-Bagirmi,Africa,0.01,3,Learned,0.43535620052770446
Bongo-Bagirmi,Africa,0.01,4,Freq,0.48284960422163586
Bongo-Bagirmi,Africa,0.01,4,T-CF,0.3403693931398417
Bongo-Bagirmi,Africa,0.01,4,Learned,0.40633245382585753
Bongo-Bagirmi,Africa,0.05,0,Freq,0.49868073878627966
Bongo-Bagirmi,Africa,0.05,0,T-CF,0.6437994722955145
Bongo-Bagirmi,Africa,0.05,0,Learned,0.7255936675461742
Bongo-Bagirmi,Africa,0.05,1,Freq,0.5013192612137203
Bongo-Bagirmi,Africa,0.05,1,T-CF,0.5646437994722955
Bongo-Bagirmi,Africa,0.05,1,Learned,0.5936675461741425
Bongo-Bagirmi,Africa,0.05,2,Freq,0.49340369393139843
Bongo-Bagirmi,Africa,0.05,2,T-CF,0.6200527704485488
Bongo-Bagirmi,Africa,0.05,2,Learned,0.6886543535620053
Bongo-Bagirmi,Africa,0.05,3,Freq,0.48021108179419525
Bongo-Bagirmi,Africa,0.05,3,T-CF,0.6411609498680739
Bongo-Bagirmi,Africa,0.05,3,Learned,0.5672823218997362
Bongo-Bagirmi,Africa,0.05,4,Freq,0.48284960422163586
Bongo-Bagirmi,Africa,0.05,4,T-CF,0.6306068601583114
Bongo-Bagirmi,Africa,0.05,4,Learned,0.662269129287599
Bongo-Bagirmi,Africa,0.1,0,Freq,0.49868073878627966
Bongo-Bagirmi,Africa,0.1,0,T-CF,0.6253298153034301
Bongo-Bagirmi,Africa,0.1,0,Learned,0.712401055408971
Bongo-Bagirmi,Africa,0.1,1,Freq,0.5197889182058048
Bongo-Bagirmi,Africa,0.1,1,T-CF,0.5963060686015831
Bongo-Bagirmi,Africa,0.1,1,Learned,0.6358839050131926
Bongo-Bagirmi,Africa,0.1,2,Freq,0.49340369393139843
Bongo-Bagirmi,Africa,0.1,2,T-CF,0.6306068601583114
Bongo-Bagirmi,Africa,0.1,2,Learned,0.7071240105540897
Bongo-Bagirmi,Africa,0.1,3,Freq,0.49868073878627966
Bongo-Bagirmi,Africa,0.1,3,T-CF,0.6569920844327177
Bongo-Bagirmi,Africa,0.1,3,Learned,0.7361477572559367
Bongo-Bagirmi,Africa,0.1,4,Freq,0.48284960422163586
Bongo-Bagirmi,Africa,0.1,4,T-CF,0.6279683377308707
Bongo-Bagirmi,Africa,0.1,4,Learned,0.6886543535620053
Bongo-Bagirmi,Africa,0.2,0,Freq,0.5197889182058048
Bongo-Bagirmi,Africa,0.2,0,T-CF,0.6306068601583114
Bongo-Bagirmi,Africa,0.2,0,Learned,0.7493403693931399
Bongo-Bagirmi,Africa,0.2,1,Freq,0.5197889182058048
Bongo-Bagirmi,Africa,0.2,1,T-CF,0.6464379947229552
Bongo-Bagirmi,Africa,0.2,1,Learned,0.7493403693931399
Bongo-Bagirmi,Africa,0.2,2,Freq,0.5118733509234829
Bongo-Bagirmi,Africa,0.2,2,T-CF,0.6569920844327177
Bongo-Bagirmi,Africa,0.2,2,Learned,0.7440633245382586
Bongo-Bagirmi,Africa,0.2,3,Freq,0.49868073878627966
Bongo-Bagirmi,Africa,0.2,3,T-CF,0.6490765171503958
Bongo-Bagirmi,Africa,0.2,3,Learned,0.7598944591029023
Bongo-Bagirmi,Africa,0.2,4,Freq,0.48284960422163586
Bongo-Bagirmi,Africa,0.2,4,T-CF,0.6437994722955145
Bongo-Bagirmi,Africa,0.2,4,Learned,0.7229551451187335
Mongolic,Eurasia,0.0,0,Freq,0.5782122905027933
Mongolic,Eurasia,0.0,0,T-CF,0.45251396648044695
Mongolic,Eurasia,0.0,0,Learned,0.38268156424581007
Mongolic,Eurasia,0.0,1,Freq,0.5754189944134078
Mongolic,Eurasia,0.0,1,T-CF,0.36312849162011174
Mongolic,Eurasia,0.0,1,Learned,0.12011173184357542
Mongolic,Eurasia,0.0,2,Freq,0.5726256983240223
Mongolic,Eurasia,0.0,2,T-CF,0.32122905027932963
Mongolic,Eurasia,0.0,2,Learned,0.3016759776536313
Mongolic,Eurasia,0.0,3,Freq,0.5865921787709497
Mongolic,Eurasia,0.0,3,T-CF,0.23743016759776536
Mongolic,Eurasia,0.0,3,Learned,0.2430167597765363
Mongolic,Eurasia,0.0,4,Freq,0.5754189944134078
Mongolic,Eurasia,0.0,4,T-CF,0.3547486033519553
Mongolic,Eurasia,0.0,4,Learned,0.5027932960893855
Mongolic,Eurasia,0.01,0,Freq,0.5782122905027933
Mongolic,Eurasia,0.01,0,T-CF,0.48044692737430167
Mongolic,Eurasia,0.01,0,Learned,0.48324022346368717
Mongolic,Eurasia,0.01,1,Freq,0.5754189944134078
Mongolic,Eurasia,0.01,1,T-CF,0.46368715083798884
Mongolic,Eurasia,0.01,1,Learned,0.4972067039106145
Mongolic,Eurasia,0.01,2,Freq,0.5726256983240223
Mongolic,Eurasia,0.01,2,T-CF,0.43575418994413406
Mongolic,Eurasia,0.01,2,Learned,0.4134078212290503
Mongolic,Eurasia,0.01,3,Freq,0.5865921787709497
Mongolic,Eurasia,0.01,3,T-CF,0.41620111731843573
Mongolic,Eurasia,0.01,3,Learned,0.3128491620111732
Mongolic,Eurasia,0.01,4,Freq,0.5754189944134078
Mongolic,Eurasia,0.01,4,T-CF,0.4301675977653631
Mongolic,Eurasia,0.01,4,Learned,0.4581005586592179
Mongolic,Eurasia,0.05,0,Freq,0.5782122905027933
Mongolic,Eurasia,0.05,0,T-CF,0.5558659217877095
Mongolic,Eurasia,0.05,0,Learned,0.5893854748603352
Mongolic,Eurasia,0.05,1,Freq,0.5754189944134078
Mongolic,Eurasia,0.05,1,T-CF,0.5921787709497207
Mongolic,Eurasia,0.05,1,Learned,0.659217877094972
Mongolic,Eurasia,0.05,2,Freq,0.5726256983240223
Mongolic,Eurasia,0.05,2,T-CF,0.5614525139664804
Mongolic,Eurasia,0.05,2,Learned,0.6564245810055865
Mongolic,Eurasia,0.05,3,Freq,0.5865921787709497
Mongolic,Eurasia,0.05,3,T-CF,0.5893854748603352
Mongolic,Eurasia,0.05,3,Learned,0.6536312849162011
Mongolic,Eurasia,0.05,4,Freq,0.5754189944134078
Mongolic,Eurasia,0.05,4,T-CF,0.5921787709497207
Mongolic,Eurasia,0.05,4,Learned,0.5921787709497207
Mongolic,Eurasia,0.1,0,Freq,0.5782122905027933
Mongolic,Eurasia,0.1,0,T-CF,0.5893854748603352
Mongolic,Eurasia,0.1,0,Learned,0.6284916201117319
Mongolic,Eurasia,0.1,1,Freq,0.5754189944134078
Mongolic,Eurasia,0.1,1,T-CF,0.6089385474860335
Mongolic,Eurasia,0.1,1,Learned,0.6843575418994413
Mongolic,Eurasia,0.1,2,Freq,0.5726256983240223
Mongolic,Eurasia,0.1,2,T-CF,0.5810055865921788
Mongolic,Eurasia,0.1,2,Learned,0.6536312849162011
Mongolic,Eurasia,0.1,3,Freq,0.5865921787709497
Mongolic,Eurasia,0.1,3,T-CF,0.6368715083798883
Mongolic,Eurasia,0.1,3,Learned,0.7094972067039106
Mongolic,Eurasia,0.1,4,Freq,0.5754189944134078
Mongolic,Eurasia,0.1,4,T-CF,0.6256983240223464
Mongolic,Eurasia,0.1,4,Learned,0.664804469273743
Mongolic,Eurasia,0.2,0,Freq,0.5782122905027933
Mongolic,Eurasia,0.2,0,T-CF,0.6033519553072626
Mongolic,Eurasia,0.2,0,Learned,0.6871508379888268
Mongolic,Eurasia,0.2,1,Freq,0.5754189944134078
Mongolic,Eurasia,0.2,1,T-CF,0.5949720670391061
Mongolic,Eurasia,0.2,1,Learned,0.7122905027932961
Mongolic,Eurasia,0.2,2,Freq,0.5726256983240223
Mongolic,Eurasia,0.2,2,T-CF,0.611731843575419
Mongolic,Eurasia,0.2,2,Learned,0.6955307262569832
Mongolic,Eurasia,0.2,3,Freq,0.5865921787709497
Mongolic,Eurasia,0.2,3,T-CF,0.61731843575419
Mongolic,Eurasia,0.2,3,Learned,0.6983240223463687
Mongolic,Eurasia,0.2,4,Freq,0.5754189944134078
Mongolic,Eurasia,0.2,4,T-CF,0.6256983240223464
Mongolic,Eurasia,0.2,4,Learned,0.7150837988826816
Slavic,Eurasia,0.0,0,Freq,0.5030674846625767
Slavic,Eurasia,0.0,0,T-CF,0.3006134969325153
Slavic,Eurasia,0.0,0,Learned,0.3803680981595092
Slavic,Eurasia,0.0,1,Freq,0.5276073619631901
Slavic,Eurasia,0.0,1,T-CF,0.31901840490797545
Slavic,Eurasia,0.0,1,Learned,0.2556237218813906
Slavic,Eurasia,0.0,2,Freq,0.5173824130879345
Slavic,Eurasia,0.0,2,T-CF,0.3149284253578732
Slavic,Eurasia,0.0,2,Learned,0.3558282208588957
Slavic,Eurasia,0.0,3,Freq,0.5132924335378323
Slavic,Eurasia,0.0,3,T-CF,0.3292433537832311
Slavic,Eurasia,0.0,3,Learned,0.37423312883435583
Slavic,Eurasia,0.0,4,Freq,0.5255623721881391
Slavic,Eurasia,0.0,4,T-CF,0.3476482617586912
Slavic,Eurasia,0.0,4,Learned,0.2985685071574642
Slavic,Eurasia,0.01,0,Freq,0.5030674846625767
Slavic,Eurasia,0.01,0,T-CF,0.48057259713701433
Slavic,Eurasia,0.01,0,Learned,0.4723926380368098
Slavic,Eurasia,0.01,1,Freq,0.5276073619631901
Slavic,Eurasia,0.01,1,T-CF,0.4458077709611452
Slavic,Eurasia,0.01,1,Learned,0.39059304703476483
Slavic,Eurasia,0.01,2,Freq,0.5173824130879345
Slavic,Eurasia,0.01,2,T-CF,0.47443762781186094
Slavic,Eurasia,0.01,2,Learned,0.4376278118609407
Slavic,Eurasia,0.01,3,Freq,0.5132924335378323
Slavic,Eurasia,0.01,3,T-CF,0.5051124744376279
Slavic,Eurasia,0.01,3,Learned,0.4171779141104294
Slavic,Eurasia,0.01,4,Freq,0.5255623721881391
Slavic,Eurasia,0.01,4,T-CF,0.4887525562372188
Slavic,Eurasia,0.01,4,Learned,0.45807770961145194
Slavic,Eurasia,0.05,0,Freq,0.5030674846625767
Slavic,Eurasia,0.05,0,T-CF,0.5214723926380368
Slavic,Eurasia,0.05,0,Learned,0.5419222903885481
Slavic,Eurasia,0.05,1,Freq,0.5276073619631901
Slavic,Eurasia,0.05,1,T-CF,0.5276073619631901
Slavic,Eurasia,0.05,1,Learned,0.5378323108384458
Slavic,Eurasia,0.05,2,Freq,0.5173824130879345
Slavic,Eurasia,0.05,2,T-CF,0.5541922290388548
Slavic,Eurasia,0.05,2,Learned,0.49284253578732107
Slavic,Eurasia,0.05,3,Freq,0.5132924335378323
Slavic,Eurasia,0.05,3,T-CF,0.5153374233128835
Slavic,Eurasia,0.05,3,Learned,0.5357873210633947
Slavic,Eurasia,0.05,4,Freq,0.5255623721881391
Slavic,Eurasia,0.05,4,T-CF,0.5316973415132924
Slavic,Eurasia,0.05,4,Learned,0.5071574642126789
Slavic,Eurasia,0.1,0,Freq,0.5030674846625767
Slavic,Eurasia,0.1,0,T-CF,0.5398773006134969
Slavic,Eurasia,0.1,0,Learned,0.588957055214724
Slavic,Eurasia,0.1,1,Freq,0.5276073619631901
Slavic,Eurasia,0.1,1,T-CF,0.5378323108384458
Slavic,Eurasia,0.1,1,Learned,0.5644171779141104
Slavic,Eurasia,0.1,2,Freq,0.5173824130879345
Slavic,Eurasia,0.1,2,T-CF,0.5296523517382413
Slavic,Eurasia,0.1,2,Learned,0.5828220858895705
Slavic,Eurasia,0.1,3,Freq,0.5132924335378323
Slavic,Eurasia,0.1,3,T-CF,0.5357873210633947
Slavic,Eurasia,0.1,3,Learned,0.5807770961145194
Slavic,Eurasia,0.1,4,Freq,0.5255623721881391
Slavic,Eurasia,0.1,4,T-CF,0.5623721881390593
Slavic,Eurasia,0.1,4,Learned,0.6053169734151329
Slavic,Eurasia,0.2,0,Freq,0.5030674846625767
Slavic,Eurasia,0.2,0,T-CF,0.5398773006134969
Slavic,Eurasia,0.2,0,Learned,0.65439672801636
Slavic,Eurasia,0.2,1,Freq,0.5276073619631901
Slavic,Eurasia,0.2,1,T-CF,0.5623721881390593
Slavic,Eurasia,0.2,1,Learned,0.6523517382413088
Slavic,Eurasia,0.2,2,Freq,0.5173824130879345
Slavic,Eurasia,0.2,2,T-CF,0.5501022494887525
Slavic,Eurasia,0.2,2,Learned,0.6400817995910021
Slavic,Eurasia,0.2,3,Freq,0.5132924335378323
Slavic,Eurasia,0.2,3,T-CF,0.5296523517382413
Slavic,Eurasia,0.2,3,Learned,0.6257668711656442
Slavic,Eurasia,0.2,4,Freq,0.5255623721881391
Slavic,Eurasia,0.2,4,T-CF,0.5460122699386503
Slavic,Eurasia,0.2,4,Learned,0.6625766871165644
Malayo-Sumbawan,Eurasia,0.0,0,Freq,0.5171503957783641
Malayo-Sumbawan,Eurasia,0.0,0,T-CF,0.37730870712401055
Malayo-Sumbawan,Eurasia,0.0,0,Learned,0.40369393139841686
Malayo-Sumbawan,Eurasia,0.0,1,Freq,0.49868073878627966
Malayo-Sumbawan,Eurasia,0.0,1,T-CF,0.2928759894459103
Malayo-Sumbawan,Eurasia,0.0,1,Learned,0.3113456464379947
Malayo-Sumbawan,Eurasia,0.0,2,Freq,0.5118733509234829
Malayo-Sumbawan,Eurasia,0.0,2,T-CF,0.19788918205804748
Malayo-Sumbawan,Eurasia,0.0,2,Learned,0.39050131926121373
Malayo-Sumbawan,Eurasia,0.0,3,Freq,0.503957783641161
Malayo-Sumbawan,Eurasia,0.0,3,T-CF,0.31926121372031663
Malayo-Sumbawan,Eurasia,0.0,3,Learned,0.47493403693931396
Malayo-Sumbawan,Eurasia,0.0,4,Freq,0.49340369393139843
Malayo-Sumbawan,Eurasia,0.0,4,T-CF,0.24274406332453827
Malayo-Sumbawan,Eurasia,0.0,4,Learned,0.2691292875989446
Malayo-Sumbawan,Eurasia,0.01,0,Freq,0.5171503957783641
Malayo-Sumbawan,Eurasia,0.01,0,T-CF,0.48812664907651715
Malayo-Sumbawan,Eurasia,0.01,0,Learned,0.46965699208443273
Malayo-Sumbawan,Eurasia,0.01,1,Freq,0.49868073878627966
Malayo-Sumbawan,Eurasia,0.01,1,T-CF,0.48021108179419525
Malayo-Sumbawan,Eurasia,0.01,1,Learned,0.46701846965699206
Malayo-Sumbawan,Eurasia,0.01,2,Freq,0.5118733509234829
Malayo-Sumbawan,Eurasia,0.01,2,T-CF,0.46174142480211083
Malayo-Sumbawan,Eurasia,0.01,2,Learned,0.40369393139841686
Malayo-Sumbawan,Eurasia,0.01,3,Freq,0.503957783641161
Malayo-Sumbawan,Eurasia,0.01,3,T-CF,0.42480211081794195
Malayo-Sumbawan,Eurasia,0.01,3,Learned,0.49076517150395776
Malayo-Sumbawan,Eurasia,0.01,4,Freq,0.49340369393139843
Malayo-Sumbawan,Eurasia,0.01,4,T-CF,0.42744063324538256
Malayo-Sumbawan,Eurasia,0.01,4,Learned,0.503957783641161
Malayo-Sumbawan,Eurasia,0.05,0,Freq,0.5171503957783641
Malayo-Sumbawan,Eurasia,0.05,0,T-CF,0.5620052770448549
Malayo-Sumbawan,Eurasia,0.05,0,Learned,0.5567282321899736
Malayo-Sumbawan,Eurasia,0.05,1,Freq,0.49868073878627966
Malayo-Sumbawan,Eurasia,0.05,1,T-CF,0.5488126649076517
Malayo-Sumbawan,Eurasia,0.05,1,Learned,0.5963060686015831
Malayo-Sumbawan,Eurasia,0.05,2,Freq,0.5118733509234829
Malayo-Sumbawan,Eurasia,0.05,2,T-CF,0.5936675461741425
Malayo-Sumbawan,Eurasia,0.05,2,Learned,0.6147757255936676
Malayo-Sumbawan,Eurasia,0.05,3,Freq,0.503957783641161
Malayo-Sumbawan,Eurasia,0.05,3,T-CF,0.5646437994722955
Malayo-Sumbawan,Eurasia,0.05,3,Learned,0.5910290237467019
Malayo-Sumbawan,Eurasia,0.05,4,Freq,0.49340369393139843
Malayo-Sumbawan,Eurasia,0.05,4,T-CF,0.5804749340369393
Malayo-Sumbawan,Eurasia,0.05,4,Learned,0.5910290237467019
Malayo-Sumbawan,Eurasia,0.1,0,Freq,0.5171503957783641
Malayo-Sumbawan,Eurasia,0.1,0,T-CF,0.5778364116094987
Malayo-Sumbawan,Eurasia,0.1,0,Learned,0.6279683377308707
Malayo-Sumbawan,Eurasia,0.1,1,Freq,0.49868073878627966
Malayo-Sumbawan,Eurasia,0.1,1,T-CF,0.5778364116094987
Malayo-Sumbawan,Eurasia,0.1,1,Learned,0.6279683377308707
Malayo-Sumbawan,Eurasia,0.1,2,Freq,0.5118733509234829
Malayo-Sumbawan,Eurasia,0.1,2,T-CF,0.6279683377308707
Malayo-Sumbawan,Eurasia,0.1,2,Learned,0.6701846965699209
Malayo-Sumbawan,Eurasia,0.1,3,Freq,0.503957783641161
Malayo-Sumbawan,Eurasia,0.1,3,T-CF,0.5804749340369393
Malayo-Sumbawan,Eurasia,0.1,3,Learned,0.662269129287599
Malayo-Sumbawan,Eurasia,0.1,4,Freq,0.49340369393139843
Malayo-Sumbawan,Eurasia,0.1,4,T-CF,0.5857519788918206
Malayo-Sumbawan,Eurasia,0.1,4,Learned,0.5989445910290238
Malayo-Sumbawan,Eurasia,0.2,0,Freq,0.5171503957783641
Malayo-Sumbawan,Eurasia,0.2,0,T-CF,0.6358839050131926
Malayo-Sumbawan,Eurasia,0.2,0,Learned,0.662269129287599
Malayo-Sumbawan,Eurasia,0.2,1,Freq,0.49868073878627966
Malayo-Sumbawan,Eurasia,0.2,1,T-CF,0.6147757255936676
Malayo-Sumbawan,Eurasia,0.2,1,Learned,0.6728232189973615
Malayo-Sumbawan,Eurasia,0.2,2,Freq,0.5118733509234829
Malayo-Sumbawan,Eurasia,0.2,2,T-CF,0.5936675461741425
Malayo-Sumbawan,Eurasia,0.2,2,Learned,0.6675461741424802
Malayo-Sumbawan,Eurasia,0.2,3,Freq,0.503957783641161
Malayo-Sumbawan,Eurasia,0.2,3,T-CF,0.5883905013192612
Malayo-Sumbawan,Eurasia,0.2,3,Learned,0.6728232189973615
Malayo-Sumbawan,Eurasia,0.2,4,Freq,0.49340369393139843
Malayo-Sumbawan,Eurasia,0.2,4,T-CF,0.6068601583113457
Malayo-Sumbawan,Eurasia,0.2,4,Learned,0.6649076517150396
Germanic,Africa,0.0,0,Freq,0.4594594594594595
Germanic,Africa,0.0,0,T-CF,0.37657657657657656
Germanic,Africa,0.0,0,Learned,0.2756756756756757
Germanic,Africa,0.0,1,Freq,0.4648648648648649
Germanic,Africa,0.0,1,T-CF,0.4540540540540541
Germanic,Africa,0.0,1,Learned,0.34234234234234234
Germanic,Africa,0.0,2,Freq,0.45225225225225224
Germanic,Africa,0.0,2,T-CF,0.3279279279279279
Germanic,Africa,0.0,2,Learned,0.2882882882882883
Germanic,Africa,0.0,3,Freq,0.43963963963963965
Germanic,Africa,0.0,3,T-CF,0.3261261261261261
Germanic,Africa,0.0,3,Learned,0.2702702702702703
Germanic,Africa,0.0,4,Freq,0.4774774774774775
Germanic,Africa,0.0,4,T-CF,0.36576576576576575
Germanic,Africa,0.0,4,Learned,0.2954954954954955
Germanic,Africa,0.01,0,Freq,0.4594594594594595
Germanic,Africa,0.01,0,T-CF,0.3747747747747748
Germanic,Africa,0.01,0,Learned,0.3117117117117117
Germanic,Africa,0.01,1,Freq,0.4648648648648649
Germanic,Africa,0.01,1,T-CF,0.4666666666666667
Germanic,Africa,0.01,1,Learned,0.3945945945945946
Germanic,Africa,0.01,2,Freq,0.45225225225225224
Germanic,Africa,0.01,2,T-CF,0.40540540540540543
Germanic,Africa,0.01,2,Learned,0.3081081081081081
Germanic,Africa,0.01,3,Freq,0.43963963963963965
Germanic,Africa,0.01,3,T-CF,0.4036036036036036
Germanic,Africa,0.01,3,Learned,0.35135135135135137
Germanic,Africa,0.01,4,Freq,0.4774774774774775
Germanic,Africa,0.01,4,T-CF,0.4900900900900901
Germanic,Africa,0.01,4,Learned,0.436036036036036
Germanic,Africa,0.05,0,Freq,0.46126126126126127
Germanic,Africa,0.05,0,T-CF,0.45045045045045046
Germanic,Africa,0.05,0,Learned,0.46126126126126127
Germanic,Africa,0.05,1,Freq,0.4648648648648649
Germanic,Africa,0.05,1,T-CF,0.4846846846846847
Germanic,Africa,0.05,1,Learned,0.3855855855855856
Germanic,Africa,0.05,2,Freq,0.45225225225225224
Germanic,Africa,0.05,2,T-CF,0.47387387387387386
Germanic,Africa,0.05,2,Learned,0.4648648648648649
Germanic,Africa,0.05,3,Freq,0.43963963963963965
Germanic,Africa,0.05,3,T-CF,0.45585585585585586
Germanic,Africa,0.05,3,Learned,0.3927927927927928
Germanic,Africa,0.05,4,Freq,0.4774774774774775
Germanic,Africa,0.05,4,T-CF,0.4936936936936937
Germanic,Africa,0.05,4,Learned,0.4936936936936937
Germanic,Africa,0.1,0,Freq,0.46126126126126127
Germanic,Africa,0.1,0,T-CF,0.4900900900900901
Germanic,Africa,0.1,0,Learned,0.4990990990990991
Germanic,Africa,0.1,1,Freq,0.4648648648648649
Germanic,Africa,0.1,1,T-CF,0.4828828828828829
Germanic,Africa,0.1,1,Learned,0.45585585585585586
Germanic,Africa,0.1,2,Freq,0.45225225225225224
Germanic,Africa,0.1,2,T-CF,0.4774774774774775
Germanic,Africa,0.1,2,Learned,0.5261261261261261
Germanic,Africa,0.1,3,Freq,0.43963963963963965
Germanic,Africa,0.1,3,T-CF,0.46846846846846846
Germanic,Africa,0.1,3,Learned,0.4774774774774775
Germanic,Africa,0.1,4,Freq,0.4774774774774775
Germanic,Africa,0.1,4,T-CF,0.4954954954954955
Germanic,Africa,0.1,4,Learned,0.5117117117117117
Germanic,Africa,0.2,0,Freq,0.46126126126126127
Germanic,Africa,0.2,0,T-CF,0.47927927927927927
Germanic,Africa,0.2,0,Learned,0.5333333333333333
Germanic,Africa,0.2,1,Freq,0.4648648648648649
Germanic,Africa,0.2,1,T-CF,0.4702702702702703
Germanic,Africa,0.2,1,Learned,0.527927927927928
Germanic,Africa,0.2,2,Freq,0.4594594594594595
Germanic,Africa,0.2,2,T-CF,0.4900900900900901
Germanic,Africa,0.2,2,Learned,0.5513513513513514
Germanic,Africa,0.2,3,Freq,0.43963963963963965
Germanic,Africa,0.2,3,T-CF,0.4666666666666667
Germanic,Africa,0.2,3,Learned,0.5045045045045045
Germanic,Africa,0.2,4,Freq,0.4774774774774775
Germanic,Africa,0.2,4,T-CF,0.5099099099099099
Germanic,Africa,0.2,4,Learned,0.527927927927928
Panoan,South America,0.0,0,Freq,0.5423076923076923
Panoan,South America,0.0,0,T-CF,0.26153846153846155
Panoan,South America,0.0,0,Learned,0.5076923076923077
Panoan,South America,0.0,1,Freq,0.55
Panoan,South America,0.0,1,T-CF,0.25769230769230766
Panoan,South America,0.0,1,Learned,0.45
Panoan,South America,0.0,2,Freq,0.55
Panoan,South America,0.0,2,T-CF,0.43846153846153846
Panoan,South America,0.0,2,Learned,0.27692307692307694
Panoan,South America,0.0,3,Freq,0.5692307692307692
Panoan,South America,0.0,3,T-CF,0.41923076923076924
Panoan,South America,0.0,3,Learned,0.4269230769230769
Panoan,South America,0.0,4,Freq,0.5461538461538461
Panoan,South America,0.0,4,T-CF,0.4846153846153846
Panoan,South America,0.0,4,Learned,0.4846153846153846
Panoan,South America,0.01,0,Freq,0.5423076923076923
Panoan,South America,0.01,0,T-CF,0.38461538461538464
Panoan,South America,0.01,0,Learned,0.41923076923076924
Panoan,South America,0.01,1,Freq,0.55
Panoan,South America,0.01,1,T-CF,0.4307692307692308
Panoan,South America,0.01,1,Learned,0.43846153846153846
Panoan,South America,0.01,2,Freq,0.55
Panoan,South America,0.01,2,T-CF,0.3730769230769231
Panoan,South America,0.01,2,Learned,0.36923076923076925
Panoan,South America,0.01,3,Freq,0.5692307692307692
Panoan,South America,0.01,3,T-CF,0.2923076923076923
Panoan,South America,0.01,3,Learned,0.26153846153846155
Panoan,South America,0.01,4,Freq,0.5461538461538461
Panoan,South America,0.01,4,T-CF,0.4461538461538462
Panoan,South America,0.01,4,Learned,0.3230769230769231
Panoan,South America,0.05,0,Freq,0.5423076923076923
Panoan,South America,0.05,0,T-CF,0.6230769230769231
Panoan,South America,0.05,0,Learned,0.6269230769230769
Panoan,South America,0.05,1,Freq,0.55
Panoan,South America,0.05,1,T-CF,0.6
Panoan,South America,0.05,1,Learned,0.6346153846153846
Panoan,South America,0.05,2,Freq,0.55
Panoan,South America,0.05,2,T-CF,0.5923076923076923
Panoan,South America,0.05,2,Learned,0.6038461538461538
Panoan,South America,0.05,3,Freq,0.5692307692307692
Panoan,South America,0.05,3,T-CF,0.6423076923076924
Panoan,South America,0.05,3,Learned,0.6115384615384616
Panoan,South America,0.05,4,Freq,0.5461538461538461
Panoan,South America,0.05,4,T-CF,0.6461538461538462
Panoan,South America,0.05,4,Learned,0.6576923076923077
Panoan,South America,0.1,0,Freq,0.5423076923076923
Panoan,South America,0.1,0,T-CF,0.6576923076923077
Panoan,South America,0.1,0,Learned,0.6653846153846154
Panoan,South America,0.1,1,Freq,0.55
Panoan,South America,0.1,1,T-CF,0.65
Panoan,South America,0.1,1,Learned,0.6730769230769231
Panoan,South America,0.1,2,Freq,0.55
Panoan,South America,0.1,2,T-CF,0.6230769230769231
Panoan,South America,0.1,2,Learned,0.5846153846153846
Panoan,South America,0.1,3,Freq,0.5692307692307692
Panoan,South America,0.1,3,T-CF,0.6346153846153846
Panoan,South America,0.1,3,Learned,0.6461538461538462
Panoan,South America,0.1,4,Freq,0.5461538461538461
Panoan,South America,0.1,4,T-CF,0.6423076923076924
Panoan,South America,0.1,4,Learned,0.6692307692307692
Panoan,South America,0.2,0,Freq,0.5423076923076923
Panoan,South America,0.2,0,T-CF,0.6346153846153846
Panoan,South America,0.2,0,Learned,0.676923076923077
Panoan,South America,0.2,1,Freq,0.55
Panoan,South America,0.2,1,T-CF,0.6576923076923077
Panoan,South America,0.2,1,Learned,0.6807692307692308
Panoan,South America,0.2,2,Freq,0.55
Panoan,South America,0.2,2,T-CF,0.6461538461538462
Panoan,South America,0.2,2,Learned,0.6615384615384615
Panoan,South America,0.2,3,Freq,0.5692307692307692
Panoan,South America,0.2,3,T-CF,0.6423076923076924
Panoan,South America,0.2,3,Learned,0.676923076923077
Panoan,South America,0.2,4,Freq,0.5461538461538461
Panoan,South America,0.2,4,T-CF,0.6230769230769231
Panoan,South America,0.2,4,Learned,0.6615384615384615
Berber,Africa,0.0,0,Freq,0.4657534246575342
Berber,Africa,0.0,0,T-CF,0.3116438356164384
Berber,Africa,0.0,0,Learned,0.3493150684931507
Berber,Africa,0.0,1,Freq,0.5273972602739726
Berber,Africa,0.0,1,T-CF,0.3219178082191781
Berber,Africa,0.0,1,Learned,0.3732876712328767
Berber,Africa,0.0,2,Freq,0.5
Berber,Africa,0.0,2,T-CF,0.2945205479452055
Berber,Africa,0.0,2,Learned,0.3698630136986301
Berber,Africa,0.0,3,Freq,0.4897260273972603
Berber,Africa,0.0,3,T-CF,0.2945205479452055
Berber,Africa,0.0,3,Learned,0.2910958904109589
Berber,Africa,0.0,4,Freq,0.4931506849315068
Berber,Africa,0.0,4,T-CF,0.3938356164383562
Berber,Africa,0.0,4,Learned,0.3767123287671233
Berber,Africa,0.01,0,Freq,0.4657534246575342
Berber,Africa,0.01,0,T-CF,0.3253424657534247
Berber,Africa,0.01,0,Learned,0.2602739726027397
Berber,Africa,0.01,1,Freq,0.5273972602739726
Berber,Africa,0.01,1,T-CF,0.4315068493150685
Berber,Africa,0.01,1,Learned,0.3356164383561644
Berber,Africa,0.01,2,Freq,0.5
Berber,Africa,0.01,2,T-CF,0.2808219178082192
Berber,Africa,0.01,2,Learned,0.3184931506849315
Berber,Africa,0.01,3,Freq,0.4897260273972603
Berber,Africa,0.01,3,T-CF,0.4143835616438356
Berber,Africa,0.01,3,Learned,0.2979452054794521
Berber,Africa,0.01,4,Freq,0.4931506849315068
Berber,Africa,0.01,4,T-CF,0.3424657534246575
Berber,Africa,0.01,4,Learned,0.3219178082191781
Berber,Africa,0.05,0,Freq,0.4657534246575342
Berber,Africa,0.05,0,T-CF,0.5102739726027398
Berber,Africa,0.05,0,Learned,0.5136986301369864
Berber,Africa,0.05,1,Freq,0.5273972602739726
Berber,Africa,0.05,1,T-CF,0.5753424657534246
Berber,Africa,0.05,1,Learned,0.4931506849315068
Berber,Africa,0.05,2,Freq,0.5
Berber,Africa,0.05,2,T-CF,0.5616438356164384
Berber,Africa,0.05,2,Learned,0.5034246575342466
Berber,Africa,0.05,3,Freq,0.4897260273972603
Berber,Africa,0.05,3,T-CF,0.4965753424657534
Berber,Africa,0.05,3,Learned,0.4212328767123288
Berber,Africa,0.05,4,Freq,0.4931506849315068
Berber,Africa,0.05,4,T-CF,0.565068493150685
Berber,Africa,0.05,4,Learned,0.5034246575342466
Berber,Africa,0.1,0,Freq,0.4657534246575342
Berber,Africa,0.1,0,T-CF,0.5342465753424658
Berber,Africa,0.1,0,Learned,0.5753424657534246
Berber,Africa,0.1,1,Freq,0.5273972602739726
Berber,Africa,0.1,1,T-CF,0.6061643835616438
Berber,Africa,0.1,1,Learned,0.5684931506849316
Berber,Africa,0.1,2,Freq,0.5
Berber,Africa,0.1,2,T-CF,0.5821917808219178
Berber,Africa,0.1,2,Learned,0.5342465753424658
Berber,Africa,0.1,3,Freq,0.4897260273972603
Berber,Africa,0.1,3,T-CF,0.5171232876712328
Berber,Africa,0.1,3,Learned,0.4897260273972603
Berber,Africa,0.1,4,Freq,0.4931506849315068
Berber,Africa,0.1,4,T-CF,0.571917808219178
Berber,Africa,0.1,4,Learned,0.5753424657534246
Berber,Africa,0.2,0,Freq,0.4657534246575342
Berber,Africa,0.2,0,T-CF,0.565068493150685
Berber,Africa,0.2,0,Learned,0.5753424657534246
Berber,Africa,0.2,1,Freq,0.5273972602739726
Berber,Africa,0.2,1,T-CF,0.6301369863013698
Berber,Africa,0.2,1,Learned,0.636986301369863
Berber,Africa,0.2,2,Freq,0.5
Berber,Africa,0.2,2,T-CF,0.5924657534246576
Berber,Africa,0.2,2,Learned,0.613013698630137
Berber,Africa,0.2,3,Freq,0.4897260273972603
Berber,Africa,0.2,3,T-CF,0.5616438356164384
Berber,Africa,0.2,3,Learned,0.541095890410959
Berber,Africa,0.2,4,Freq,0.4931506849315068
Berber,Africa,0.2,4,T-CF,0.5856164383561644
Berber,Africa,0.2,4,Learned,0.5924657534246576
Tucanoan,South America,0.0,0,Freq,0.48484848484848486
Tucanoan,South America,0.0,0,T-CF,0.23030303030303031
Tucanoan,South America,0.0,0,Learned,0.2545454545454545
Tucanoan,South America,0.0,1,Freq,0.4909090909090909
Tucanoan,South America,0.0,1,T-CF,0.4212121212121212
Tucanoan,South America,0.0,1,Learned,0.2515151515151515
Tucanoan,South America,0.0,2,Freq,0.5
Tucanoan,South America,0.0,2,T-CF,0.43333333333333335
Tucanoan,South America,0.0,2,Learned,0.23333333333333334
Tucanoan,South America,0.0,3,Freq,0.48484848484848486
Tucanoan,South America,0.0,3,T-CF,0.37575757575757573
Tucanoan,South America,0.0,3,Learned,0.2878787878787879
Tucanoan,South America,0.0,4,Freq,0.49696969696969695
Tucanoan,South America,0.0,4,T-CF,0.33636363636363636
Tucanoan,South America,0.0,4,Learned,0.3181818181818182
Tucanoan,South America,0.01,0,Freq,0.48484848484848486
Tucanoan,South America,0.01,0,T-CF,0.2878787878787879
Tucanoan,South America,0.01,0,Learned,0.3181818181818182
Tucanoan,South America,0.01,1,Freq,0.4909090909090909
Tucanoan,South America,0.01,1,T-CF,0.4
Tucanoan,South America,0.01,1,Learned,0.4575757575757576
Tucanoan,South America,0.01,2,Freq,0.5
Tucanoan,South America,0.01,2,T-CF,0.3424242424242424
Tucanoan,South America,0.01,2,Learned,0.3878787878787879
Tucanoan,South America,0.01,3,Freq,0.48484848484848486
Tucanoan,South America,0.01,3,T-CF,0.37272727272727274
Tucanoan,South America,0.01,3,Learned,0.44545454545454544
Tucanoan,South America,0.01,4,Freq,0.49696969696969695
Tucanoan,South America,0.01,4,T-CF,0.3242424242424242
Tucanoan,South America,0.01,4,Learned,0.3515151515151515
Tucanoan,South America,0.05,0,Freq,0.48484848484848486
Tucanoan,South America,0.05,0,T-CF,0.5212121212121212
Tucanoan,South America,0.05,0,Learned,0.503030303030303
Tucanoan,South America,0.05,1,Freq,0.4909090909090909
Tucanoan,South America,0.05,1,T-CF,0.503030303030303
Tucanoan,South America,0.05,1,Learned,0.5303030303030303
Tucanoan,South America,0.05,2,Freq,0.5
Tucanoan,South America,0.05,2,T-CF,0.5787878787878787
Tucanoan,South America,0.05,2,Learned,0.5848484848484848
Tucanoan,South America,0.05,3,Freq,0.48484848484848486
Tucanoan,South America,0.05,3,T-CF,0.5363636363636364
Tucanoan,South America,0.05,3,Learned,0.48484848484848486
Tucanoan,South America,0.05,4,Freq,0.49696969696969695
Tucanoan,South America,0.05,4,T-CF,0.5272727272727272
Tucanoan,South America,0.05,4,Learned,0.5393939393939394
Tucanoan,South America,0.1,0,Freq,0.48484848484848486
Tucanoan,South America,0.1,0,T-CF,0.5393939393939394
Tucanoan,South America,0.1,0,Learned,0.5666666666666667
Tucanoan,South America,0.1,1,Freq,0.4909090909090909
Tucanoan,South America,0.1,1,T-CF,0.5484848484848485
Tucanoan,South America,0.1,1,Learned,0.5393939393939394
Tucanoan,South America,0.1,2,Freq,0.5
Tucanoan,South America,0.1,2,T-CF,0.5666666666666667
Tucanoan,South America,0.1,2,Learned,0.5424242424242425
Tucanoan,South America,0.1,3,Freq,0.48484848484848486
Tucanoan,South America,0.1,3,T-CF,0.5636363636363636
Tucanoan,South America,0.1,3,Learned,0.5606060606060606
Tucanoan,South America,0.1,4,Freq,0.49696969696969695
Tucanoan,South America,0.1,4,T-CF,0.5545454545454546
Tucanoan,South America,0.1,4,Learned,0.603030303030303
Tucanoan,South America,0.2,0,Freq,0.48484848484848486
Tucanoan,South America,0.2,0,T-CF,0.5393939393939394
Tucanoan,South America,0.2,0,Learned,0.593939393939394
Tucanoan,South America,0.2,1,Freq,0.4909090909090909
Tucanoan,South America,0.2,1,T-CF,0.5878787878787879
Tucanoan,South America,0.2,1,Learned,0.6181818181818182
Tucanoan,South America,0.2,2,Freq,0.5
Tucanoan,South America,0.2,2,T-CF,0.5484848484848485
Tucanoan,South America,0.2,2,Learned,0.5393939393939394
Tucanoan,South America,0.2,3,Freq,0.48484848484848486
Tucanoan,South America,0.2,3,T-CF,0.5727272727272728
Tucanoan,South America,0.2,3,Learned,0.6121212121212121
Tucanoan,South America,0.2,4,Freq,0.49696969696969695
Tucanoan,South America,0.2,4,T-CF,0.5666666666666667
Tucanoan,South America,0.2,4,Learned,0.5909090909090909
Kam-Tai,Eurasia,0.0,0,Freq,0.5555555555555556
Kam-Tai,Eurasia,0.0,0,T-CF,0.4612794612794613
Kam-Tai,Eurasia,0.0,0,Learned,0.3838383838383838
Kam-Tai,Eurasia,0.0,1,Freq,0.5454545454545454
Kam-Tai,Eurasia,0.0,1,T-CF,0.27946127946127947
Kam-Tai,Eurasia,0.0,1,Learned,0.43097643097643096
Kam-Tai,Eurasia,0.0,2,Freq,0.5488215488215489
Kam-Tai,Eurasia,0.0,2,T-CF,0.2828282828282828
Kam-Tai,Eurasia,0.0,2,Learned,0.3468013468013468
Kam-Tai,Eurasia,0.0,3,Freq,0.531986531986532
Kam-Tai,Eurasia,0.0,3,T-CF,0.2558922558922559
Kam-Tai,Eurasia,0.0,3,Learned,0.265993265993266
Kam-Tai,Eurasia,0.0,4,Freq,0.5488215488215489
Kam-Tai,Eurasia,0.0,4,T-CF,0.5353535353535354
Kam-Tai,Eurasia,0.0,4,Learned,0.3400673400673401
Kam-Tai,Eurasia,0.01,0,Freq,0.5555555555555556
Kam-Tai,Eurasia,0.01,0,T-CF,0.38047138047138046
Kam-Tai,Eurasia,0.01,0,Learned,0.44107744107744107
Kam-Tai,Eurasia,0.01,1,Freq,0.5454545454545454
Kam-Tai,Eurasia,0.01,1,T-CF,0.4444444444444444
Kam-Tai,Eurasia,0.01,1,Learned,0.531986531986532
Kam-Tai,Eurasia,0.01,2,Freq,0.5488215488215489
Kam-Tai,Eurasia,0.01,2,T-CF,0.4006734006734007
Kam-Tai,Eurasia,0.01,2,Learned,0.5084175084175084
Kam-Tai,Eurasia,0.01,3,Freq,0.531986531986532
Kam-Tai,Eurasia,0.01,3,T-CF,0.4882154882154882
Kam-Tai,Eurasia,0.01,3,Learned,0.4006734006734007
Kam-Tai,Eurasia,0.01,4,Freq,0.5488215488215489
Kam-Tai,Eurasia,0.01,4,T-CF,0.4983164983164983
Kam-Tai,Eurasia,0.01,4,Learned,0.531986531986532
Kam-Tai,Eurasia,0.05,0,Freq,0.5555555555555556
Kam-Tai,Eurasia,0.05,0,T-CF,0.5925925925925926
Kam-Tai,Eurasia,0.05,0,Learned,0.5757575757575758
Kam-Tai,Eurasia,0.05,1,Freq,0.5488215488215489
Kam-Tai,Eurasia,0.05,1,T-CF,0.6632996632996633
Kam-Tai,Eurasia,0.05,1,Learned,0.6835016835016835
Kam-Tai,Eurasia,0.05,2,Freq,0.5488215488215489
Kam-Tai,Eurasia,0.05,2,T-CF,0.6262626262626263
Kam-Tai,Eurasia,0.05,2,Learned,0.5656565656565656
Kam-Tai,Eurasia,0.05,3,Freq,0.531986531986532
Kam-Tai,Eurasia,0.05,3,T-CF,0.622895622895623
Kam-Tai,Eurasia,0.05,3,Learned,0.6666666666666666
Kam-Tai,Eurasia,0.05,4,Freq,0.5488215488215489
Kam-Tai,Eurasia,0.05,4,T-CF,0.6161616161616161
Kam-Tai,Eurasia,0.05,4,Learned,0.6161616161616161
Kam-Tai,Eurasia,0.1,0,Freq,0.5555555555555556
Kam-Tai,Eurasia,0.1,0,T-CF,0.6498316498316499
Kam-Tai,Eurasia,0.1,0,Learned,0.67003367003367
Kam-Tai,Eurasia,0.1,1,Freq,0.5488215488215489
Kam-Tai,Eurasia,0.1,1,T-CF,0.6498316498316499
Kam-Tai,Eurasia,0.1,1,Learned,0.7070707070707071
Kam-Tai,Eurasia,0.1,2,Freq,0.5488215488215489
Kam-Tai,Eurasia,0.1,2,T-CF,0.6464646464646465
Kam-Tai,Eurasia,0.1,2,Learned,0.6464646464646465
Kam-Tai,Eurasia,0.1,3,Freq,0.531986531986532
Kam-Tai,Eurasia,0.1,3,T-CF,0.6666666666666666
Kam-Tai,Eurasia,0.1,3,Learned,0.7138047138047138
Kam-Tai,Eurasia,0.1,4,Freq,0.5488215488215489
Kam-Tai,Eurasia,0.1,4,T-CF,0.622895622895623
Kam-Tai,Eurasia,0.1,4,Learned,0.6363636363636364
Kam-Tai,Eurasia,0.2,0,Freq,0.5555555555555556
Kam-Tai,Eurasia,0.2,0,T-CF,0.632996632996633
Kam-Tai,Eurasia,0.2,0,Learned,0.6902356902356902
Kam-Tai,Eurasia,0.2,1,Freq,0.5488215488215489
Kam-Tai,Eurasia,0.2,1,T-CF,0.6565656565656566
Kam-Tai,Eurasia,0.2,1,Learned,0.7003367003367004
Kam-Tai,Eurasia,0.2,2,Freq,0.5488215488215489
Kam-Tai,Eurasia,0.2,2,T-CF,0.6397306397306397
Kam-Tai,Eurasia,0.2,2,Learned,0.6767676767676768
Kam-Tai,Eurasia,0.2,3,Freq,0.531986531986532
Kam-Tai,Eurasia,0.2,3,T-CF,0.6734006734006734
Kam-Tai,Eurasia,0.2,3,Learned,0.7070707070707071
Kam-Tai,Eurasia,0.2,4,Freq,0.5488215488215489
Kam-Tai,Eurasia,0.2,4,T-CF,0.67003367003367
Kam-Tai,Eurasia,0.2,4,Learned,0.696969696969697
Western Nilotic,Africa,0.0,0,Freq,0.5504322766570605
Western Nilotic,Africa,0.0,0,T-CF,0.31988472622478387
Western Nilotic,Africa,0.0,0,Learned,0.3170028818443804
Western Nilotic,Africa,0.0,1,Freq,0.5446685878962536
Western Nilotic,Africa,0.0,1,T-CF,0.2622478386167147
Western Nilotic,Africa,0.0,1,Learned,0.207492795389049
Western Nilotic,Africa,0.0,2,Freq,0.5360230547550432
Western Nilotic,Africa,0.0,2,T-CF,0.2334293948126801
Western Nilotic,Africa,0.0,2,Learned,0.29971181556195964
Western Nilotic,Africa,0.0,3,Freq,0.547550432276657
Western Nilotic,Africa,0.0,3,T-CF,0.2507204610951009
Western Nilotic,Africa,0.0,3,Learned,0.18155619596541786
Western Nilotic,Africa,0.0,4,Freq,0.553314121037464
Western Nilotic,Africa,0.0,4,T-CF,0.3314121037463977
Western Nilotic,Africa,0.0,4,Learned,0.2680115273775216
Western Nilotic,Africa,0.01,0,Freq,0.5504322766570605
Western Nilotic,Africa,0.01,0,T-CF,0.34293948126801155
Western Nilotic,Africa,0.01,0,Learned,0.3025936599423631
Western Nilotic,Africa,0.01,1,Freq,0.5446685878962536
Western Nilotic,Africa,0.01,1,T-CF,0.46397694524495675
Western Nilotic,Africa,0.01,1,Learned,0.38328530259365995
Western Nilotic,Africa,0.01,2,Freq,0.5360230547550432
Western Nilotic,Africa,0.01,2,T-CF,0.43804034582132567
Western Nilotic,Africa,0.01,2,Learned,0.3976945244956772
Western Nilotic,Africa,0.01,3,Freq,0.547550432276657
Western Nilotic,Africa,0.01,3,T-CF,0.3919308357348703
Western Nilotic,Africa,0.01,3,Learned,0.3573487031700288
Western Nilotic,Africa,0.01,4,Freq,0.553314121037464
Western Nilotic,Africa,0.01,4,T-CF,0.5043227665706052
Western Nilotic,Africa,0.01,4,Learned,0.43515850144092216
Western Nilotic,Africa,0.05,0,Freq,0.5504322766570605
Western Nilotic,Africa,0.05,0,T-CF,0.5619596541786743
Western Nilotic,Africa,0.05,0,Learned,0.44668587896253603
Western Nilotic,Africa,0.05,1,Freq,0.5446685878962536
Western Nilotic,Africa,0.05,1,T-CF,0.5850144092219021
Western Nilotic,Africa,0.05,1,Learned,0.5504322766570605
Western Nilotic,Africa,0.05,2,Freq,0.5360230547550432
Western Nilotic,Africa,0.05,2,T-CF,0.5677233429394812
Western Nilotic,Africa,0.05,2,Learned,0.553314121037464
Western Nilotic,Africa,0.05,3,Freq,0.547550432276657
Western Nilotic,Africa,0.05,3,T-CF,0.5850144092219021
Western Nilotic,Africa,0.05,3,Learned,0.5302593659942363
Western Nilotic,Africa,0.05,4,Freq,0.553314121037464
Western Nilotic,Africa,0.05,4,T-CF,0.5994236311239193
Western Nilotic,Africa,0.05,4,Learned,0.5331412103746398
Western Nilotic,Africa,0.1,0,Freq,0.5504322766570605
Western Nilotic,Africa,0.1,0,T-CF,0.590778097982709
Western Nilotic,Africa,0.1,0,Learned,0.5619596541786743
Western Nilotic,Africa,0.1,1,Freq,0.5446685878962536
Western Nilotic,Africa,0.1,1,T-CF,0.6080691642651297
Western Nilotic,Africa,0.1,1,Learned,0.5677233429394812
Western Nilotic,Africa,0.1,2,Freq,0.5360230547550432
Western Nilotic,Africa,0.1,2,T-CF,0.553314121037464
Western Nilotic,Africa,0.1,2,Learned,0.5734870317002881
Western Nilotic,Africa,0.1,3,Freq,0.5504322766570605
Western Nilotic,Africa,0.1,3,T-CF,0.5706051873198847
Western Nilotic,Africa,0.1,3,Learned,0.5302593659942363
Western Nilotic,Africa,0.1,4,Freq,0.553314121037464
Western Nilotic,Africa,0.1,4,T-CF,0.6167146974063401
Western Nilotic,Africa,0.1,4,Learned,0.521613832853026
Western Nilotic,Africa,0.2,0,Freq,0.5504322766570605
Western Nilotic,Africa,0.2,0,T-CF,0.590778097982709
Western Nilotic,Africa,0.2,0,Learned,0.5878962536023055
Western Nilotic,Africa,0.2,1,Freq,0.5446685878962536
Western Nilotic,Africa,0.2,1,T-CF,0.5821325648414986
Western Nilotic,Africa,0.2,1,Learned,0.5850144092219021
Western Nilotic,Africa,0.2,2,Freq,0.5360230547550432
Western Nilotic,Africa,0.2,2,T-CF,0.5619596541786743
Western Nilotic,Africa,0.2,2,Learned,0.5994236311239193
Western Nilotic,Africa,0.2,3,Freq,0.5504322766570605
Western Nilotic,Africa,0.2,3,T-CF,0.5936599423631124
Western Nilotic,Africa,0.2,3,Learned,0.5590778097982709
Western Nilotic,Africa,0.2,4,Freq,0.553314121037464
Western Nilotic,Africa,0.2,4,T-CF,0.5994236311239193
Western Nilotic,Africa,0.2,4,Learned,0.5504322766570605
Greater Central Philippine,Papunesia,0.0,0,Freq,0.48771929824561405
Greater Central Philippine,Papunesia,0.0,0,T-CF,0.29473684210526313
Greater Central Philippine,Papunesia,0.0,0,Learned,0.41403508771929826
Greater Central Philippine,Papunesia,0.0,1,Freq,0.48771929824561405
Greater Central Philippine,Papunesia,0.0,1,T-CF,0.23157894736842105
Greater Central Philippine,Papunesia,0.0,1,Learned,0.24912280701754386
Greater Central Philippine,Papunesia,0.0,2,Freq,0.5087719298245614
Greater Central Philippine,Papunesia,0.0,2,T-CF,0.45964912280701753
Greater Central Philippine,Papunesia,0.0,2,Learned,0.3649122807017544
Greater Central Philippine,Papunesia,0.0,3,Freq,0.4982456140350877
Greater Central Philippine,Papunesia,0.0,3,T-CF,0.21403508771929824
Greater Central Philippine,Papunesia,0.0,3,Learned,0.28771929824561404
Greater Central Philippine,Papunesia,0.0,4,Freq,0.4842105263157895
Greater Central Philippine,Papunesia,0.0,4,T-CF,0.3543859649122807
Greater Central Philippine,Papunesia,0.0,4,Learned,0.2771929824561403
Greater Central Philippine,Papunesia,0.01,0,Freq,0.48771929824561405
Greater Central Philippine,Papunesia,0.01,0,T-CF,0.41754385964912283
Greater Central Philippine,Papunesia,0.01,0,Learned,0.4
Greater Central Philippine,Papunesia,0.01,1,Freq,0.48771929824561405
Greater Central Philippine,Papunesia,0.01,1,T-CF,0.20701754385964913
Greater Central Philippine,Papunesia,0.01,1,Learned,0.45263157894736844
Greater Central Philippine,Papunesia,0.01,2,Freq,0.5087719298245614
Greater Central Philippine,Papunesia,0.01,2,T-CF,0.37894736842105264
Greater Central Philippine,Papunesia,0.01,2,Learned,0.19649122807017544
Greater Central Philippine,Papunesia,0.01,3,Freq,0.4982456140350877
Greater Central Philippine,Papunesia,0.01,3,T-CF,0.3824561403508772
Greater Central Philippine,Papunesia,0.01,3,Learned,0.4245614035087719
Greater Central Philippine,Papunesia,0.01,4,Freq,0.4842105263157895
Greater Central Philippine,Papunesia,0.01,4,T-CF,0.3508771929824561
Greater Central Philippine,Papunesia,0.01,4,Learned,0.3719298245614035
Greater Central Philippine,Papunesia,0.05,0,Freq,0.48771929824561405
Greater Central Philippine,Papunesia,0.05,0,T-CF,0.5473684210526316
Greater Central Philippine,Papunesia,0.05,0,Learned,0.5298245614035088
Greater Central Philippine,Papunesia,0.05,1,Freq,0.48771929824561405
Greater Central Philippine,Papunesia,0.05,1,T-CF,0.543859649122807
Greater Central Philippine,Papunesia,0.05,1,Learned,0.5508771929824562
Greater Central Philippine,Papunesia,0.05,2,Freq,0.5087719298245614
Greater Central Philippine,Papunesia,0.05,2,T-CF,0.5333333333333333
Greater Central Philippine,Papunesia,0.05,2,Learned,0.47719298245614034
Greater Central Philippine,Papunesia,0.05,3,Freq,0.4982456140350877
Greater Central Philippine,Papunesia,0.05,3,T-CF,0.5543859649122806
Greater Central Philippine,Papunesia,0.05,3,Learned,0.5614035087719298
Greater Central Philippine,Papunesia,0.05,4,Freq,0.4842105263157895
Greater Central Philippine,Papunesia,0.05,4,T-CF,0.5052631578947369
Greater Central Philippine,Papunesia,0.05,4,Learned,0.4842105263157895
Greater Central Philippine,Papunesia,0.1,0,Freq,0.48771929824561405
Greater Central Philippine,Papunesia,0.1,0,T-CF,0.5824561403508772
Greater Central Philippine,Papunesia,0.1,0,Learned,0.5824561403508772
Greater Central Philippine,Papunesia,0.1,1,Freq,0.48771929824561405
Greater Central Philippine,Papunesia,0.1,1,T-CF,0.5684210526315789
Greater Central Philippine,Papunesia,0.1,1,Learned,0.5684210526315789
Greater Central Philippine,Papunesia,0.1,2,Freq,0.5087719298245614
Greater Central Philippine,Papunesia,0.1,2,T-CF,0.5298245614035088
Greater Central Philippine,Papunesia,0.1,2,Learned,0.4842105263157895
Greater Central Philippine,Papunesia,0.1,3,Freq,0.4982456140350877
Greater Central Philippine,Papunesia,0.1,3,T-CF,0.5719298245614035
Greater Central Philippine,Papunesia,0.1,3,Learned,0.5859649122807018
Greater Central Philippine,Papunesia,0.1,4,Freq,0.4842105263157895
Greater Central Philippine,Papunesia,0.1,4,T-CF,0.5368421052631579
Greater Central Philippine,Papunesia,0.1,4,Learned,0.5228070175438596
Greater Central Philippine,Papunesia,0.2,0,Freq,0.48771929824561405
Greater Central Philippine,Papunesia,0.2,0,T-CF,0.5649122807017544
Greater Central Philippine,Papunesia,0.2,0,Learned,0.6175438596491228
Greater Central Philippine,Papunesia,0.2,1,Freq,0.48771929824561405
Greater Central Philippine,Papunesia,0.2,1,T-CF,0.5508771929824562
Greater Central Philippine,Papunesia,0.2,1,Learned,0.5614035087719298
Greater Central Philippine,Papunesia,0.2,2,Freq,0.5087719298245614
Greater Central Philippine,Papunesia,0.2,2,T-CF,0.5614035087719298
Greater Central Philippine,Papunesia,0.2,2,Learned,0.5473684210526316
Greater Central Philippine,Papunesia,0.2,3,Freq,0.4982456140350877
Greater Central Philippine,Papunesia,0.2,3,T-CF,0.5684210526315789
Greater Central Philippine,Papunesia,0.2,3,Learned,0.5894736842105263
Greater Central Philippine,Papunesia,0.2,4,Freq,0.4842105263157895
Greater Central Philippine,Papunesia,0.2,4,T-CF,0.5719298245614035
Greater Central Philippine,Papunesia,0.2,4,Learned,0.5964912280701754
Athapaskan,North America,0.0,0,Freq,0.4887640449438202
Athapaskan,North America,0.0,0,T-CF,0.21348314606741572
Athapaskan,North America,0.0,0,Learned,0.4438202247191011
Athapaskan,North America,0.0,1,Freq,0.4943820224719101
Athapaskan,North America,0.0,1,T-CF,0.3707865168539326
Athapaskan,North America,0.0,1,Learned,0.34269662921348315
Athapaskan,North America,0.0,2,Freq,0.4859550561797753
Athapaskan,North America,0.0,2,T-CF,0.31741573033707865
Athapaskan,North America,0.0,2,Learned,0.32865168539325845
Athapaskan,North America,0.0,3,Freq,0.49157303370786515
Athapaskan,North America,0.0,3,T-CF,0.3707865168539326
Athapaskan,North America,0.0,3,Learned,0.32303370786516855
Athapaskan,North America,0.0,4,Freq,0.49719101123595505
Athapaskan,North America,0.0,4,T-CF,0.2247191011235955
Athapaskan,North America,0.0,4,Learned,0.3848314606741573
Athapaskan,North America,0.01,0,Freq,0.4887640449438202
Athapaskan,North America,0.01,0,T-CF,0.398876404494382
Athapaskan,North America,0.01,0,Learned,0.41853932584269665
Athapaskan,North America,0.01,1,Freq,0.4943820224719101
Athapaskan,North America,0.01,1,T-CF,0.3398876404494382
Athapaskan,North America,0.01,1,Learned,0.24157303370786518
Athapaskan,North America,0.01,2,Freq,0.4859550561797753
Athapaskan,North America,0.01,2,T-CF,0.4241573033707865
Athapaskan,North America,0.01,2,Learned,0.31741573033707865
Athapaskan,North America,0.01,3,Freq,0.49157303370786515
Athapaskan,North America,0.01,3,T-CF,0.38764044943820225
Athapaskan,North America,0.01,3,Learned,0.42134831460674155
Athapaskan,North America,0.01,4,Freq,0.49719101123595505
Athapaskan,North America,0.01,4,T-CF,0.38764044943820225
Athapaskan,North America,0.01,4,Learned,0.42134831460674155
Athapaskan,North America,0.05,0,Freq,0.4887640449438202
Athapaskan,North America,0.05,0,T-CF,0.5280898876404494
Athapaskan,North America,0.05,0,Learned,0.5308988764044944
Athapaskan,North America,0.05,1,Freq,0.4943820224719101
Athapaskan,North America,0.05,1,T-CF,0.5308988764044944
Athapaskan,North America,0.05,1,Learned,0.47191011235955055
Athapaskan,North America,0.05,2,Freq,0.4859550561797753
Athapaskan,North America,0.05,2,T-CF,0.5084269662921348
Athapaskan,North America,0.05,2,Learned,0.4803370786516854
Athapaskan,North America,0.05,3,Freq,0.49157303370786515
Athapaskan,North America,0.05,3,T-CF,0.5112359550561798
Athapaskan,North America,0.05,3,Learned,0.38202247191011235
Athapaskan,North America,0.05,4,Freq,0.49719101123595505
Athapaskan,North America,0.05,4,T-CF,0.47191011235955055
Athapaskan,North America,0.05,4,Learned,0.4887640449438202
Athapaskan,North America,0.1,0,Freq,0.4887640449438202
Athapaskan,North America,0.1,0,T-CF,0.5280898876404494
Athapaskan,North America,0.1,0,Learned,0.4691011235955056
Athapaskan,North America,0.1,1,Freq,0.4943820224719101
Athapaskan,North America,0.1,1,T-CF,0.5252808988764045
Athapaskan,North America,0.1,1,Learned,0.5308988764044944
Athapaskan,North America,0.1,2,Freq,0.4859550561797753
Athapaskan,North America,0.1,2,T-CF,0.5140449438202247
Athapaskan,North America,0.1,2,Learned,0.5056179775280899
Athapaskan,North America,0.1,3,Freq,0.49157303370786515
Athapaskan,North America,0.1,3,T-CF,0.5112359550561798
Athapaskan,North America,0.1,3,Learned,0.45786516853932585
Athapaskan,North America,0.1,4,Freq,0.49719101123595505
Athapaskan,North America,0.1,4,T-CF,0.5112359550561798
Athapaskan,North America,0.1,4,Learned,0.45786516853932585
Athapaskan,North America,0.2,0,Freq,0.4887640449438202
Athapaskan,North America,0.2,0,T-CF,0.5421348314606742
Athapaskan,North America,0.2,0,Learned,0.5393258426966292
Athapaskan,North America,0.2,1,Freq,0.4943820224719101
Athapaskan,North America,0.2,1,T-CF,0.5365168539325843
Athapaskan,North America,0.2,1,Learned,0.5393258426966292
Athapaskan,North America,0.2,2,Freq,0.4859550561797753
Athapaskan,North America,0.2,2,T-CF,0.5224719101123596
Athapaskan,North America,0.2,2,Learned,0.5449438202247191
Athapaskan,North America,0.2,3,Freq,0.49157303370786515
Athapaskan,North America,0.2,3,T-CF,0.5140449438202247
Athapaskan,North America,0.2,3,Learned,0.5
Athapaskan,North America,0.2,4,Freq,0.49719101123595505
Athapaskan,North America,0.2,4,T-CF,0.5084269662921348
Athapaskan,North America,0.2,4,Learned,0.4859550561797753
Romance,Eurasia,0.0,0,Freq,0.5308151093439364
Romance,Eurasia,0.0,0,T-CF,0.3499005964214712
Romance,Eurasia,0.0,0,Learned,0.5168986083499006
Romance,Eurasia,0.0,1,Freq,0.5168986083499006
Romance,Eurasia,0.0,1,T-CF,0.4294234592445328
Romance,Eurasia,0.0,1,Learned,0.3658051689860835
Romance,Eurasia,0.0,2,Freq,0.5288270377733598
Romance,Eurasia,0.0,2,T-CF,0.39363817097415504
Romance,Eurasia,0.0,2,Learned,0.39363817097415504
Romance,Eurasia,0.0,3,Freq,0.5427435387673957
Romance,Eurasia,0.0,3,T-CF,0.23856858846918488
Romance,Eurasia,0.0,3,Learned,0.3359840954274354
Romance,Eurasia,0.0,4,Freq,0.5268389662027833
Romance,Eurasia,0.0,4,T-CF,0.3836978131212724
Romance,Eurasia,0.0,4,Learned,0.2882703777335984
Romance,Eurasia,0.01,0,Freq,0.5308151093439364
Romance,Eurasia,0.01,0,T-CF,0.46520874751491054
Romance,Eurasia,0.01,0,Learned,0.4592445328031809
Romance,Eurasia,0.01,1,Freq,0.5168986083499006
Romance,Eurasia,0.01,1,T-CF,0.4850894632206759
Romance,Eurasia,0.01,1,Learned,0.4532803180914513
Romance,Eurasia,0.01,2,Freq,0.5288270377733598
Romance,Eurasia,0.01,2,T-CF,0.4831013916500994
Romance,Eurasia,0.01,2,Learned,0.4274353876739563
Romance,Eurasia,0.01,3,Freq,0.5427435387673957
Romance,Eurasia,0.01,3,T-CF,0.4870775347912525
Romance,Eurasia,0.01,3,Learned,0.4572564612326044
Romance,Eurasia,0.01,4,Freq,0.5268389662027833
Romance,Eurasia,0.01,4,T-CF,0.4194831013916501
Romance,Eurasia,0.01,4,Learned,0.441351888667992
Romance,Eurasia,0.05,0,Freq,0.5308151093439364
Romance,Eurasia,0.05,0,T-CF,0.5546719681908548
Romance,Eurasia,0.05,0,Learned,0.5964214711729622
Romance,Eurasia,0.05,1,Freq,0.5168986083499006
Romance,Eurasia,0.05,1,T-CF,0.5347912524850894
Romance,Eurasia,0.05,1,Learned,0.5964214711729622
Romance,Eurasia,0.05,2,Freq,0.5288270377733598
Romance,Eurasia,0.05,2,T-CF,0.558648111332008
Romance,Eurasia,0.05,2,Learned,0.5347912524850894
Romance,Eurasia,0.05,3,Freq,0.5427435387673957
Romance,Eurasia,0.05,3,T-CF,0.5427435387673957
Romance,Eurasia,0.05,3,Learned,0.5785288270377733
Romance,Eurasia,0.05,4,Freq,0.5268389662027833
Romance,Eurasia,0.05,4,T-CF,0.5506958250497018
Romance,Eurasia,0.05,4,Learned,0.6163021868787276
Romance,Eurasia,0.1,0,Freq,0.5308151093439364
Romance,Eurasia,0.1,0,T-CF,0.558648111332008
Romance,Eurasia,0.1,0,Learned,0.6302186878727635
Romance,Eurasia,0.1,1,Freq,0.5168986083499006
Romance,Eurasia,0.1,1,T-CF,0.5228628230616302
Romance,Eurasia,0.1,1,Learned,0.6063618290258449
Romance,Eurasia,0.1,2,Freq,0.5288270377733598
Romance,Eurasia,0.1,2,T-CF,0.5606361829025845
Romance,Eurasia,0.1,2,Learned,0.588469184890656
Romance,Eurasia,0.1,3,Freq,0.5427435387673957
Romance,Eurasia,0.1,3,T-CF,0.5546719681908548
Romance,Eurasia,0.1,3,Learned,0.5984095427435387
Romance,Eurasia,0.1,4,Freq,0.5268389662027833
Romance,Eurasia,0.1,4,T-CF,0.5805168986083499
Romance,Eurasia,0.1,4,Learned,0.6083499005964215
Romance,Eurasia,0.2,0,Freq,0.5268389662027833
Romance,Eurasia,0.2,0,T-CF,0.5785288270377733
Romance,Eurasia,0.2,0,Learned,0.6461232604373758
Romance,Eurasia,0.2,1,Freq,0.5168986083499006
Romance,Eurasia,0.2,1,T-CF,0.5606361829025845
Romance,Eurasia,0.2,1,Learned,0.6361829025844931
Romance,Eurasia,0.2,2,Freq,0.5288270377733598
Romance,Eurasia,0.2,2,T-CF,0.5606361829025845
Romance,Eurasia,0.2,2,Learned,0.614314115308151
Romance,Eurasia,0.2,3,Freq,0.5427435387673957
Romance,Eurasia,0.2,3,T-CF,0.5765407554671969
Romance,Eurasia,0.2,3,Learned,0.6421471172962226
Romance,Eurasia,0.2,4,Freq,0.5268389662027833
Romance,Eurasia,0.2,4,T-CF,0.5506958250497018
Romance,Eurasia,0.2,4,Learned,0.6481113320079522
South Halmahera - West New Guinea,Papunesia,0.0,0,Freq,0.5604838709677419
South Halmahera - West New Guinea,Papunesia,0.0,0,T-CF,0.4153225806451613
South Halmahera - West New Guinea,Papunesia,0.0,0,Learned,0.375
South Halmahera - West New Guinea,Papunesia,0.0,1,Freq,0.5362903225806451
South Halmahera - West New Guinea,Papunesia,0.0,1,T-CF,0.3346774193548387
South Halmahera - West New Guinea,Papunesia,0.0,1,Learned,0.20967741935483872
South Halmahera - West New Guinea,Papunesia,0.0,2,Freq,0.5524193548387096
South Halmahera - West New Guinea,Papunesia,0.0,2,T-CF,0.2661290322580645
South Halmahera - West New Guinea,Papunesia,0.0,2,Learned,0.1975806451612903
South Halmahera - West New Guinea,Papunesia,0.0,3,Freq,0.5604838709677419
South Halmahera - West New Guinea,Papunesia,0.0,3,T-CF,0.22580645161290322
South Halmahera - West New Guinea,Papunesia,0.0,3,Learned,0.21774193548387097
South Halmahera - West New Guinea,Papunesia,0.0,4,Freq,0.5483870967741935
South Halmahera - West New Guinea,Papunesia,0.0,4,T-CF,0.2217741935483871
South Halmahera - West New Guinea,Papunesia,0.0,4,Learned,0.41935483870967744
South Halmahera - West New Guinea,Papunesia,0.01,0,Freq,0.5604838709677419
South Halmahera - West New Guinea,Papunesia,0.01,0,T-CF,0.5120967741935484
South Halmahera - West New Guinea,Papunesia,0.01,0,Learned,0.4596774193548387
South Halmahera - West New Guinea,Papunesia,0.01,1,Freq,0.5362903225806451
South Halmahera - West New Guinea,Papunesia,0.01,1,T-CF,0.42338709677419356
South Halmahera - West New Guinea,Papunesia,0.01,1,Learned,0.4274193548387097
South Halmahera - West New Guinea,Papunesia,0.01,2,Freq,0.5524193548387096
South Halmahera - West New Guinea,Papunesia,0.01,2,T-CF,0.34274193548387094
South Halmahera - West New Guinea,Papunesia,0.01,2,Learned,0.43548387096774194
South Halmahera - West New Guinea,Papunesia,0.01,3,Freq,0.5604838709677419
South Halmahera - West New Guinea,Papunesia,0.01,3,T-CF,0.3387096774193548
South Halmahera - West New Guinea,Papunesia,0.01,3,Learned,0.36693548387096775
South Halmahera - West New Guinea,Papunesia,0.01,4,Freq,0.5483870967741935
South Halmahera - West New Guinea,Papunesia,0.01,4,T-CF,0.3225806451612903
South Halmahera - West New Guinea,Papunesia,0.01,4,Learned,0.2903225806451613
South Halmahera - West New Guinea,Papunesia,0.05,0,Freq,0.5604838709677419
South Halmahera - West New Guinea,Papunesia,0.05,0,T-CF,0.5604838709677419
South Halmahera - West New Guinea,Papunesia,0.05,0,Learned,0.6370967741935484
South Halmahera - West New Guinea,Papunesia,0.05,1,Freq,0.5362903225806451
South Halmahera - West New Guinea,Papunesia,0.05,1,T-CF,0.6088709677419355
South Halmahera - West New Guinea,Papunesia,0.05,1,Learned,0.625
South Halmahera - West New Guinea,Papunesia,0.05,2,Freq,0.5524193548387096
South Halmahera - West New Guinea,Papunesia,0.05,2,T-CF,0.6411290322580645
South Halmahera - West New Guinea,Papunesia,0.05,2,Learned,0.625
South Halmahera - West New Guinea,Papunesia,0.05,3,Freq,0.5604838709677419
South Halmahera - West New Guinea,Papunesia,0.05,3,T-CF,0.6370967741935484
South Halmahera - West New Guinea,Papunesia,0.05,3,Learned,0.6370967741935484
South Halmahera - West New Guinea,Papunesia,0.05,4,Freq,0.5483870967741935
South Halmahera - West New Guinea,Papunesia,0.05,4,T-CF,0.5887096774193549
South Halmahera - West New Guinea,Papunesia,0.05,4,Learned,0.5887096774193549
South Halmahera - West New Guinea,Papunesia,0.1,0,Freq,0.5604838709677419
South Halmahera - West New Guinea,Papunesia,0.1,0,T-CF,0.6169354838709677
South Halmahera - West New Guinea,Papunesia,0.1,0,Learned,0.6612903225806451
South Halmahera - West New Guinea,Papunesia,0.1,1,Freq,0.5362903225806451
South Halmahera - West New Guinea,Papunesia,0.1,1,T-CF,0.6209677419354839
South Halmahera - West New Guinea,Papunesia,0.1,1,Learned,0.6129032258064516
South Halmahera - West New Guinea,Papunesia,0.1,2,Freq,0.5524193548387096
South Halmahera - West New Guinea,Papunesia,0.1,2,T-CF,0.6088709677419355
South Halmahera - West New Guinea,Papunesia,0.1,2,Learned,0.6370967741935484
South Halmahera - West New Guinea,Papunesia,0.1,3,Freq,0.5604838709677419
South Halmahera - West New Guinea,Papunesia,0.1,3,T-CF,0.6532258064516129
South Halmahera - West New Guinea,Papunesia,0.1,3,Learned,0.6411290322580645
South Halmahera - West New Guinea,Papunesia,0.1,4,Freq,0.5483870967741935
South Halmahera - West New Guinea,Papunesia,0.1,4,T-CF,0.6048387096774194
South Halmahera - West New Guinea,Papunesia,0.1,4,Learned,0.6491935483870968
South Halmahera - West New Guinea,Papunesia,0.2,0,Freq,0.5604838709677419
South Halmahera - West New Guinea,Papunesia,0.2,0,T-CF,0.6491935483870968
South Halmahera - West New Guinea,Papunesia,0.2,0,Learned,0.6935483870967742
South Halmahera - West New Guinea,Papunesia,0.2,1,Freq,0.5362903225806451
South Halmahera - West New Guinea,Papunesia,0.2,1,T-CF,0.6129032258064516
South Halmahera - West New Guinea,Papunesia,0.2,1,Learned,0.6814516129032258
South Halmahera - West New Guinea,Papunesia,0.2,2,Freq,0.5524193548387096
South Halmahera - West New Guinea,Papunesia,0.2,2,T-CF,0.6209677419354839
South Halmahera - West New Guinea,Papunesia,0.2,2,Learned,0.6895161290322581
South Halmahera - West New Guinea,Papunesia,0.2,3,Freq,0.5604838709677419
South Halmahera - West New Guinea,Papunesia,0.2,3,T-CF,0.6491935483870968
South Halmahera - West New Guinea,Papunesia,0.2,3,Learned,0.6774193548387096
South Halmahera - West New Guinea,Papunesia,0.2,4,Freq,0.5483870967741935
South Halmahera - West New Guinea,Papunesia,0.2,4,T-CF,0.6209677419354839
South Halmahera - West New Guinea,Papunesia,0.2,4,Learned,0.6733870967741935
Kuki-Chin,Eurasia,0.0,0,Freq,0.47985347985347987
Kuki-Chin,Eurasia,0.0,0,T-CF,0.2967032967032967
Kuki-Chin,Eurasia,0.0,0,Learned,0.3443223443223443
Kuki-Chin,Eurasia,0.0,1,Freq,0.4542124542124542
Kuki-Chin,Eurasia,0.0,1,T-CF,0.30036630036630035
Kuki-Chin,Eurasia,0.0,1,Learned,0.3076923076923077
Kuki-Chin,Eurasia,0.0,2,Freq,0.45787545787545786
Kuki-Chin,Eurasia,0.0,2,T-CF,0.358974358974359
Kuki-Chin,Eurasia,0.0,2,Learned,0.3663003663003663
Kuki-Chin,Eurasia,0.0,3,Freq,0.46886446886446886
Kuki-Chin,Eurasia,0.0,3,T-CF,0.21978021978021978
Kuki-Chin,Eurasia,0.0,3,Learned,0.23809523809523808
Kuki-Chin,Eurasia,0.0,4,Freq,0.42857142857142855
Kuki-Chin,Eurasia,0.0,4,T-CF,0.13186813186813187
Kuki-Chin,Eurasia,0.0,4,Learned,0.4065934065934066
Kuki-Chin,Eurasia,0.01,0,Freq,0.47985347985347987
Kuki-Chin,Eurasia,0.01,0,T-CF,0.32234432234432236
Kuki-Chin,Eurasia,0.01,0,Learned,0.32234432234432236
Kuki-Chin,Eurasia,0.01,1,Freq,0.4542124542124542
Kuki-Chin,Eurasia,0.01,1,T-CF,0.23076923076923078
Kuki-Chin,Eurasia,0.01,1,Learned,0.41025641025641024
Kuki-Chin,Eurasia,0.01,2,Freq,0.45787545787545786
Kuki-Chin,Eurasia,0.01,2,T-CF,0.42124542124542125
Kuki-Chin,Eurasia,0.01,2,Learned,0.3663003663003663
Kuki-Chin,Eurasia,0.01,3,Freq,0.46886446886446886
Kuki-Chin,Eurasia,0.01,3,T-CF,0.3956043956043956
Kuki-Chin,Eurasia,0.01,3,Learned,0.40293040293040294
Kuki-Chin,Eurasia,0.01,4,Freq,0.42857142857142855
Kuki-Chin,Eurasia,0.01,4,T-CF,0.2967032967032967
Kuki-Chin,Eurasia,0.01,4,Learned,0.3076923076923077
Kuki-Chin,Eurasia,0.05,0,Freq,0.47985347985347987
Kuki-Chin,Eurasia,0.05,0,T-CF,0.5091575091575091
Kuki-Chin,Eurasia,0.05,0,Learned,0.46886446886446886
Kuki-Chin,Eurasia,0.05,1,Freq,0.4542124542124542
Kuki-Chin,Eurasia,0.05,1,T-CF,0.4725274725274725
Kuki-Chin,Eurasia,0.05,1,Learned,0.4652014652014652
Kuki-Chin,Eurasia,0.05,2,Freq,0.45787545787545786
Kuki-Chin,Eurasia,0.05,2,T-CF,0.48717948717948717
Kuki-Chin,Eurasia,0.05,2,Learned,0.5641025641025641
Kuki-Chin,Eurasia,0.05,3,Freq,0.46886446886446886
Kuki-Chin,Eurasia,0.05,3,T-CF,0.5128205128205128
Kuki-Chin,Eurasia,0.05,3,Learned,0.5018315018315018
Kuki-Chin,Eurasia,0.05,4,Freq,0.42857142857142855
Kuki-Chin,Eurasia,0.05,4,T-CF,0.46153846153846156
Kuki-Chin,Eurasia,0.05,4,Learned,0.4065934065934066
Kuki-Chin,Eurasia,0.1,0,Freq,0.47985347985347987
Kuki-Chin,Eurasia,0.1,0,T-CF,0.4981684981684982
Kuki-Chin,Eurasia,0.1,0,Learned,0.5054945054945055
Kuki-Chin,Eurasia,0.1,1,Freq,0.4542124542124542
Kuki-Chin,Eurasia,0.1,1,T-CF,0.47985347985347987
Kuki-Chin,Eurasia,0.1,1,Learned,0.5787545787545788
Kuki-Chin,Eurasia,0.1,2,Freq,0.45787545787545786
Kuki-Chin,Eurasia,0.1,2,T-CF,0.48717948717948717
Kuki-Chin,Eurasia,0.1,2,Learned,0.5494505494505495
Kuki-Chin,Eurasia,0.1,3,Freq,0.46886446886446886
Kuki-Chin,Eurasia,0.1,3,T-CF,0.4981684981684982
Kuki-Chin,Eurasia,0.1,3,Learned,0.5604395604395604
Kuki-Chin,Eurasia,0.1,4,Freq,0.42857142857142855
Kuki-Chin,Eurasia,0.1,4,T-CF,0.47985347985347987
Kuki-Chin,Eurasia,0.1,4,Learned,0.4652014652014652
Kuki-Chin,Eurasia,0.2,0,Freq,0.47985347985347987
Kuki-Chin,Eurasia,0.2,0,T-CF,0.5018315018315018
Kuki-Chin,Eurasia,0.2,0,Learned,0.5567765567765568
Kuki-Chin,Eurasia,0.2,1,Freq,0.4542124542124542
Kuki-Chin,Eurasia,0.2,1,T-CF,0.4725274725274725
Kuki-Chin,Eurasia,0.2,1,Learned,0.5897435897435898
Kuki-Chin,Eurasia,0.2,2,Freq,0.45787545787545786
Kuki-Chin,Eurasia,0.2,2,T-CF,0.4981684981684982
Kuki-Chin,Eurasia,0.2,2,Learned,0.6190476190476191
Kuki-Chin,Eurasia,0.2,3,Freq,0.46886446886446886
Kuki-Chin,Eurasia,0.2,3,T-CF,0.5018315018315018
Kuki-Chin,Eurasia,0.2,3,Learned,0.6043956043956044
Kuki-Chin,Eurasia,0.2,4,Freq,0.42857142857142855
Kuki-Chin,Eurasia,0.2,4,T-CF,0.46886446886446886
Kuki-Chin,Eurasia,0.2,4,Learned,0.5787545787545788
South Surmic,Africa,0.0,0,Freq,0.6144578313253012
South Surmic,Africa,0.0,0,T-CF,0.39357429718875503
South Surmic,Africa,0.0,0,Learned,0.40963855421686746
South Surmic,Africa,0.0,1,Freq,0.6144578313253012
South Surmic,Africa,0.0,1,T-CF,0.3855421686746988
South Surmic,Africa,0.0,1,Learned,0.2289156626506024
South Surmic,Africa,0.0,2,Freq,0.6144578313253012
South Surmic,Africa,0.0,2,T-CF,0.39357429718875503
South Surmic,Africa,0.0,2,Learned,0.36947791164658633
South Surmic,Africa,0.0,3,Freq,0.5943775100401606
South Surmic,Africa,0.0,3,T-CF,0.357429718875502
South Surmic,Africa,0.0,3,Learned,0.3373493975903614
South Surmic,Africa,0.0,4,Freq,0.6144578313253012
South Surmic,Africa,0.0,4,T-CF,0.23694779116465864
South Surmic,Africa,0.0,4,Learned,0.26104417670682734
South Surmic,Africa,0.01,0,Freq,0.6144578313253012
South Surmic,Africa,0.01,0,T-CF,0.4979919678714859
South Surmic,Africa,0.01,0,Learned,0.3453815261044177
South Surmic,Africa,0.01,1,Freq,0.6144578313253012
South Surmic,Africa,0.01,1,T-CF,0.4738955823293173
South Surmic,Africa,0.01,1,Learned,0.2971887550200803
South Surmic,Africa,0.01,2,Freq,0.6144578313253012
South Surmic,Africa,0.01,2,T-CF,0.3333333333333333
South Surmic,Africa,0.01,2,Learned,0.42168674698795183
South Surmic,Africa,0.01,3,Freq,0.5943775100401606
South Surmic,Africa,0.01,3,T-CF,0.3654618473895582
South Surmic,Africa,0.01,3,Learned,0.39357429718875503
South Surmic,Africa,0.01,4,Freq,0.6144578313253012
South Surmic,Africa,0.01,4,T-CF,0.36947791164658633
South Surmic,Africa,0.01,4,Learned,0.41365461847389556
South Surmic,Africa,0.05,0,Freq,0.6144578313253012
South Surmic,Africa,0.05,0,T-CF,0.5943775100401606
South Surmic,Africa,0.05,0,Learned,0.4538152610441767
South Surmic,Africa,0.05,1,Freq,0.6144578313253012
South Surmic,Africa,0.05,1,T-CF,0.6305220883534136
South Surmic,Africa,0.05,1,Learned,0.5461847389558233
South Surmic,Africa,0.05,2,Freq,0.6144578313253012
South Surmic,Africa,0.05,2,T-CF,0.5461847389558233
South Surmic,Africa,0.05,2,Learned,0.5381526104417671
South Surmic,Africa,0.05,3,Freq,0.5943775100401606
South Surmic,Africa,0.05,3,T-CF,0.5662650602409639
South Surmic,Africa,0.05,3,Learned,0.5060240963855421
South Surmic,Africa,0.05,4,Freq,0.6144578313253012
South Surmic,Africa,0.05,4,T-CF,0.5823293172690763
South Surmic,Africa,0.05,4,Learned,0.4578313253012048
South Surmic,Africa,0.1,0,Freq,0.6144578313253012
South Surmic,Africa,0.1,0,T-CF,0.5863453815261044
South Surmic,Africa,0.1,0,Learned,0.5020080321285141
South Surmic,Africa,0.1,1,Freq,0.6144578313253012
South Surmic,Africa,0.1,1,T-CF,0.6465863453815262
South Surmic,Africa,0.1,1,Learned,0.6024096385542169
South Surmic,Africa,0.1,2,Freq,0.6144578313253012
South Surmic,Africa,0.1,2,T-CF,0.570281124497992
South Surmic,Africa,0.1,2,Learned,0.5341365461847389
South Surmic,Africa,0.1,3,Freq,0.5943775100401606
South Surmic,Africa,0.1,3,T-CF,0.5983935742971888
South Surmic,Africa,0.1,3,Learned,0.5622489959839357
South Surmic,Africa,0.1,4,Freq,0.6144578313253012
South Surmic,Africa,0.1,4,T-CF,0.6265060240963856
South Surmic,Africa,0.1,4,Learned,0.5502008032128514
South Surmic,Africa,0.2,0,Freq,0.6144578313253012
South Surmic,Africa,0.2,0,T-CF,0.5903614457831325
South Surmic,Africa,0.2,0,Learned,0.5060240963855421
South Surmic,Africa,0.2,1,Freq,0.6144578313253012
South Surmic,Africa,0.2,1,T-CF,0.6184738955823293
South Surmic,Africa,0.2,1,Learned,0.5582329317269076
South Surmic,Africa,0.2,2,Freq,0.6144578313253012
South Surmic,Africa,0.2,2,T-CF,0.5983935742971888
South Surmic,Africa,0.2,2,Learned,0.5582329317269076
South Surmic,Africa,0.2,3,Freq,0.5943775100401606
South Surmic,Africa,0.2,3,T-CF,0.5943775100401606
South Surmic,Africa,0.2,3,Learned,0.5863453815261044
South Surmic,Africa,0.2,4,Freq,0.6144578313253012
South Surmic,Africa,0.2,4,T-CF,0.6345381526104418
South Surmic,Africa,0.2,4,Learned,0.5783132530120482
Wide Grassfields,Africa,0.0,0,Freq,0.49333333333333335
Wide Grassfields,Africa,0.0,0,T-CF,0.5066666666666667
Wide Grassfields,Africa,0.0,0,Learned,0.21333333333333335
Wide Grassfields,Africa,0.0,1,Freq,0.5
Wide Grassfields,Africa,0.0,1,T-CF,0.23333333333333334
Wide Grassfields,Africa,0.0,1,Learned,0.31333333333333335
Wide Grassfields,Africa,0.0,2,Freq,0.5
Wide Grassfields,Africa,0.0,2,T-CF,0.3466666666666667
Wide Grassfields,Africa,0.0,2,Learned,0.25333333333333335
Wide Grassfields,Africa,0.0,3,Freq,0.5066666666666667
Wide Grassfields,Africa,0.0,3,T-CF,0.20666666666666667
Wide Grassfields,Africa,0.0,3,Learned,0.4266666666666667
Wide Grassfields,Africa,0.0,4,Freq,0.4666666666666667
Wide Grassfields,Africa,0.0,4,T-CF,0.4066666666666667
Wide Grassfields,Africa,0.0,4,Learned,0.42
Wide Grassfields,Africa,0.01,0,Freq,0.49333333333333335
Wide Grassfields,Africa,0.01,0,T-CF,0.36
Wide Grassfields,Africa,0.01,0,Learned,0.37333333333333335
Wide Grassfields,Africa,0.01,1,Freq,0.5
Wide Grassfields,Africa,0.01,1,T-CF,0.30666666666666664
Wide Grassfields,Africa,0.01,1,Learned,0.37333333333333335
Wide Grassfields,Africa,0.01,2,Freq,0.5
Wide Grassfields,Africa,0.01,2,T-CF,0.4666666666666667
Wide Grassfields,Africa,0.01,2,Learned,0.37333333333333335
Wide Grassfields,Africa,0.01,3,Freq,0.5066666666666667
Wide Grassfields,Africa,0.01,3,T-CF,0.38666666666666666
Wide Grassfields,Africa,0.01,3,Learned,0.30666666666666664
Wide Grassfields,Africa,0.01,4,Freq,0.4666666666666667
Wide Grassfields,Africa,0.01,4,T-CF,0.4533333333333333
Wide Grassfields,Africa,0.01,4,Learned,0.36666666666666664
Wide Grassfields,Africa,0.05,0,Freq,0.49333333333333335
Wide Grassfields,Africa,0.05,0,T-CF,0.58
Wide Grassfields,Africa,0.05,0,Learned,0.49333333333333335
Wide Grassfields,Africa,0.05,1,Freq,0.5
Wide Grassfields,Africa,0.05,1,T-CF,0.47333333333333333
Wide Grassfields,Africa,0.05,1,Learned,0.4266666666666667
Wide Grassfields,Africa,0.05,2,Freq,0.5
Wide Grassfields,Africa,0.05,2,T-CF,0.6
Wide Grassfields,Africa,0.05,2,Learned,0.5533333333333333
Wide Grassfields,Africa,0.05,3,Freq,0.5066666666666667
Wide Grassfields,Africa,0.05,3,T-CF,0.5066666666666667
Wide Grassfields,Africa,0.05,3,Learned,0.43333333333333335
Wide Grassfields,Africa,0.05,4,Freq,0.4666666666666667
Wide Grassfields,Africa,0.05,4,T-CF,0.5333333333333333
Wide Grassfields,Africa,0.05,4,Learned,0.47333333333333333
Wide Grassfields,Africa,0.1,0,Freq,0.49333333333333335
Wide Grassfields,Africa,0.1,0,T-CF,0.58
Wide Grassfields,Africa,0.1,0,Learned,0.58
Wide Grassfields,Africa,0.1,1,Freq,0.5
Wide Grassfields,Africa,0.1,1,T-CF,0.6133333333333333
Wide Grassfields,Africa,0.1,1,Learned,0.5333333333333333
Wide Grassfields,Africa,0.1,2,Freq,0.5
Wide Grassfields,Africa,0.1,2,T-CF,0.58
Wide Grassfields,Africa,0.1,2,Learned,0.52
Wide Grassfields,Africa,0.1,3,Freq,0.5066666666666667
Wide Grassfields,Africa,0.1,3,T-CF,0.4866666666666667
Wide Grassfields,Africa,0.1,3,Learned,0.4266666666666667
Wide Grassfields,Africa,0.1,4,Freq,0.4666666666666667
Wide Grassfields,Africa,0.1,4,T-CF,0.5133333333333333
Wide Grassfields,Africa,0.1,4,Learned,0.5266666666666666
Wide Grassfields,Africa,0.2,0,Freq,0.49333333333333335
Wide Grassfields,Africa,0.2,0,T-CF,0.6133333333333333
Wide Grassfields,Africa,0.2,0,Learned,0.5933333333333334
Wide Grassfields,Africa,0.2,1,Freq,0.5
Wide Grassfields,Africa,0.2,1,T-CF,0.5933333333333334
Wide Grassfields,Africa,0.2,1,Learned,0.58
Wide Grassfields,Africa,0.2,2,Freq,0.5
Wide Grassfields,Africa,0.2,2,T-CF,0.6266666666666667
Wide Grassfields,Africa,0.2,2,Learned,0.5933333333333334
Wide Grassfields,Africa,0.2,3,Freq,0.5066666666666667
Wide Grassfields,Africa,0.2,3,T-CF,0.5666666666666667
Wide Grassfields,Africa,0.2,3,Learned,0.5
Wide Grassfields,Africa,0.2,4,Freq,0.4666666666666667
Wide Grassfields,Africa,0.2,4,T-CF,0.5466666666666666
Wide Grassfields,Africa,0.2,4,Learned,0.54
Kru,Africa,0.0,0,Freq,0.4647058823529412
Kru,Africa,0.0,0,T-CF,0.2411764705882353
Kru,Africa,0.0,0,Learned,0.2529411764705882
Kru,Africa,0.0,1,Freq,0.5
Kru,Africa,0.0,1,T-CF,0.48823529411764705
Kru,Africa,0.0,1,Learned,0.25882352941176473
Kru,Africa,0.0,2,Freq,0.5235294117647059
Kru,Africa,0.0,2,T-CF,0.2411764705882353
Kru,Africa,0.0,2,Learned,0.38823529411764707
Kru,Africa,0.0,3,Freq,0.5294117647058824
Kru,Africa,0.0,3,T-CF,0.35294117647058826
Kru,Africa,0.0,3,Learned,0.3352941176470588
Kru,Africa,0.0,4,Freq,0.48823529411764705
Kru,Africa,0.0,4,T-CF,0.23529411764705882
Kru,Africa,0.0,4,Learned,0.4235294117647059
Kru,Africa,0.01,0,Freq,0.4647058823529412
Kru,Africa,0.01,0,T-CF,0.4235294117647059
Kru,Africa,0.01,0,Learned,0.4470588235294118
Kru,Africa,0.01,1,Freq,0.5
Kru,Africa,0.01,1,T-CF,0.4235294117647059
Kru,Africa,0.01,1,Learned,0.4117647058823529
Kru,Africa,0.01,2,Freq,0.5235294117647059
Kru,Africa,0.01,2,T-CF,0.23529411764705882
Kru,Africa,0.01,2,Learned,0.2647058823529412
Kru,Africa,0.01,3,Freq,0.5294117647058824
Kru,Africa,0.01,3,T-CF,0.40588235294117647
Kru,Africa,0.01,3,Learned,0.38235294117647056
Kru,Africa,0.01,4,Freq,0.48823529411764705
Kru,Africa,0.01,4,T-CF,0.4588235294117647
Kru,Africa,0.01,4,Learned,0.45294117647058824
Kru,Africa,0.05,0,Freq,0.4647058823529412
Kru,Africa,0.05,0,T-CF,0.43529411764705883
Kru,Africa,0.05,0,Learned,0.4176470588235294
Kru,Africa,0.05,1,Freq,0.5
Kru,Africa,0.05,1,T-CF,0.5058823529411764
Kru,Africa,0.05,1,Learned,0.4588235294117647
Kru,Africa,0.05,2,Freq,0.5294117647058824
Kru,Africa,0.05,2,T-CF,0.45294117647058824
Kru,Africa,0.05,2,Learned,0.49411764705882355
Kru,Africa,0.05,3,Freq,0.5294117647058824
Kru,Africa,0.05,3,T-CF,0.4647058823529412
Kru,Africa,0.05,3,Learned,0.4823529411764706
Kru,Africa,0.05,4,Freq,0.48823529411764705
Kru,Africa,0.05,4,T-CF,0.4411764705882353
Kru,Africa,0.05,4,Learned,0.4176470588235294
Kru,Africa,0.1,0,Freq,0.4647058823529412
Kru,Africa,0.1,0,T-CF,0.40588235294117647
Kru,Africa,0.1,0,Learned,0.4588235294117647
Kru,Africa,0.1,1,Freq,0.5058823529411764
Kru,Africa,0.1,1,T-CF,0.5
Kru,Africa,0.1,1,Learned,0.4764705882352941
Kru,Africa,0.1,2,Freq,0.5294117647058824
Kru,Africa,0.1,2,T-CF,0.5058823529411764
Kru,Africa,0.1,2,Learned,0.5117647058823529
Kru,Africa,0.1,3,Freq,0.5294117647058824
Kru,Africa,0.1,3,T-CF,0.5294117647058824
Kru,Africa,0.1,3,Learned,0.48823529411764705
Kru,Africa,0.1,4,Freq,0.48823529411764705
Kru,Africa,0.1,4,T-CF,0.5058823529411764
Kru,Africa,0.1,4,Learned,0.45294117647058824
Kru,Africa,0.2,0,Freq,0.4647058823529412
Kru,Africa,0.2,0,T-CF,0.4411764705882353
Kru,Africa,0.2,0,Learned,0.4470588235294118
Kru,Africa,0.2,1,Freq,0.5058823529411764
Kru,Africa,0.2,1,T-CF,0.49411764705882355
Kru,Africa,0.2,1,Learned,0.5
Kru,Africa,0.2,2,Freq,0.5294117647058824
Kru,Africa,0.2,2,T-CF,0.49411764705882355
Kru,Africa,0.2,2,Learned,0.5058823529411764
Kru,Africa,0.2,3,Freq,0.5294117647058824
Kru,Africa,0.2,3,T-CF,0.5
Kru,Africa,0.2,3,Learned,0.5
Kru,Africa,0.2,4,Freq,0.48823529411764705
Kru,Africa,0.2,4,T-CF,0.49411764705882355
Kru,Africa,0.2,4,Learned,0.5058823529411764
Algonquian,North America,0.0,0,Freq,0.44482758620689655
Algonquian,North America,0.0,0,T-CF,0.3482758620689655
Algonquian,North America,0.0,0,Learned,0.38620689655172413
Algonquian,North America,0.0,1,Freq,0.4482758620689655
Algonquian,North America,0.0,1,T-CF,0.31724137931034485
Algonquian,North America,0.0,1,Learned,0.3448275862068966
Algonquian,North America,0.0,2,Freq,0.4586206896551724
Algonquian,North America,0.0,2,T-CF,0.19310344827586207
Algonquian,North America,0.0,2,Learned,0.19655172413793104
Algonquian,North America,0.0,3,Freq,0.45517241379310347
Algonquian,North America,0.0,3,T-CF,0.3
Algonquian,North America,0.0,3,Learned,0.3310344827586207
Algonquian,North America,0.0,4,Freq,0.4862068965517241
Algonquian,North America,0.0,4,T-CF,0.24482758620689654
Algonquian,North America,0.0,4,Learned,0.3620689655172414
Algonquian,North America,0.01,0,Freq,0.44482758620689655
Algonquian,North America,0.01,0,T-CF,0.39655172413793105
Algonquian,North America,0.01,0,Learned,0.3724137931034483
Algonquian,North America,0.01,1,Freq,0.4482758620689655
Algonquian,North America,0.01,1,T-CF,0.35517241379310344
Algonquian,North America,0.01,1,Learned,0.32068965517241377
Algonquian,North America,0.01,2,Freq,0.4586206896551724
Algonquian,North America,0.01,2,T-CF,0.3310344827586207
Algonquian,North America,0.01,2,Learned,0.4241379310344828
Algonquian,North America,0.01,3,Freq,0.45517241379310347
Algonquian,North America,0.01,3,T-CF,0.41379310344827586
Algonquian,North America,0.01,3,Learned,0.33793103448275863
Algonquian,North America,0.01,4,Freq,0.4862068965517241
Algonquian,North America,0.01,4,T-CF,0.43448275862068964
Algonquian,North America,0.01,4,Learned,0.3448275862068966
Algonquian,North America,0.05,0,Freq,0.44482758620689655
Algonquian,North America,0.05,0,T-CF,0.41379310344827586
Algonquian,North America,0.05,0,Learned,0.43103448275862066
Algonquian,North America,0.05,1,Freq,0.4482758620689655
Algonquian,North America,0.05,1,T-CF,0.4827586206896552
Algonquian,North America,0.05,1,Learned,0.4206896551724138
Algonquian,North America,0.05,2,Freq,0.4586206896551724
Algonquian,North America,0.05,2,T-CF,0.46551724137931033
Algonquian,North America,0.05,2,Learned,0.4689655172413793
Algonquian,North America,0.05,3,Freq,0.45517241379310347
Algonquian,North America,0.05,3,T-CF,0.4586206896551724
Algonquian,North America,0.05,3,Learned,0.41379310344827586
Algonquian,North America,0.05,4,Freq,0.4862068965517241
Algonquian,North America,0.05,4,T-CF,0.5344827586206896
Algonquian,North America,0.05,4,Learned,0.4827586206896552
Algonquian,North America,0.1,0,Freq,0.44482758620689655
Algonquian,North America,0.1,0,T-CF,0.4413793103448276
Algonquian,North America,0.1,0,Learned,0.5103448275862069
Algonquian,North America,0.1,1,Freq,0.4482758620689655
Algonquian,North America,0.1,1,T-CF,0.46206896551724136
Algonquian,North America,0.1,1,Learned,0.5241379310344828
Algonquian,North America,0.1,2,Freq,0.4586206896551724
Algonquian,North America,0.1,2,T-CF,0.4517241379310345
Algonquian,North America,0.1,2,Learned,0.4793103448275862
Algonquian,North America,0.1,3,Freq,0.45517241379310347
Algonquian,North America,0.1,3,T-CF,0.43448275862068964
Algonquian,North America,0.1,3,Learned,0.46551724137931033
Algonquian,North America,0.1,4,Freq,0.4862068965517241
Algonquian,North America,0.1,4,T-CF,0.5206896551724138
Algonquian,North America,0.1,4,Learned,0.4586206896551724
Algonquian,North America,0.2,0,Freq,0.44482758620689655
Algonquian,North America,0.2,0,T-CF,0.44482758620689655
Algonquian,North America,0.2,0,Learned,0.5413793103448276
Algonquian,North America,0.2,1,Freq,0.4482758620689655
Algonquian,North America,0.2,1,T-CF,0.4724137931034483
Algonquian,North America,0.2,1,Learned,0.5517241379310345
Algonquian,North America,0.2,2,Freq,0.4586206896551724
Algonquian,North America,0.2,2,T-CF,0.46206896551724136
Algonquian,North America,0.2,2,Learned,0.4793103448275862
Algonquian,North America,0.2,3,Freq,0.45517241379310347
Algonquian,North America,0.2,3,T-CF,0.47586206896551725
Algonquian,North America,0.2,3,Learned,0.5551724137931034
Algonquian,North America,0.2,4,Freq,0.4862068965517241
Algonquian,North America,0.2,4,T-CF,0.5172413793103449
Algonquian,North America,0.2,4,Learned,0.5758620689655173
Oti-Volta,Africa,0.0,0,Freq,0.5775401069518716
Oti-Volta,Africa,0.0,0,T-CF,0.22459893048128343
Oti-Volta,Africa,0.0,0,Learned,0.2727272727272727
Oti-Volta,Africa,0.0,1,Freq,0.5935828877005348
Oti-Volta,Africa,0.0,1,T-CF,0.39037433155080214
Oti-Volta,Africa,0.0,1,Learned,0.3850267379679144
Oti-Volta,Africa,0.0,2,Freq,0.5721925133689839
Oti-Volta,Africa,0.0,2,T-CF,0.3315508021390374
Oti-Volta,Africa,0.0,2,Learned,0.36363636363636365
Oti-Volta,Africa,0.0,3,Freq,0.5561497326203209
Oti-Volta,Africa,0.0,3,T-CF,0.1711229946524064
Oti-Volta,Africa,0.0,3,Learned,0.3422459893048128
Oti-Volta,Africa,0.0,4,Freq,0.5401069518716578
Oti-Volta,Africa,0.0,4,T-CF,0.3689839572192513
Oti-Volta,Africa,0.0,4,Learned,0.29411764705882354
Oti-Volta,Africa,0.01,0,Freq,0.5775401069518716
Oti-Volta,Africa,0.01,0,T-CF,0.3315508021390374
Oti-Volta,Africa,0.01,0,Learned,0.32085561497326204
Oti-Volta,Africa,0.01,1,Freq,0.5935828877005348
Oti-Volta,Africa,0.01,1,T-CF,0.5026737967914439
Oti-Volta,Africa,0.01,1,Learned,0.3850267379679144
Oti-Volta,Africa,0.01,2,Freq,0.5721925133689839
Oti-Volta,Africa,0.01,2,T-CF,0.48128342245989303
Oti-Volta,Africa,0.01,2,Learned,0.36363636363636365
Oti-Volta,Africa,0.01,3,Freq,0.5561497326203209
Oti-Volta,Africa,0.01,3,T-CF,0.2192513368983957
Oti-Volta,Africa,0.01,3,Learned,0.2727272727272727
Oti-Volta,Africa,0.01,4,Freq,0.5401069518716578
Oti-Volta,Africa,0.01,4,T-CF,0.23529411764705882
Oti-Volta,Africa,0.01,4,Learned,0.31016042780748665
Oti-Volta,Africa,0.05,0,Freq,0.5775401069518716
Oti-Volta,Africa,0.05,0,T-CF,0.5828877005347594
Oti-Volta,Africa,0.05,0,Learned,0.49732620320855614
Oti-Volta,Africa,0.05,1,Freq,0.5935828877005348
Oti-Volta,Africa,0.05,1,T-CF,0.6256684491978609
Oti-Volta,Africa,0.05,1,Learned,0.48663101604278075
Oti-Volta,Africa,0.05,2,Freq,0.5721925133689839
Oti-Volta,Africa,0.05,2,T-CF,0.6470588235294118
Oti-Volta,Africa,0.05,2,Learned,0.5561497326203209
Oti-Volta,Africa,0.05,3,Freq,0.5561497326203209
Oti-Volta,Africa,0.05,3,T-CF,0.5775401069518716
Oti-Volta,Africa,0.05,3,Learned,0.46524064171123
Oti-Volta,Africa,0.05,4,Freq,0.5401069518716578
Oti-Volta,Africa,0.05,4,T-CF,0.5935828877005348
Oti-Volta,Africa,0.05,4,Learned,0.5240641711229946
Oti-Volta,Africa,0.1,0,Freq,0.5775401069518716
Oti-Volta,Africa,0.1,0,T-CF,0.5882352941176471
Oti-Volta,Africa,0.1,0,Learned,0.5561497326203209
Oti-Volta,Africa,0.1,1,Freq,0.5935828877005348
Oti-Volta,Africa,0.1,1,T-CF,0.6363636363636364
Oti-Volta,Africa,0.1,1,Learned,0.5775401069518716
Oti-Volta,Africa,0.1,2,Freq,0.5721925133689839
Oti-Volta,Africa,0.1,2,T-CF,0.5775401069518716
Oti-Volta,Africa,0.1,2,Learned,0.49732620320855614
Oti-Volta,Africa,0.1,3,Freq,0.5561497326203209
Oti-Volta,Africa,0.1,3,T-CF,0.5775401069518716
Oti-Volta,Africa,0.1,3,Learned,0.48663101604278075
Oti-Volta,Africa,0.1,4,Freq,0.5401069518716578
Oti-Volta,Africa,0.1,4,T-CF,0.6203208556149733
Oti-Volta,Africa,0.1,4,Learned,0.4919786096256685
Oti-Volta,Africa,0.2,0,Freq,0.5775401069518716
Oti-Volta,Africa,0.2,0,T-CF,0.5989304812834224
Oti-Volta,Africa,0.2,0,Learned,0.5775401069518716
Oti-Volta,Africa,0.2,1,Freq,0.5935828877005348
Oti-Volta,Africa,0.2,1,T-CF,0.6470588235294118
Oti-Volta,Africa,0.2,1,Learned,0.6203208556149733
Oti-Volta,Africa,0.2,2,Freq,0.5721925133689839
Oti-Volta,Africa,0.2,2,T-CF,0.6203208556149733
Oti-Volta,Africa,0.2,2,Learned,0.5401069518716578
Oti-Volta,Africa,0.2,3,Freq,0.5561497326203209
Oti-Volta,Africa,0.2,3,T-CF,0.6042780748663101
Oti-Volta,Africa,0.2,3,Learned,0.5080213903743316
Oti-Volta,Africa,0.2,4,Freq,0.5401069518716578
Oti-Volta,Africa,0.2,4,T-CF,0.5935828877005348
Oti-Volta,Africa,0.2,4,Learned,0.5721925133689839
Bahnaric,Eurasia,0.0,0,Freq,0.5330188679245284
Bahnaric,Eurasia,0.0,0,T-CF,0.35377358490566035
Bahnaric,Eurasia,0.0,0,Learned,0.3632075471698113
Bahnaric,Eurasia,0.0,1,Freq,0.5283018867924528
Bahnaric,Eurasia,0.0,1,T-CF,0.39622641509433965
Bahnaric,Eurasia,0.0,1,Learned,0.1509433962264151
Bahnaric,Eurasia,0.0,2,Freq,0.5283018867924528
Bahnaric,Eurasia,0.0,2,T-CF,0.37735849056603776
Bahnaric,Eurasia,0.0,2,Learned,0.3160377358490566
Bahnaric,Eurasia,0.0,3,Freq,0.5566037735849056
Bahnaric,Eurasia,0.0,3,T-CF,0.4339622641509434
Bahnaric,Eurasia,0.0,3,Learned,0.419811320754717
Bahnaric,Eurasia,0.0,4,Freq,0.5566037735849056
Bahnaric,Eurasia,0.0,4,T-CF,0.44339622641509435
Bahnaric,Eurasia,0.0,4,Learned,0.29245283018867924
Bahnaric,Eurasia,0.01,0,Freq,0.5330188679245284
Bahnaric,Eurasia,0.01,0,T-CF,0.35377358490566035
Bahnaric,Eurasia,0.01,0,Learned,0.44339622641509435
Bahnaric,Eurasia,0.01,1,Freq,0.5283018867924528
Bahnaric,Eurasia,0.01,1,T-CF,0.4811320754716981
Bahnaric,Eurasia,0.01,1,Learned,0.49528301886792453
Bahnaric,Eurasia,0.01,2,Freq,0.5283018867924528
Bahnaric,Eurasia,0.01,2,T-CF,0.41037735849056606
Bahnaric,Eurasia,0.01,2,Learned,0.3584905660377358
Bahnaric,Eurasia,0.01,3,Freq,0.5566037735849056
Bahnaric,Eurasia,0.01,3,T-CF,0.4009433962264151
Bahnaric,Eurasia,0.01,3,Learned,0.27358490566037735
Bahnaric,Eurasia,0.01,4,Freq,0.5566037735849056
Bahnaric,Eurasia,0.01,4,T-CF,0.49528301886792453
Bahnaric,Eurasia,0.01,4,Learned,0.42452830188679247
Bahnaric,Eurasia,0.05,0,Freq,0.5330188679245284
Bahnaric,Eurasia,0.05,0,T-CF,0.6745283018867925
Bahnaric,Eurasia,0.05,0,Learned,0.6792452830188679
Bahnaric,Eurasia,0.05,1,Freq,0.5283018867924528
Bahnaric,Eurasia,0.05,1,T-CF,0.6415094339622641
Bahnaric,Eurasia,0.05,1,Learned,0.6981132075471698
Bahnaric,Eurasia,0.05,2,Freq,0.5283018867924528
Bahnaric,Eurasia,0.05,2,T-CF,0.6226415094339622
Bahnaric,Eurasia,0.05,2,Learned,0.6367924528301887
Bahnaric,Eurasia,0.05,3,Freq,0.5566037735849056
Bahnaric,Eurasia,0.05,3,T-CF,0.6462264150943396
Bahnaric,Eurasia,0.05,3,Learned,0.49056603773584906
Bahnaric,Eurasia,0.05,4,Freq,0.5566037735849056
Bahnaric,Eurasia,0.05,4,T-CF,0.7075471698113207
Bahnaric,Eurasia,0.05,4,Learned,0.7122641509433962
Bahnaric,Eurasia,0.1,0,Freq,0.5330188679245284
Bahnaric,Eurasia,0.1,0,T-CF,0.6745283018867925
Bahnaric,Eurasia,0.1,0,Learned,0.7169811320754716
Bahnaric,Eurasia,0.1,1,Freq,0.5283018867924528
Bahnaric,Eurasia,0.1,1,T-CF,0.6462264150943396
Bahnaric,Eurasia,0.1,1,Learned,0.7028301886792453
Bahnaric,Eurasia,0.1,2,Freq,0.5283018867924528
Bahnaric,Eurasia,0.1,2,T-CF,0.6509433962264151
Bahnaric,Eurasia,0.1,2,Learned,0.6886792452830188
Bahnaric,Eurasia,0.1,3,Freq,0.5566037735849056
Bahnaric,Eurasia,0.1,3,T-CF,0.7169811320754716
Bahnaric,Eurasia,0.1,3,Learned,0.7452830188679245
Bahnaric,Eurasia,0.1,4,Freq,0.5566037735849056
Bahnaric,Eurasia,0.1,4,T-CF,0.6698113207547169
Bahnaric,Eurasia,0.1,4,Learned,0.7405660377358491
Bahnaric,Eurasia,0.2,0,Freq,0.5330188679245284
Bahnaric,Eurasia,0.2,0,T-CF,0.660377358490566
Bahnaric,Eurasia,0.2,0,Learned,0.7452830188679245
Bahnaric,Eurasia,0.2,1,Freq,0.5283018867924528
Bahnaric,Eurasia,0.2,1,T-CF,0.7028301886792453
Bahnaric,Eurasia,0.2,1,Learned,0.7169811320754716
Bahnaric,Eurasia,0.2,2,Freq,0.5283018867924528
Bahnaric,Eurasia,0.2,2,T-CF,0.6650943396226415
Bahnaric,Eurasia,0.2,2,Learned,0.7216981132075472
Bahnaric,Eurasia,0.2,3,Freq,0.5566037735849056
Bahnaric,Eurasia,0.2,3,T-CF,0.6933962264150944
Bahnaric,Eurasia,0.2,3,Learned,0.7688679245283019
Bahnaric,Eurasia,0.2,4,Freq,0.5566037735849056
Bahnaric,Eurasia,0.2,4,T-CF,0.7264150943396226
Bahnaric,Eurasia,0.2,4,Learned,0.7735849056603774
Celtic,Eurasia,0.0,0,Freq,0.5164835164835165
Celtic,Eurasia,0.0,0,T-CF,0.26373626373626374
Celtic,Eurasia,0.0,0,Learned,0.40293040293040294
Celtic,Eurasia,0.0,1,Freq,0.5054945054945055
Celtic,Eurasia,0.0,1,T-CF,0.39194139194139194
Celtic,Eurasia,0.0,1,Learned,0.358974358974359
Celtic,Eurasia,0.0,2,Freq,0.5274725274725275
Celtic,Eurasia,0.0,2,T-CF,0.315018315018315
Celtic,Eurasia,0.0,2,Learned,0.39194139194139194
Celtic,Eurasia,0.0,3,Freq,0.5238095238095238
Celtic,Eurasia,0.0,3,T-CF,0.2783882783882784
Celtic,Eurasia,0.0,3,Learned,0.29304029304029305
Celtic,Eurasia,0.0,4,Freq,0.5274725274725275
Celtic,Eurasia,0.0,4,T-CF,0.37362637362637363
Celtic,Eurasia,0.0,4,Learned,0.3443223443223443
Celtic,Eurasia,0.01,0,Freq,0.5164835164835165
Celtic,Eurasia,0.01,0,T-CF,0.358974358974359
Celtic,Eurasia,0.01,0,Learned,0.46886446886446886
Celtic,Eurasia,0.01,1,Freq,0.5054945054945055
Celtic,Eurasia,0.01,1,T-CF,0.3882783882783883
Celtic,Eurasia,0.01,1,Learned,0.3772893772893773
Celtic,Eurasia,0.01,2,Freq,0.5274725274725275
Celtic,Eurasia,0.01,2,T-CF,0.5018315018315018
Celtic,Eurasia,0.01,2,Learned,0.40293040293040294
Celtic,Eurasia,0.01,3,Freq,0.5238095238095238
Celtic,Eurasia,0.01,3,T-CF,0.4725274725274725
Celtic,Eurasia,0.01,3,Learned,0.4652014652014652
Celtic,Eurasia,0.01,4,Freq,0.5274725274725275
Celtic,Eurasia,0.01,4,T-CF,0.4652014652014652
Celtic,Eurasia,0.01,4,Learned,0.4908424908424908
Celtic,Eurasia,0.05,0,Freq,0.5164835164835165
Celtic,Eurasia,0.05,0,T-CF,0.5970695970695971
Celtic,Eurasia,0.05,0,Learned,0.5714285714285714
Celtic,Eurasia,0.05,1,Freq,0.5054945054945055
Celtic,Eurasia,0.05,1,T-CF,0.5457875457875457
Celtic,Eurasia,0.05,1,Learned,0.5787545787545788
Celtic,Eurasia,0.05,2,Freq,0.5274725274725275
Celtic,Eurasia,0.05,2,T-CF,0.5604395604395604
Celtic,Eurasia,0.05,2,Learned,0.5274725274725275
Celtic,Eurasia,0.05,3,Freq,0.5238095238095238
Celtic,Eurasia,0.05,3,T-CF,0.5787545787545788
Celtic,Eurasia,0.05,3,Learned,0.5567765567765568
Celtic,Eurasia,0.05,4,Freq,0.5274725274725275
Celtic,Eurasia,0.05,4,T-CF,0.5457875457875457
Celtic,Eurasia,0.05,4,Learned,0.5421245421245421
Celtic,Eurasia,0.1,0,Freq,0.5164835164835165
Celtic,Eurasia,0.1,0,T-CF,0.5787545787545788
Celtic,Eurasia,0.1,0,Learned,0.5934065934065934
Celtic,Eurasia,0.1,1,Freq,0.5054945054945055
Celtic,Eurasia,0.1,1,T-CF,0.5457875457875457
Celtic,Eurasia,0.1,1,Learned,0.5824175824175825
Celtic,Eurasia,0.1,2,Freq,0.5274725274725275
Celtic,Eurasia,0.1,2,T-CF,0.5567765567765568
Celtic,Eurasia,0.1,2,Learned,0.5860805860805861
Celtic,Eurasia,0.1,3,Freq,0.5238095238095238
Celtic,Eurasia,0.1,3,T-CF,0.5787545787545788
Celtic,Eurasia,0.1,3,Learned,0.6007326007326007
Celtic,Eurasia,0.1,4,Freq,0.5274725274725275
Celtic,Eurasia,0.1,4,T-CF,0.5677655677655677
Celtic,Eurasia,0.1,4,Learned,0.5860805860805861
Celtic,Eurasia,0.2,0,Freq,0.5164835164835165
Celtic,Eurasia,0.2,0,T-CF,0.5567765567765568
Celtic,Eurasia,0.2,0,Learned,0.6263736263736264
Celtic,Eurasia,0.2,1,Freq,0.5054945054945055
Celtic,Eurasia,0.2,1,T-CF,0.5494505494505495
Celtic,Eurasia,0.2,1,Learned,0.5787545787545788
Celtic,Eurasia,0.2,2,Freq,0.5274725274725275
Celtic,Eurasia,0.2,2,T-CF,0.5677655677655677
Celtic,Eurasia,0.2,2,Learned,0.63003663003663
Celtic,Eurasia,0.2,3,Freq,0.5238095238095238
Celtic,Eurasia,0.2,3,T-CF,0.5970695970695971
Celtic,Eurasia,0.2,3,Learned,0.6227106227106227
Celtic,Eurasia,0.2,4,Freq,0.5274725274725275
Celtic,Eurasia,0.2,4,T-CF,0.5714285714285714
Celtic,Eurasia,0.2,4,Learned,0.6153846153846154
Yuman,North America,0.0,0,Freq,0.4412811387900356
Yuman,North America,0.0,0,T-CF,0.2669039145907473
Yuman,North America,0.0,0,Learned,0.33807829181494664
Yuman,North America,0.0,1,Freq,0.4199288256227758
Yuman,North America,0.0,1,T-CF,0.3274021352313167
Yuman,North America,0.0,1,Learned,0.40213523131672596
Yuman,North America,0.0,2,Freq,0.4483985765124555
Yuman,North America,0.0,2,T-CF,0.21352313167259787
Yuman,North America,0.0,2,Learned,0.2846975088967972
Yuman,North America,0.0,3,Freq,0.4306049822064057
Yuman,North America,0.0,3,T-CF,0.1708185053380783
Yuman,North America,0.0,3,Learned,0.3238434163701068
Yuman,North America,0.0,4,Freq,0.4483985765124555
Yuman,North America,0.0,4,T-CF,0.30604982206405695
Yuman,North America,0.0,4,Learned,0.298932384341637
Yuman,North America,0.01,0,Freq,0.4412811387900356
Yuman,North America,0.01,0,T-CF,0.4092526690391459
Yuman,North America,0.01,0,Learned,0.398576512455516
Yuman,North America,0.01,1,Freq,0.4199288256227758
Yuman,North America,0.01,1,T-CF,0.4128113879003559
Yuman,North America,0.01,1,Learned,0.3879003558718861
Yuman,North America,0.01,2,Freq,0.4483985765124555
Yuman,North America,0.01,2,T-CF,0.39501779359430605
Yuman,North America,0.01,2,Learned,0.21352313167259787
Yuman,North America,0.01,3,Freq,0.4306049822064057
Yuman,North America,0.01,3,T-CF,0.4377224199288256
Yuman,North America,0.01,3,Learned,0.26334519572953735
Yuman,North America,0.01,4,Freq,0.4483985765124555
Yuman,North America,0.01,4,T-CF,0.41637010676156583
Yuman,North America,0.01,4,Learned,0.3736654804270463
Yuman,North America,0.05,0,Freq,0.4412811387900356
Yuman,North America,0.05,0,T-CF,0.4483985765124555
Yuman,North America,0.05,0,Learned,0.4234875444839858
Yuman,North America,0.05,1,Freq,0.4199288256227758
Yuman,North America,0.05,1,T-CF,0.44483985765124556
Yuman,North America,0.05,1,Learned,0.43416370106761565
Yuman,North America,0.05,2,Freq,0.4483985765124555
Yuman,North America,0.05,2,T-CF,0.4377224199288256
Yuman,North America,0.05,2,Learned,0.36298932384341637
Yuman,North America,0.05,3,Freq,0.4306049822064057
Yuman,North America,0.05,3,T-CF,0.4377224199288256
Yuman,North America,0.05,3,Learned,0.3879003558718861
Yuman,North America,0.05,4,Freq,0.4483985765124555
Yuman,North America,0.05,4,T-CF,0.45195729537366547
Yuman,North America,0.05,4,Learned,0.40569395017793597
Yuman,North America,0.1,0,Freq,0.4412811387900356
Yuman,North America,0.1,0,T-CF,0.4412811387900356
Yuman,North America,0.1,0,Learned,0.43416370106761565
Yuman,North America,0.1,1,Freq,0.4199288256227758
Yuman,North America,0.1,1,T-CF,0.43416370106761565
Yuman,North America,0.1,1,Learned,0.4697508896797153
Yuman,North America,0.1,2,Freq,0.4483985765124555
Yuman,North America,0.1,2,T-CF,0.4626334519572954
Yuman,North America,0.1,2,Learned,0.4412811387900356
Yuman,North America,0.1,3,Freq,0.4306049822064057
Yuman,North America,0.1,3,T-CF,0.4306049822064057
Yuman,North America,0.1,3,Learned,0.4234875444839858
Yuman,North America,0.1,4,Freq,0.4483985765124555
Yuman,North America,0.1,4,T-CF,0.45907473309608543
Yuman,North America,0.1,4,Learned,0.4626334519572954
Yuman,North America,0.2,0,Freq,0.4412811387900356
Yuman,North America,0.2,0,T-CF,0.45907473309608543
Yuman,North America,0.2,0,Learned,0.45195729537366547
Yuman,North America,0.2,1,Freq,0.4199288256227758
Yuman,North America,0.2,1,T-CF,0.44483985765124556
Yuman,North America,0.2,1,Learned,0.45195729537366547
Yuman,North America,0.2,2,Freq,0.4483985765124555
Yuman,North America,0.2,2,T-CF,0.49110320284697506
Yuman,North America,0.2,2,Learned,0.5338078291814946
Yuman,North America,0.2,3,Freq,0.4306049822064057
Yuman,North America,0.2,3,T-CF,0.4626334519572954
Yuman,North America,0.2,3,Learned,0.505338078291815
Yuman,North America,0.2,4,Freq,0.4483985765124555
Yuman,North America,0.2,4,T-CF,0.4626334519572954
Yuman,North America,0.2,4,Learned,0.49110320284697506
Ta-Ne-Omotic,Africa,0.0,0,Freq,0.5681818181818182
Ta-Ne-Omotic,Africa,0.0,0,T-CF,0.22727272727272727
Ta-Ne-Omotic,Africa,0.0,0,Learned,0.2727272727272727
Ta-Ne-Omotic,Africa,0.0,1,Freq,0.5833333333333334
Ta-Ne-Omotic,Africa,0.0,1,T-CF,0.32575757575757575
Ta-Ne-Omotic,Africa,0.0,1,Learned,0.42424242424242425
Ta-Ne-Omotic,Africa,0.0,2,Freq,0.5833333333333334
Ta-Ne-Omotic,Africa,0.0,2,T-CF,0.5227272727272727
Ta-Ne-Omotic,Africa,0.0,2,Learned,0.4015151515151515
Ta-Ne-Omotic,Africa,0.0,3,Freq,0.5833333333333334
Ta-Ne-Omotic,Africa,0.0,3,T-CF,0.36363636363636365
Ta-Ne-Omotic,Africa,0.0,3,Learned,0.45454545454545453
Ta-Ne-Omotic,Africa,0.0,4,Freq,0.5681818181818182
Ta-Ne-Omotic,Africa,0.0,4,T-CF,0.20454545454545456
Ta-Ne-Omotic,Africa,0.0,4,Learned,0.2803030303030303
Ta-Ne-Omotic,Africa,0.01,0,Freq,0.5681818181818182
Ta-Ne-Omotic,Africa,0.01,0,T-CF,0.4090909090909091
Ta-Ne-Omotic,Africa,0.01,0,Learned,0.3712121212121212
Ta-Ne-Omotic,Africa,0.01,1,Freq,0.5833333333333334
Ta-Ne-Omotic,Africa,0.01,1,T-CF,0.49242424242424243
Ta-Ne-Omotic,Africa,0.01,1,Learned,0.3333333333333333
Ta-Ne-Omotic,Africa,0.01,2,Freq,0.5833333333333334
Ta-Ne-Omotic,Africa,0.01,2,T-CF,0.1590909090909091
Ta-Ne-Omotic,Africa,0.01,2,Learned,0.2196969696969697
Ta-Ne-Omotic,Africa,0.01,3,Freq,0.5833333333333334
Ta-Ne-Omotic,Africa,0.01,3,T-CF,0.4393939393939394
Ta-Ne-Omotic,Africa,0.01,3,Learned,0.5075757575757576
Ta-Ne-Omotic,Africa,0.01,4,Freq,0.5681818181818182
Ta-Ne-Omotic,Africa,0.01,4,T-CF,0.4166666666666667
Ta-Ne-Omotic,Africa,0.01,4,Learned,0.5075757575757576
Ta-Ne-Omotic,Africa,0.05,0,Freq,0.5681818181818182
Ta-Ne-Omotic,Africa,0.05,0,T-CF,0.6666666666666666
Ta-Ne-Omotic,Africa,0.05,0,Learned,0.6212121212121212
Ta-Ne-Omotic,Africa,0.05,1,Freq,0.5833333333333334
Ta-Ne-Omotic,Africa,0.05,1,T-CF,0.5757575757575758
Ta-Ne-Omotic,Africa,0.05,1,Learned,0.5757575757575758
Ta-Ne-Omotic,Africa,0.05,2,Freq,0.5833333333333334
Ta-Ne-Omotic,Africa,0.05,2,T-CF,0.6363636363636364
Ta-Ne-Omotic,Africa,0.05,2,Learned,0.5757575757575758
Ta-Ne-Omotic,Africa,0.05,3,Freq,0.5833333333333334
Ta-Ne-Omotic,Africa,0.05,3,T-CF,0.6287878787878788
Ta-Ne-Omotic,Africa,0.05,3,Learned,0.6212121212121212
Ta-Ne-Omotic,Africa,0.05,4,Freq,0.5681818181818182
Ta-Ne-Omotic,Africa,0.05,4,T-CF,0.6212121212121212
Ta-Ne-Omotic,Africa,0.05,4,Learned,0.6136363636363636
Ta-Ne-Omotic,Africa,0.1,0,Freq,0.5681818181818182
Ta-Ne-Omotic,Africa,0.1,0,T-CF,0.6136363636363636
Ta-Ne-Omotic,Africa,0.1,0,Learned,0.6363636363636364
Ta-Ne-Omotic,Africa,0.1,1,Freq,0.5833333333333334
Ta-Ne-Omotic,Africa,0.1,1,T-CF,0.6363636363636364
Ta-Ne-Omotic,Africa,0.1,1,Learned,0.5984848484848485
Ta-Ne-Omotic,Africa,0.1,2,Freq,0.5833333333333334
Ta-Ne-Omotic,Africa,0.1,2,T-CF,0.6287878787878788
Ta-Ne-Omotic,Africa,0.1,2,Learned,0.6515151515151515
Ta-Ne-Omotic,Africa,0.1,3,Freq,0.5833333333333334
Ta-Ne-Omotic,Africa,0.1,3,T-CF,0.6818181818181818
Ta-Ne-Omotic,Africa,0.1,3,Learned,0.6818181818181818
Ta-Ne-Omotic,Africa,0.1,4,Freq,0.5681818181818182
Ta-Ne-Omotic,Africa,0.1,4,T-CF,0.6287878787878788
Ta-Ne-Omotic,Africa,0.1,4,Learned,0.696969696969697
Ta-Ne-Omotic,Africa,0.2,0,Freq,0.5681818181818182
Ta-Ne-Omotic,Africa,0.2,0,T-CF,0.6136363636363636
Ta-Ne-Omotic,Africa,0.2,0,Learned,0.6363636363636364
Ta-Ne-Omotic,Africa,0.2,1,Freq,0.5833333333333334
Ta-Ne-Omotic,Africa,0.2,1,T-CF,0.6742424242424242
Ta-Ne-Omotic,Africa,0.2,1,Learned,0.7424242424242424
Ta-Ne-Omotic,Africa,0.2,2,Freq,0.5833333333333334
Ta-Ne-Omotic,Africa,0.2,2,T-CF,0.6666666666666666
Ta-Ne-Omotic,Africa,0.2,2,Learned,0.696969696969697
Ta-Ne-Omotic,Africa,0.2,3,Freq,0.5833333333333334
Ta-Ne-Omotic,Africa,0.2,3,T-CF,0.6590909090909091
Ta-Ne-Omotic,Africa,0.2,3,Learned,0.6742424242424242
Ta-Ne-Omotic,Africa,0.2,4,Freq,0.5681818181818182
Ta-Ne-Omotic,Africa,0.2,4,T-CF,0.6439393939393939
Ta-Ne-Omotic,Africa,0.2,4,Learned,0.6893939393939394
Munda,Eurasia,0.0,0,Freq,0.5761316872427984
Munda,Eurasia,0.0,0,T-CF,0.3497942386831276
Munda,Eurasia,0.0,0,Learned,0.2345679012345679
Munda,Eurasia,0.0,1,Freq,0.5473251028806584
Munda,Eurasia,0.0,1,T-CF,0.40329218106995884
Munda,Eurasia,0.0,1,Learned,0.42386831275720166
Munda,Eurasia,0.0,2,Freq,0.5473251028806584
Munda,Eurasia,0.0,2,T-CF,0.2880658436213992
Munda,Eurasia,0.0,2,Learned,0.1646090534979424
Munda,Eurasia,0.0,3,Freq,0.5473251028806584
Munda,Eurasia,0.0,3,T-CF,0.36213991769547327
Munda,Eurasia,0.0,3,Learned,0.31275720164609055
Munda,Eurasia,0.0,4,Freq,0.5720164609053497
Munda,Eurasia,0.0,4,T-CF,0.3045267489711934
Munda,Eurasia,0.0,4,Learned,0.35802469135802467
Munda,Eurasia,0.01,0,Freq,0.5761316872427984
Munda,Eurasia,0.01,0,T-CF,0.35390946502057613
Munda,Eurasia,0.01,0,Learned,0.2962962962962963
Munda,Eurasia,0.01,1,Freq,0.5473251028806584
Munda,Eurasia,0.01,1,T-CF,0.3950617283950617
Munda,Eurasia,0.01,1,Learned,0.2962962962962963
Munda,Eurasia,0.01,2,Freq,0.5473251028806584
Munda,Eurasia,0.01,2,T-CF,0.3950617283950617
Munda,Eurasia,0.01,2,Learned,0.40329218106995884
Munda,Eurasia,0.01,3,Freq,0.5473251028806584
Munda,Eurasia,0.01,3,T-CF,0.43209876543209874
Munda,Eurasia,0.01,3,Learned,0.3786008230452675
Munda,Eurasia,0.01,4,Freq,0.5720164609053497
Munda,Eurasia,0.01,4,T-CF,0.5473251028806584
Munda,Eurasia,0.01,4,Learned,0.4279835390946502
Munda,Eurasia,0.05,0,Freq,0.5761316872427984
Munda,Eurasia,0.05,0,T-CF,0.5967078189300411
Munda,Eurasia,0.05,0,Learned,0.5390946502057613
Munda,Eurasia,0.05,1,Freq,0.5473251028806584
Munda,Eurasia,0.05,1,T-CF,0.5843621399176955
Munda,Eurasia,0.05,1,Learned,0.51440329218107
Munda,Eurasia,0.05,2,Freq,0.5473251028806584
Munda,Eurasia,0.05,2,T-CF,0.5267489711934157
Munda,Eurasia,0.05,2,Learned,0.522633744855967
Munda,Eurasia,0.05,3,Freq,0.5473251028806584
Munda,Eurasia,0.05,3,T-CF,0.5555555555555556
Munda,Eurasia,0.05,3,Learned,0.5637860082304527
Munda,Eurasia,0.05,4,Freq,0.5720164609053497
Munda,Eurasia,0.05,4,T-CF,0.5432098765432098
Munda,Eurasia,0.05,4,Learned,0.5473251028806584
Munda,Eurasia,0.1,0,Freq,0.5761316872427984
Munda,Eurasia,0.1,0,T-CF,0.6213991769547325
Munda,Eurasia,0.1,0,Learned,0.5802469135802469
Munda,Eurasia,0.1,1,Freq,0.5473251028806584
Munda,Eurasia,0.1,1,T-CF,0.6008230452674898
Munda,Eurasia,0.1,1,Learned,0.6090534979423868
Munda,Eurasia,0.1,2,Freq,0.5473251028806584
Munda,Eurasia,0.1,2,T-CF,0.6172839506172839
Munda,Eurasia,0.1,2,Learned,0.5843621399176955
Munda,Eurasia,0.1,3,Freq,0.5473251028806584
Munda,Eurasia,0.1,3,T-CF,0.5473251028806584
Munda,Eurasia,0.1,3,Learned,0.6378600823045267
Munda,Eurasia,0.1,4,Freq,0.5720164609053497
Munda,Eurasia,0.1,4,T-CF,0.6090534979423868
Munda,Eurasia,0.1,4,Learned,0.5679012345679012
Munda,Eurasia,0.2,0,Freq,0.5761316872427984
Munda,Eurasia,0.2,0,T-CF,0.6008230452674898
Munda,Eurasia,0.2,0,Learned,0.6049382716049383
Munda,Eurasia,0.2,1,Freq,0.5473251028806584
Munda,Eurasia,0.2,1,T-CF,0.5802469135802469
Munda,Eurasia,0.2,1,Learned,0.654320987654321
Munda,Eurasia,0.2,2,Freq,0.5473251028806584
Munda,Eurasia,0.2,2,T-CF,0.6090534979423868
Munda,Eurasia,0.2,2,Learned,0.6213991769547325
Munda,Eurasia,0.2,3,Freq,0.5473251028806584
Munda,Eurasia,0.2,3,T-CF,0.588477366255144
Munda,Eurasia,0.2,3,Learned,0.6666666666666666
Munda,Eurasia,0.2,4,Freq,0.5720164609053497
Munda,Eurasia,0.2,4,T-CF,0.6090534979423868
Munda,Eurasia,0.2,4,Learned,0.691358024691358
Mixe-Zoque,North America,0.0,0,Freq,0.4748603351955307
Mixe-Zoque,North America,0.0,0,T-CF,0.3128491620111732
Mixe-Zoque,North America,0.0,0,Learned,0.3463687150837989
Mixe-Zoque,North America,0.0,1,Freq,0.4748603351955307
Mixe-Zoque,North America,0.0,1,T-CF,0.329608938547486
Mixe-Zoque,North America,0.0,1,Learned,0.3016759776536313
Mixe-Zoque,North America,0.0,2,Freq,0.4860335195530726
Mixe-Zoque,North America,0.0,2,T-CF,0.22346368715083798
Mixe-Zoque,North America,0.0,2,Learned,0.5251396648044693
Mixe-Zoque,North America,0.0,3,Freq,0.4692737430167598
Mixe-Zoque,North America,0.0,3,T-CF,0.18994413407821228
Mixe-Zoque,North America,0.0,3,Learned,0.2346368715083799
Mixe-Zoque,North America,0.0,4,Freq,0.49162011173184356
Mixe-Zoque,North America,0.0,4,T-CF,0.22346368715083798
Mixe-Zoque,North America,0.0,4,Learned,0.3016759776536313
Mixe-Zoque,North America,0.01,0,Freq,0.4748603351955307
Mixe-Zoque,North America,0.01,0,T-CF,0.4692737430167598
Mixe-Zoque,North America,0.01,0,Learned,0.20670391061452514
Mixe-Zoque,North America,0.01,1,Freq,0.4748603351955307
Mixe-Zoque,North America,0.01,1,T-CF,0.45251396648044695
Mixe-Zoque,North America,0.01,1,Learned,0.45251396648044695
Mixe-Zoque,North America,0.01,2,Freq,0.4860335195530726
Mixe-Zoque,North America,0.01,2,T-CF,0.3407821229050279
Mixe-Zoque,North America,0.01,2,Learned,0.2569832402234637
Mixe-Zoque,North America,0.01,3,Freq,0.4692737430167598
Mixe-Zoque,North America,0.01,3,T-CF,0.35195530726256985
Mixe-Zoque,North America,0.01,3,Learned,0.441340782122905
Mixe-Zoque,North America,0.01,4,Freq,0.49162011173184356
Mixe-Zoque,North America,0.01,4,T-CF,0.49162011173184356
Mixe-Zoque,North America,0.01,4,Learned,0.24022346368715083
Mixe-Zoque,North America,0.05,0,Freq,0.4748603351955307
Mixe-Zoque,North America,0.05,0,T-CF,0.4972067039106145
Mixe-Zoque,North America,0.05,0,Learned,0.4581005586592179
Mixe-Zoque,North America,0.05,1,Freq,0.4748603351955307
Mixe-Zoque,North America,0.05,1,T-CF,0.4860335195530726
Mixe-Zoque,North America,0.05,1,Learned,0.5363128491620112
Mixe-Zoque,North America,0.05,2,Freq,0.4860335195530726
Mixe-Zoque,North America,0.05,2,T-CF,0.45251396648044695
Mixe-Zoque,North America,0.05,2,Learned,0.5139664804469274
Mixe-Zoque,North America,0.05,3,Freq,0.4692737430167598
Mixe-Zoque,North America,0.05,3,T-CF,0.4692737430167598
Mixe-Zoque,North America,0.05,3,Learned,0.43575418994413406
Mixe-Zoque,North America,0.05,4,Freq,0.49162011173184356
Mixe-Zoque,North America,0.05,4,T-CF,0.5139664804469274
Mixe-Zoque,North America,0.05,4,Learned,0.4581005586592179
Mixe-Zoque,North America,0.1,0,Freq,0.4748603351955307
Mixe-Zoque,North America,0.1,0,T-CF,0.4748603351955307
Mixe-Zoque,North America,0.1,0,Learned,0.441340782122905
Mixe-Zoque,North America,0.1,1,Freq,0.4748603351955307
Mixe-Zoque,North America,0.1,1,T-CF,0.5139664804469274
Mixe-Zoque,North America,0.1,1,Learned,0.5363128491620112
Mixe-Zoque,North America,0.1,2,Freq,0.4860335195530726
Mixe-Zoque,North America,0.1,2,T-CF,0.5418994413407822
Mixe-Zoque,North America,0.1,2,Learned,0.5418994413407822
Mixe-Zoque,North America,0.1,3,Freq,0.4692737430167598
Mixe-Zoque,North America,0.1,3,T-CF,0.48044692737430167
Mixe-Zoque,North America,0.1,3,Learned,0.5195530726256983
Mixe-Zoque,North America,0.1,4,Freq,0.49162011173184356
Mixe-Zoque,North America,0.1,4,T-CF,0.5139664804469274
Mixe-Zoque,North America,0.1,4,Learned,0.41899441340782123
Mixe-Zoque,North America,0.2,0,Freq,0.4748603351955307
Mixe-Zoque,North America,0.2,0,T-CF,0.4692737430167598
Mixe-Zoque,North America,0.2,0,Learned,0.48044692737430167
Mixe-Zoque,North America,0.2,1,Freq,0.4748603351955307
Mixe-Zoque,North America,0.2,1,T-CF,0.5027932960893855
Mixe-Zoque,North America,0.2,1,Learned,0.6089385474860335
Mixe-Zoque,North America,0.2,2,Freq,0.4860335195530726
Mixe-Zoque,North America,0.2,2,T-CF,0.5083798882681564
Mixe-Zoque,North America,0.2,2,Learned,0.5977653631284916
Mixe-Zoque,North America,0.2,3,Freq,0.4692737430167598
Mixe-Zoque,North America,0.2,3,T-CF,0.5027932960893855
Mixe-Zoque,North America,0.2,3,Learned,0.5642458100558659
Mixe-Zoque,North America,0.2,4,Freq,0.49162011173184356
Mixe-Zoque,North America,0.2,4,T-CF,0.4972067039106145
Mixe-Zoque,North America,0.2,4,Learned,0.5363128491620112
Muskogean,North America,0.0,0,Freq,0.5643564356435643
Muskogean,North America,0.0,0,T-CF,0.504950495049505
Muskogean,North America,0.0,0,Learned,0.44554455445544555
Muskogean,North America,0.0,1,Freq,0.5445544554455446
Muskogean,North America,0.0,1,T-CF,0.3316831683168317
Muskogean,North America,0.0,1,Learned,0.37623762376237624
Muskogean,North America,0.0,2,Freq,0.5643564356435643
Muskogean,North America,0.0,2,T-CF,0.36633663366336633
Muskogean,North America,0.0,2,Learned,0.28217821782178215
Muskogean,North America,0.0,3,Freq,0.5841584158415841
Muskogean,North America,0.0,3,T-CF,0.5297029702970297
Muskogean,North America,0.0,3,Learned,0.33663366336633666
Muskogean,North America,0.0,4,Freq,0.5247524752475248
Muskogean,North America,0.0,4,T-CF,0.2722772277227723
Muskogean,North America,0.0,4,Learned,0.3415841584158416
Muskogean,North America,0.01,0,Freq,0.5643564356435643
Muskogean,North America,0.01,0,T-CF,0.5643564356435643
Muskogean,North America,0.01,0,Learned,0.3712871287128713
Muskogean,North America,0.01,1,Freq,0.5445544554455446
Muskogean,North America,0.01,1,T-CF,0.4801980198019802
Muskogean,North America,0.01,1,Learned,0.5643564356435643
Muskogean,North America,0.01,2,Freq,0.5643564356435643
Muskogean,North America,0.01,2,T-CF,0.31683168316831684
Muskogean,North America,0.01,2,Learned,0.400990099009901
Muskogean,North America,0.01,3,Freq,0.5841584158415841
Muskogean,North America,0.01,3,T-CF,0.5099009900990099
Muskogean,North America,0.01,3,Learned,0.4405940594059406
Muskogean,North America,0.01,4,Freq,0.5247524752475248
Muskogean,North America,0.01,4,T-CF,0.297029702970297
Muskogean,North America,0.01,4,Learned,0.2871287128712871
Muskogean,North America,0.05,0,Freq,0.5643564356435643
Muskogean,North America,0.05,0,T-CF,0.594059405940594
Muskogean,North America,0.05,0,Learned,0.6188118811881188
Muskogean,North America,0.05,1,Freq,0.5445544554455446
Muskogean,North America,0.05,1,T-CF,0.5445544554455446
Muskogean,North America,0.05,1,Learned,0.5099009900990099
Muskogean,North America,0.05,2,Freq,0.5643564356435643
Muskogean,North America,0.05,2,T-CF,0.6039603960396039
Muskogean,North America,0.05,2,Learned,0.6534653465346535
Muskogean,North America,0.05,3,Freq,0.5841584158415841
Muskogean,North America,0.05,3,T-CF,0.6534653465346535
Muskogean,North America,0.05,3,Learned,0.6732673267326733
Muskogean,North America,0.05,4,Freq,0.5247524752475248
Muskogean,North America,0.05,4,T-CF,0.5643564356435643
Muskogean,North America,0.05,4,Learned,0.5891089108910891
Muskogean,North America,0.1,0,Freq,0.5643564356435643
Muskogean,North America,0.1,0,T-CF,0.6287128712871287
Muskogean,North America,0.1,0,Learned,0.6584158415841584
Muskogean,North America,0.1,1,Freq,0.5445544554455446
Muskogean,North America,0.1,1,T-CF,0.5742574257425742
Muskogean,North America,0.1,1,Learned,0.6287128712871287
Muskogean,North America,0.1,2,Freq,0.5643564356435643
Muskogean,North America,0.1,2,T-CF,0.599009900990099
Muskogean,North America,0.1,2,Learned,0.6287128712871287
Muskogean,North America,0.1,3,Freq,0.5841584158415841
Muskogean,North America,0.1,3,T-CF,0.6188118811881188
Muskogean,North America,0.1,3,Learned,0.6732673267326733
Muskogean,North America,0.1,4,Freq,0.5247524752475248
Muskogean,North America,0.1,4,T-CF,0.5693069306930693
Muskogean,North America,0.1,4,Learned,0.5841584158415841
Muskogean,North America,0.2,0,Freq,0.5643564356435643
Muskogean,North America,0.2,0,T-CF,0.599009900990099
Muskogean,North America,0.2,0,Learned,0.6831683168316832
Muskogean,North America,0.2,1,Freq,0.5445544554455446
Muskogean,North America,0.2,1,T-CF,0.6485148514851485
Muskogean,North America,0.2,1,Learned,0.6584158415841584
Muskogean,North America,0.2,2,Freq,0.5643564356435643
Muskogean,North America,0.2,2,T-CF,0.5643564356435643
Muskogean,North America,0.2,2,Learned,0.6732673267326733
Muskogean,North America,0.2,3,Freq,0.5841584158415841
Muskogean,North America,0.2,3,T-CF,0.6435643564356436
Muskogean,North America,0.2,3,Learned,0.6584158415841584
Muskogean,North America,0.2,4,Freq,0.5247524752475248
Muskogean,North America,0.2,4,T-CF,0.5693069306930693
Muskogean,North America,0.2,4,Learned,0.6039603960396039
Lowland East Cushitic,Africa,0.0,0,Freq,0.5542168674698795
Lowland East Cushitic,Africa,0.0,0,T-CF,0.41365461847389556
Lowland East Cushitic,Africa,0.0,0,Learned,0.3253012048192771
Lowland East Cushitic,Africa,0.0,1,Freq,0.5622489959839357
Lowland East Cushitic,Africa,0.0,1,T-CF,0.20883534136546184
Lowland East Cushitic,Africa,0.0,1,Learned,0.321285140562249
Lowland East Cushitic,Africa,0.0,2,Freq,0.5823293172690763
Lowland East Cushitic,Africa,0.0,2,T-CF,0.27309236947791166
Lowland East Cushitic,Africa,0.0,2,Learned,0.2248995983935743
Lowland East Cushitic,Africa,0.0,3,Freq,0.5622489959839357
Lowland East Cushitic,Africa,0.0,3,T-CF,0.4497991967871486
Lowland East Cushitic,Africa,0.0,3,Learned,0.3654618473895582
Lowland East Cushitic,Africa,0.0,4,Freq,0.5622489959839357
Lowland East Cushitic,Africa,0.0,4,T-CF,0.40160642570281124
Lowland East Cushitic,Africa,0.0,4,Learned,0.1646586345381526
Lowland East Cushitic,Africa,0.01,0,Freq,0.5542168674698795
Lowland East Cushitic,Africa,0.01,0,T-CF,0.285140562248996
Lowland East Cushitic,Africa,0.01,0,Learned,0.24096385542168675
Lowland East Cushitic,Africa,0.01,1,Freq,0.5622489959839357
Lowland East Cushitic,Africa,0.01,1,T-CF,0.5060240963855421
Lowland East Cushitic,Africa,0.01,1,Learned,0.5220883534136547
Lowland East Cushitic,Africa,0.01,2,Freq,0.5823293172690763
Lowland East Cushitic,Africa,0.01,2,T-CF,0.46987951807228917
Lowland East Cushitic,Africa,0.01,2,Learned,0.4457831325301205
Lowland East Cushitic,Africa,0.01,3,Freq,0.5622489959839357
Lowland East Cushitic,Africa,0.01,3,T-CF,0.5341365461847389
Lowland East Cushitic,Africa,0.01,3,Learned,0.3815261044176707
Lowland East Cushitic,Africa,0.01,4,Freq,0.5622489959839357
Lowland East Cushitic,Africa,0.01,4,T-CF,0.3413654618473896
Lowland East Cushitic,Africa,0.01,4,Learned,0.27710843373493976
Lowland East Cushitic,Africa,0.05,0,Freq,0.5542168674698795
Lowland East Cushitic,Africa,0.05,0,T-CF,0.5461847389558233
Lowland East Cushitic,Africa,0.05,0,Learned,0.5020080321285141
Lowland East Cushitic,Africa,0.05,1,Freq,0.5622489959839357
Lowland East Cushitic,Africa,0.05,1,T-CF,0.5421686746987951
Lowland East Cushitic,Africa,0.05,1,Learned,0.5261044176706827
Lowland East Cushitic,Africa,0.05,2,Freq,0.5823293172690763
Lowland East Cushitic,Africa,0.05,2,T-CF,0.5863453815261044
Lowland East Cushitic,Africa,0.05,2,Learned,0.5502008032128514
Lowland East Cushitic,Africa,0.05,3,Freq,0.5622489959839357
Lowland East Cushitic,Africa,0.05,3,T-CF,0.5381526104417671
Lowland East Cushitic,Africa,0.05,3,Learned,0.5180722891566265
Lowland East Cushitic,Africa,0.05,4,Freq,0.5622489959839357
Lowland East Cushitic,Africa,0.05,4,T-CF,0.5823293172690763
Lowland East Cushitic,Africa,0.05,4,Learned,0.5502008032128514
Lowland East Cushitic,Africa,0.1,0,Freq,0.5542168674698795
Lowland East Cushitic,Africa,0.1,0,T-CF,0.5502008032128514
Lowland East Cushitic,Africa,0.1,0,Learned,0.5502008032128514
Lowland East Cushitic,Africa,0.1,1,Freq,0.5622489959839357
Lowland East Cushitic,Africa,0.1,1,T-CF,0.5020080321285141
Lowland East Cushitic,Africa,0.1,1,Learned,0.5461847389558233
Lowland East Cushitic,Africa,0.1,2,Freq,0.5823293172690763
Lowland East Cushitic,Africa,0.1,2,T-CF,0.6104417670682731
Lowland East Cushitic,Africa,0.1,2,Learned,0.5863453815261044
Lowland East Cushitic,Africa,0.1,3,Freq,0.5622489959839357
Lowland East Cushitic,Africa,0.1,3,T-CF,0.570281124497992
Lowland East Cushitic,Africa,0.1,3,Learned,0.5542168674698795
Lowland East Cushitic,Africa,0.1,4,Freq,0.5622489959839357
Lowland East Cushitic,Africa,0.1,4,T-CF,0.606425702811245
Lowland East Cushitic,Africa,0.1,4,Learned,0.5461847389558233
Lowland East Cushitic,Africa,0.2,0,Freq,0.5542168674698795
Lowland East Cushitic,Africa,0.2,0,T-CF,0.5742971887550201
Lowland East Cushitic,Africa,0.2,0,Learned,0.5582329317269076
Lowland East Cushitic,Africa,0.2,1,Freq,0.5622489959839357
Lowland East Cushitic,Africa,0.2,1,T-CF,0.5823293172690763
Lowland East Cushitic,Africa,0.2,1,Learned,0.5783132530120482
Lowland East Cushitic,Africa,0.2,2,Freq,0.5823293172690763
Lowland East Cushitic,Africa,0.2,2,T-CF,0.606425702811245
Lowland East Cushitic,Africa,0.2,2,Learned,0.5863453815261044
Lowland East Cushitic,Africa,0.2,3,Freq,0.5622489959839357
Lowland East Cushitic,Africa,0.2,3,T-CF,0.570281124497992
Lowland East Cushitic,Africa,0.2,3,Learned,0.5863453815261044
Lowland East Cushitic,Africa,0.2,4,Freq,0.5622489959839357
Lowland East Cushitic,Africa,0.2,4,T-CF,0.5783132530120482
Lowland East Cushitic,Africa,0.2,4,Learned,0.5783132530120482
Eastern Mande,Africa,0.0,0,Freq,0.5648854961832062
Eastern Mande,Africa,0.0,0,T-CF,0.4580152671755725
Eastern Mande,Africa,0.0,0,Learned,0.4122137404580153
Eastern Mande,Africa,0.0,1,Freq,0.5648854961832062
Eastern Mande,Africa,0.0,1,T-CF,0.29770992366412213
Eastern Mande,Africa,0.0,1,Learned,0.22137404580152673
Eastern Mande,Africa,0.0,2,Freq,0.6106870229007634
Eastern Mande,Africa,0.0,2,T-CF,0.29770992366412213
Eastern Mande,Africa,0.0,2,Learned,0.2366412213740458
Eastern Mande,Africa,0.0,3,Freq,0.5801526717557252
Eastern Mande,Africa,0.0,3,T-CF,0.45038167938931295
Eastern Mande,Africa,0.0,3,Learned,0.15267175572519084
Eastern Mande,Africa,0.0,4,Freq,0.5877862595419847
Eastern Mande,Africa,0.0,4,T-CF,0.366412213740458
Eastern Mande,Africa,0.0,4,Learned,0.31297709923664124
Eastern Mande,Africa,0.01,0,Freq,0.5648854961832062
Eastern Mande,Africa,0.01,0,T-CF,0.29770992366412213
Eastern Mande,Africa,0.01,0,Learned,0.3435114503816794
Eastern Mande,Africa,0.01,1,Freq,0.5648854961832062
Eastern Mande,Africa,0.01,1,T-CF,0.40458015267175573
Eastern Mande,Africa,0.01,1,Learned,0.4122137404580153
Eastern Mande,Africa,0.01,2,Freq,0.6106870229007634
Eastern Mande,Africa,0.01,2,T-CF,0.29770992366412213
Eastern Mande,Africa,0.01,2,Learned,0.3053435114503817
Eastern Mande,Africa,0.01,3,Freq,0.5801526717557252
Eastern Mande,Africa,0.01,3,T-CF,0.22900763358778625
Eastern Mande,Africa,0.01,3,Learned,0.3282442748091603
Eastern Mande,Africa,0.01,4,Freq,0.5877862595419847
Eastern Mande,Africa,0.01,4,T-CF,0.366412213740458
Eastern Mande,Africa,0.01,4,Learned,0.3435114503816794
Eastern Mande,Africa,0.05,0,Freq,0.5648854961832062
Eastern Mande,Africa,0.05,0,T-CF,0.5648854961832062
Eastern Mande,Africa,0.05,0,Learned,0.6641221374045801
Eastern Mande,Africa,0.05,1,Freq,0.5648854961832062
Eastern Mande,Africa,0.05,1,T-CF,0.6259541984732825
Eastern Mande,Africa,0.05,1,Learned,0.5648854961832062
Eastern Mande,Africa,0.05,2,Freq,0.6106870229007634
Eastern Mande,Africa,0.05,2,T-CF,0.5801526717557252
Eastern Mande,Africa,0.05,2,Learned,0.5419847328244275
Eastern Mande,Africa,0.05,3,Freq,0.5801526717557252
Eastern Mande,Africa,0.05,3,T-CF,0.5954198473282443
Eastern Mande,Africa,0.05,3,Learned,0.6030534351145038
Eastern Mande,Africa,0.05,4,Freq,0.5877862595419847
Eastern Mande,Africa,0.05,4,T-CF,0.5343511450381679
Eastern Mande,Africa,0.05,4,Learned,0.3893129770992366
Eastern Mande,Africa,0.1,0,Freq,0.5648854961832062
Eastern Mande,Africa,0.1,0,T-CF,0.6106870229007634
Eastern Mande,Africa,0.1,0,Learned,0.7099236641221374
Eastern Mande,Africa,0.1,1,Freq,0.5648854961832062
Eastern Mande,Africa,0.1,1,T-CF,0.6106870229007634
Eastern Mande,Africa,0.1,1,Learned,0.6335877862595419
Eastern Mande,Africa,0.1,2,Freq,0.6106870229007634
Eastern Mande,Africa,0.1,2,T-CF,0.5419847328244275
Eastern Mande,Africa,0.1,2,Learned,0.648854961832061
Eastern Mande,Africa,0.1,3,Freq,0.5801526717557252
Eastern Mande,Africa,0.1,3,T-CF,0.5801526717557252
Eastern Mande,Africa,0.1,3,Learned,0.648854961832061
Eastern Mande,Africa,0.1,4,Freq,0.5877862595419847
Eastern Mande,Africa,0.1,4,T-CF,0.5038167938931297
Eastern Mande,Africa,0.1,4,Learned,0.5038167938931297
Eastern Mande,Africa,0.2,0,Freq,0.5648854961832062
Eastern Mande,Africa,0.2,0,T-CF,0.5725190839694656
Eastern Mande,Africa,0.2,0,Learned,0.6870229007633588
Eastern Mande,Africa,0.2,1,Freq,0.5648854961832062
Eastern Mande,Africa,0.2,1,T-CF,0.5648854961832062
Eastern Mande,Africa,0.2,1,Learned,0.7175572519083969
Eastern Mande,Africa,0.2,2,Freq,0.6106870229007634
Eastern Mande,Africa,0.2,2,T-CF,0.5725190839694656
Eastern Mande,Africa,0.2,2,Learned,0.6030534351145038
Eastern Mande,Africa,0.2,3,Freq,0.5801526717557252
Eastern Mande,Africa,0.2,3,T-CF,0.5877862595419847
Eastern Mande,Africa,0.2,3,Learned,0.732824427480916
Eastern Mande,Africa,0.2,4,Freq,0.5877862595419847
Eastern Mande,Africa,0.2,4,T-CF,0.5801526717557252
Eastern Mande,Africa,0.2,4,Learned,0.6870229007633588
Chinese,Eurasia,0.0,0,Freq,0.5307017543859649
Chinese,Eurasia,0.0,0,T-CF,0.2850877192982456
Chinese,Eurasia,0.0,0,Learned,0.38596491228070173
Chinese,Eurasia,0.0,1,Freq,0.5043859649122807
Chinese,Eurasia,0.0,1,T-CF,0.2719298245614035
Chinese,Eurasia,0.0,1,Learned,0.34210526315789475
Chinese,Eurasia,0.0,2,Freq,0.5263157894736842
Chinese,Eurasia,0.0,2,T-CF,0.4517543859649123
Chinese,Eurasia,0.0,2,Learned,0.2807017543859649
Chinese,Eurasia,0.0,3,Freq,0.5570175438596491
Chinese,Eurasia,0.0,3,T-CF,0.15350877192982457
Chinese,Eurasia,0.0,3,Learned,0.17105263157894737
Chinese,Eurasia,0.0,4,Freq,0.543859649122807
Chinese,Eurasia,0.0,4,T-CF,0.41228070175438597
Chinese,Eurasia,0.0,4,Learned,0.2894736842105263
Chinese,Eurasia,0.01,0,Freq,0.5307017543859649
Chinese,Eurasia,0.01,0,T-CF,0.4298245614035088
Chinese,Eurasia,0.01,0,Learned,0.4298245614035088
Chinese,Eurasia,0.01,1,Freq,0.5043859649122807
Chinese,Eurasia,0.01,1,T-CF,0.5219298245614035
Chinese,Eurasia,0.01,1,Learned,0.44298245614035087
Chinese,Eurasia,0.01,2,Freq,0.5263157894736842
Chinese,Eurasia,0.01,2,T-CF,0.4649122807017544
Chinese,Eurasia,0.01,2,Learned,0.3508771929824561
Chinese,Eurasia,0.01,3,Freq,0.5570175438596491
Chinese,Eurasia,0.01,3,T-CF,0.543859649122807
Chinese,Eurasia,0.01,3,Learned,0.4780701754385965
Chinese,Eurasia,0.01,4,Freq,0.543859649122807
Chinese,Eurasia,0.01,4,T-CF,0.37719298245614036
Chinese,Eurasia,0.01,4,Learned,0.2324561403508772
Chinese,Eurasia,0.05,0,Freq,0.5307017543859649
Chinese,Eurasia,0.05,0,T-CF,0.4780701754385965
Chinese,Eurasia,0.05,0,Learned,0.5350877192982456
Chinese,Eurasia,0.05,1,Freq,0.5043859649122807
Chinese,Eurasia,0.05,1,T-CF,0.5175438596491229
Chinese,Eurasia,0.05,1,Learned,0.5745614035087719
Chinese,Eurasia,0.05,2,Freq,0.5263157894736842
Chinese,Eurasia,0.05,2,T-CF,0.47368421052631576
Chinese,Eurasia,0.05,2,Learned,0.5175438596491229
Chinese,Eurasia,0.05,3,Freq,0.5570175438596491
Chinese,Eurasia,0.05,3,T-CF,0.5
Chinese,Eurasia,0.05,3,Learned,0.4824561403508772
Chinese,Eurasia,0.05,4,Freq,0.543859649122807
Chinese,Eurasia,0.05,4,T-CF,0.5307017543859649
Chinese,Eurasia,0.05,4,Learned,0.543859649122807
Chinese,Eurasia,0.1,0,Freq,0.5307017543859649
Chinese,Eurasia,0.1,0,T-CF,0.543859649122807
Chinese,Eurasia,0.1,0,Learned,0.5350877192982456
Chinese,Eurasia,0.1,1,Freq,0.5087719298245614
Chinese,Eurasia,0.1,1,T-CF,0.5394736842105263
Chinese,Eurasia,0.1,1,Learned,0.5570175438596491
Chinese,Eurasia,0.1,2,Freq,0.5263157894736842
Chinese,Eurasia,0.1,2,T-CF,0.5614035087719298
Chinese,Eurasia,0.1,2,Learned,0.5964912280701754
Chinese,Eurasia,0.1,3,Freq,0.5570175438596491
Chinese,Eurasia,0.1,3,T-CF,0.5833333333333334
Chinese,Eurasia,0.1,3,Learned,0.4780701754385965
Chinese,Eurasia,0.1,4,Freq,0.543859649122807
Chinese,Eurasia,0.1,4,T-CF,0.5745614035087719
Chinese,Eurasia,0.1,4,Learned,0.6096491228070176
Chinese,Eurasia,0.2,0,Freq,0.5307017543859649
Chinese,Eurasia,0.2,0,T-CF,0.5745614035087719
Chinese,Eurasia,0.2,0,Learned,0.6052631578947368
Chinese,Eurasia,0.2,1,Freq,0.5087719298245614
Chinese,Eurasia,0.2,1,T-CF,0.5263157894736842
Chinese,Eurasia,0.2,1,Learned,0.5570175438596491
Chinese,Eurasia,0.2,2,Freq,0.5263157894736842
Chinese,Eurasia,0.2,2,T-CF,0.5307017543859649
Chinese,Eurasia,0.2,2,Learned,0.5833333333333334
Chinese,Eurasia,0.2,3,Freq,0.5570175438596491
Chinese,Eurasia,0.2,3,T-CF,0.5921052631578947
Chinese,Eurasia,0.2,3,Learned,0.5833333333333334
Chinese,Eurasia,0.2,4,Freq,0.543859649122807
Chinese,Eurasia,0.2,4,T-CF,0.5833333333333334
Chinese,Eurasia,0.2,4,Learned,0.6096491228070176
Zapotecan,North America,0.0,0,Freq,0.5064935064935064
Zapotecan,North America,0.0,0,T-CF,0.2727272727272727
Zapotecan,North America,0.0,0,Learned,0.4025974025974026
Zapotecan,North America,0.0,1,Freq,0.4935064935064935
Zapotecan,North America,0.0,1,T-CF,0.3051948051948052
Zapotecan,North America,0.0,1,Learned,0.2727272727272727
Zapotecan,North America,0.0,2,Freq,0.4935064935064935
Zapotecan,North America,0.0,2,T-CF,0.3961038961038961
Zapotecan,North America,0.0,2,Learned,0.11038961038961038
Zapotecan,North America,0.0,3,Freq,0.5064935064935064
Zapotecan,North America,0.0,3,T-CF,0.17532467532467533
Zapotecan,North America,0.0,3,Learned,0.38961038961038963
Zapotecan,North America,0.0,4,Freq,0.487012987012987
Zapotecan,North America,0.0,4,T-CF,0.33766233766233766
Zapotecan,North America,0.0,4,Learned,0.35064935064935066
Zapotecan,North America,0.01,0,Freq,0.5064935064935064
Zapotecan,North America,0.01,0,T-CF,0.2532467532467532
Zapotecan,North America,0.01,0,Learned,0.2662337662337662
Zapotecan,North America,0.01,1,Freq,0.4935064935064935
Zapotecan,North America,0.01,1,T-CF,0.34415584415584416
Zapotecan,North America,0.01,1,Learned,0.33116883116883117
Zapotecan,North America,0.01,2,Freq,0.4935064935064935
Zapotecan,North America,0.01,2,T-CF,0.35714285714285715
Zapotecan,North America,0.01,2,Learned,0.12987012987012986
Zapotecan,North America,0.01,3,Freq,0.5064935064935064
Zapotecan,North America,0.01,3,T-CF,0.36363636363636365
Zapotecan,North America,0.01,3,Learned,0.19480519480519481
Zapotecan,North America,0.01,4,Freq,0.487012987012987
Zapotecan,North America,0.01,4,T-CF,0.24675324675324675
Zapotecan,North America,0.01,4,Learned,0.3116883116883117
Zapotecan,North America,0.05,0,Freq,0.5064935064935064
Zapotecan,North America,0.05,0,T-CF,0.6038961038961039
Zapotecan,North America,0.05,0,Learned,0.6233766233766234
Zapotecan,North America,0.05,1,Freq,0.4935064935064935
Zapotecan,North America,0.05,1,T-CF,0.5584415584415584
Zapotecan,North America,0.05,1,Learned,0.44155844155844154
Zapotecan,North America,0.05,2,Freq,0.4935064935064935
Zapotecan,North America,0.05,2,T-CF,0.6038961038961039
Zapotecan,North America,0.05,2,Learned,0.6103896103896104
Zapotecan,North America,0.05,3,Freq,0.5064935064935064
Zapotecan,North America,0.05,3,T-CF,0.5584415584415584
Zapotecan,North America,0.05,3,Learned,0.6103896103896104
Zapotecan,North America,0.05,4,Freq,0.487012987012987
Zapotecan,North America,0.05,4,T-CF,0.6038961038961039
Zapotecan,North America,0.05,4,Learned,0.5324675324675324
Zapotecan,North America,0.1,0,Freq,0.5064935064935064
Zapotecan,North America,0.1,0,T-CF,0.6233766233766234
Zapotecan,North America,0.1,0,Learned,0.6558441558441559
Zapotecan,North America,0.1,1,Freq,0.4935064935064935
Zapotecan,North America,0.1,1,T-CF,0.551948051948052
Zapotecan,North America,0.1,1,Learned,0.487012987012987
Zapotecan,North America,0.1,2,Freq,0.4935064935064935
Zapotecan,North America,0.1,2,T-CF,0.6103896103896104
Zapotecan,North America,0.1,2,Learned,0.6688311688311688
Zapotecan,North America,0.1,3,Freq,0.5064935064935064
Zapotecan,North America,0.1,3,T-CF,0.6168831168831169
Zapotecan,North America,0.1,3,Learned,0.6818181818181818
Zapotecan,North America,0.1,4,Freq,0.487012987012987
Zapotecan,North America,0.1,4,T-CF,0.6233766233766234
Zapotecan,North America,0.1,4,Learned,0.6168831168831169
Zapotecan,North America,0.2,0,Freq,0.5064935064935064
Zapotecan,North America,0.2,0,T-CF,0.5974025974025974
Zapotecan,North America,0.2,0,Learned,0.6753246753246753
Zapotecan,North America,0.2,1,Freq,0.4935064935064935
Zapotecan,North America,0.2,1,T-CF,0.6233766233766234
Zapotecan,North America,0.2,1,Learned,0.6493506493506493
Zapotecan,North America,0.2,2,Freq,0.4935064935064935
Zapotecan,North America,0.2,2,T-CF,0.6038961038961039
Zapotecan,North America,0.2,2,Learned,0.6298701298701299
Zapotecan,North America,0.2,3,Freq,0.5064935064935064
Zapotecan,North America,0.2,3,T-CF,0.6233766233766234
Zapotecan,North America,0.2,3,Learned,0.6493506493506493
Zapotecan,North America,0.2,4,Freq,0.487012987012987
Zapotecan,North America,0.2,4,T-CF,0.6168831168831169
Zapotecan,North America,0.2,4,Learned,0.6168831168831169
Tungusic,Eurasia,0.0,0,Freq,0.568904593639576
Tungusic,Eurasia,0.0,0,T-CF,0.28975265017667845
Tungusic,Eurasia,0.0,0,Learned,0.22614840989399293
Tungusic,Eurasia,0.0,1,Freq,0.558303886925795
Tungusic,Eurasia,0.0,1,T-CF,0.27208480565371024
Tungusic,Eurasia,0.0,1,Learned,0.27208480565371024
Tungusic,Eurasia,0.0,2,Freq,0.5477031802120141
Tungusic,Eurasia,0.0,2,T-CF,0.21554770318021202
Tungusic,Eurasia,0.0,2,Learned,0.34275618374558303
Tungusic,Eurasia,0.0,3,Freq,0.5547703180212014
Tungusic,Eurasia,0.0,3,T-CF,0.3992932862190813
Tungusic,Eurasia,0.0,3,Learned,0.27208480565371024
Tungusic,Eurasia,0.0,4,Freq,0.568904593639576
Tungusic,Eurasia,0.0,4,T-CF,0.3992932862190813
Tungusic,Eurasia,0.0,4,Learned,0.1696113074204947
Tungusic,Eurasia,0.01,0,Freq,0.568904593639576
Tungusic,Eurasia,0.01,0,T-CF,0.5265017667844523
Tungusic,Eurasia,0.01,0,Learned,0.5830388692579506
Tungusic,Eurasia,0.01,1,Freq,0.558303886925795
Tungusic,Eurasia,0.01,1,T-CF,0.5335689045936396
Tungusic,Eurasia,0.01,1,Learned,0.45936395759717313
Tungusic,Eurasia,0.01,2,Freq,0.5477031802120141
Tungusic,Eurasia,0.01,2,T-CF,0.508833922261484
Tungusic,Eurasia,0.01,2,Learned,0.38869257950530034
Tungusic,Eurasia,0.01,3,Freq,0.5547703180212014
Tungusic,Eurasia,0.01,3,T-CF,0.46996466431095407
Tungusic,Eurasia,0.01,3,Learned,0.4452296819787986
Tungusic,Eurasia,0.01,4,Freq,0.568904593639576
Tungusic,Eurasia,0.01,4,T-CF,0.47703180212014135
Tungusic,Eurasia,0.01,4,Learned,0.4028268551236749
Tungusic,Eurasia,0.05,0,Freq,0.568904593639576
Tungusic,Eurasia,0.05,0,T-CF,0.5795053003533569
Tungusic,Eurasia,0.05,0,Learned,0.5865724381625441
Tungusic,Eurasia,0.05,1,Freq,0.558303886925795
Tungusic,Eurasia,0.05,1,T-CF,0.607773851590106
Tungusic,Eurasia,0.05,1,Learned,0.6466431095406361
Tungusic,Eurasia,0.05,2,Freq,0.5477031802120141
Tungusic,Eurasia,0.05,2,T-CF,0.5795053003533569
Tungusic,Eurasia,0.05,2,Learned,0.5229681978798587
Tungusic,Eurasia,0.05,3,Freq,0.5547703180212014
Tungusic,Eurasia,0.05,3,T-CF,0.6007067137809188
Tungusic,Eurasia,0.05,3,Learned,0.6254416961130742
Tungusic,Eurasia,0.05,4,Freq,0.568904593639576
Tungusic,Eurasia,0.05,4,T-CF,0.6219081272084805
Tungusic,Eurasia,0.05,4,Learned,0.6042402826855123
Tungusic,Eurasia,0.1,0,Freq,0.568904593639576
Tungusic,Eurasia,0.1,0,T-CF,0.6042402826855123
Tungusic,Eurasia,0.1,0,Learned,0.6819787985865724
Tungusic,Eurasia,0.1,1,Freq,0.558303886925795
Tungusic,Eurasia,0.1,1,T-CF,0.5830388692579506
Tungusic,Eurasia,0.1,1,Learned,0.6466431095406361
Tungusic,Eurasia,0.1,2,Freq,0.5477031802120141
Tungusic,Eurasia,0.1,2,T-CF,0.5795053003533569
Tungusic,Eurasia,0.1,2,Learned,0.5795053003533569
Tungusic,Eurasia,0.1,3,Freq,0.5547703180212014
Tungusic,Eurasia,0.1,3,T-CF,0.6148409893992933
Tungusic,Eurasia,0.1,3,Learned,0.6148409893992933
Tungusic,Eurasia,0.1,4,Freq,0.568904593639576
Tungusic,Eurasia,0.1,4,T-CF,0.6183745583038869
Tungusic,Eurasia,0.1,4,Learned,0.6148409893992933
Tungusic,Eurasia,0.2,0,Freq,0.568904593639576
Tungusic,Eurasia,0.2,0,T-CF,0.607773851590106
Tungusic,Eurasia,0.2,0,Learned,0.6713780918727915
Tungusic,Eurasia,0.2,1,Freq,0.558303886925795
Tungusic,Eurasia,0.2,1,T-CF,0.6113074204946997
Tungusic,Eurasia,0.2,1,Learned,0.6784452296819788
Tungusic,Eurasia,0.2,2,Freq,0.5477031802120141
Tungusic,Eurasia,0.2,2,T-CF,0.5724381625441696
Tungusic,Eurasia,0.2,2,Learned,0.657243816254417
Tungusic,Eurasia,0.2,3,Freq,0.5547703180212014
Tungusic,Eurasia,0.2,3,T-CF,0.607773851590106
Tungusic,Eurasia,0.2,3,Learned,0.6254416961130742
Tungusic,Eurasia,0.2,4,Freq,0.568904593639576
Tungusic,Eurasia,0.2,4,T-CF,0.6254416961130742
Tungusic,Eurasia,0.2,4,Learned,0.6007067137809188
Mixtec,North America,0.0,0,Freq,0.5270935960591133
Mixtec,North America,0.0,0,T-CF,0.2315270935960591
Mixtec,North America,0.0,0,Learned,0.1921182266009852
Mixtec,North America,0.0,1,Freq,0.5467980295566502
Mixtec,North America,0.0,1,T-CF,0.2660098522167488
Mixtec,North America,0.0,1,Learned,0.22660098522167488
Mixtec,North America,0.0,2,Freq,0.5566502463054187
Mixtec,North America,0.0,2,T-CF,0.2660098522167488
Mixtec,North America,0.0,2,Learned,0.4482758620689655
Mixtec,North America,0.0,3,Freq,0.5467980295566502
Mixtec,North America,0.0,3,T-CF,0.4187192118226601
Mixtec,North America,0.0,3,Learned,0.5024630541871922
Mixtec,North America,0.0,4,Freq,0.5369458128078818
Mixtec,North America,0.0,4,T-CF,0.5123152709359606
Mixtec,North America,0.0,4,Learned,0.2512315270935961
Mixtec,North America,0.01,0,Freq,0.5270935960591133
Mixtec,North America,0.01,0,T-CF,0.31527093596059114
Mixtec,North America,0.01,0,Learned,0.541871921182266
Mixtec,North America,0.01,1,Freq,0.5467980295566502
Mixtec,North America,0.01,1,T-CF,0.2315270935960591
Mixtec,North America,0.01,1,Learned,0.21182266009852216
Mixtec,North America,0.01,2,Freq,0.5566502463054187
Mixtec,North America,0.01,2,T-CF,0.46798029556650245
Mixtec,North America,0.01,2,Learned,0.3103448275862069
Mixtec,North America,0.01,3,Freq,0.5467980295566502
Mixtec,North America,0.01,3,T-CF,0.1330049261083744
Mixtec,North America,0.01,3,Learned,0.4236453201970443
Mixtec,North America,0.01,4,Freq,0.5369458128078818
Mixtec,North America,0.01,4,T-CF,0.42857142857142855
Mixtec,North America,0.01,4,Learned,0.1724137931034483
Mixtec,North America,0.05,0,Freq,0.5270935960591133
Mixtec,North America,0.05,0,T-CF,0.5862068965517241
Mixtec,North America,0.05,0,Learned,0.6305418719211823
Mixtec,North America,0.05,1,Freq,0.5467980295566502
Mixtec,North America,0.05,1,T-CF,0.5862068965517241
Mixtec,North America,0.05,1,Learned,0.5123152709359606
Mixtec,North America,0.05,2,Freq,0.5566502463054187
Mixtec,North America,0.05,2,T-CF,0.6157635467980296
Mixtec,North America,0.05,2,Learned,0.5812807881773399
Mixtec,North America,0.05,3,Freq,0.5467980295566502
Mixtec,North America,0.05,3,T-CF,0.6354679802955665
Mixtec,North America,0.05,3,Learned,0.6699507389162561
Mixtec,North America,0.05,4,Freq,0.5369458128078818
Mixtec,North America,0.05,4,T-CF,0.6305418719211823
Mixtec,North America,0.05,4,Learned,0.625615763546798
Mixtec,North America,0.1,0,Freq,0.5270935960591133
Mixtec,North America,0.1,0,T-CF,0.6157635467980296
Mixtec,North America,0.1,0,Learned,0.6354679802955665
Mixtec,North America,0.1,1,Freq,0.5467980295566502
Mixtec,North America,0.1,1,T-CF,0.6305418719211823
Mixtec,North America,0.1,1,Learned,0.6305418719211823
Mixtec,North America,0.1,2,Freq,0.5566502463054187
Mixtec,North America,0.1,2,T-CF,0.6896551724137931
Mixtec,North America,0.1,2,Learned,0.6600985221674877
Mixtec,North America,0.1,3,Freq,0.5467980295566502
Mixtec,North America,0.1,3,T-CF,0.6650246305418719
Mixtec,North America,0.1,3,Learned,0.6995073891625616
Mixtec,North America,0.1,4,Freq,0.5369458128078818
Mixtec,North America,0.1,4,T-CF,0.625615763546798
Mixtec,North America,0.1,4,Learned,0.6502463054187192
Mixtec,North America,0.2,0,Freq,0.5270935960591133
Mixtec,North America,0.2,0,T-CF,0.6551724137931034
Mixtec,North America,0.2,0,Learned,0.6502463054187192
Mixtec,North America,0.2,1,Freq,0.5467980295566502
Mixtec,North America,0.2,1,T-CF,0.6551724137931034
Mixtec,North America,0.2,1,Learned,0.6699507389162561
Mixtec,North America,0.2,2,Freq,0.5566502463054187
Mixtec,North America,0.2,2,T-CF,0.6699507389162561
Mixtec,North America,0.2,2,Learned,0.6896551724137931
Mixtec,North America,0.2,3,Freq,0.5467980295566502
Mixtec,North America,0.2,3,T-CF,0.6748768472906403
Mixtec,North America,0.2,3,Learned,0.6798029556650246
Mixtec,North America,0.2,4,Freq,0.5369458128078818
Mixtec,North America,0.2,4,T-CF,0.6600985221674877
Mixtec,North America,0.2,4,Learned,0.7044334975369458
Japura-Colombia,South America,0.0,0,Freq,0.5487804878048781
Japura-Colombia,South America,0.0,0,T-CF,0.4268292682926829
Japura-Colombia,South America,0.0,0,Learned,0.21341463414634146
Japura-Colombia,South America,0.0,1,Freq,0.573170731707317
Japura-Colombia,South America,0.0,1,T-CF,0.21951219512195122
Japura-Colombia,South America,0.0,1,Learned,0.524390243902439
Japura-Colombia,South America,0.0,2,Freq,0.5487804878048781
Japura-Colombia,South America,0.0,2,T-CF,0.36585365853658536
Japura-Colombia,South America,0.0,2,Learned,0.23780487804878048
Japura-Colombia,South America,0.0,3,Freq,0.5792682926829268
Japura-Colombia,South America,0.0,3,T-CF,0.3353658536585366
Japura-Colombia,South America,0.0,3,Learned,0.3353658536585366
Japura-Colombia,South America,0.0,4,Freq,0.5426829268292683
Japura-Colombia,South America,0.0,4,T-CF,0.3902439024390244
Japura-Colombia,South America,0.0,4,Learned,0.34146341463414637
Japura-Colombia,South America,0.01,0,Freq,0.5487804878048781
Japura-Colombia,South America,0.01,0,T-CF,0.3353658536585366
Japura-Colombia,South America,0.01,0,Learned,0.20121951219512196
Japura-Colombia,South America,0.01,1,Freq,0.573170731707317
Japura-Colombia,South America,0.01,1,T-CF,0.23170731707317074
Japura-Colombia,South America,0.01,1,Learned,0.43902439024390244
Japura-Colombia,South America,0.01,2,Freq,0.5487804878048781
Japura-Colombia,South America,0.01,2,T-CF,0.3231707317073171
Japura-Colombia,South America,0.01,2,Learned,0.34146341463414637
Japura-Colombia,South America,0.01,3,Freq,0.5792682926829268
Japura-Colombia,South America,0.01,3,T-CF,0.5792682926829268
Japura-Colombia,South America,0.01,3,Learned,0.45121951219512196
Japura-Colombia,South America,0.01,4,Freq,0.5426829268292683
Japura-Colombia,South America,0.01,4,T-CF,0.2926829268292683
Japura-Colombia,South America,0.01,4,Learned,0.31097560975609756
Japura-Colombia,South America,0.05,0,Freq,0.5487804878048781
Japura-Colombia,South America,0.05,0,T-CF,0.524390243902439
Japura-Colombia,South America,0.05,0,Learned,0.5426829268292683
Japura-Colombia,South America,0.05,1,Freq,0.573170731707317
Japura-Colombia,South America,0.05,1,T-CF,0.6036585365853658
Japura-Colombia,South America,0.05,1,Learned,0.524390243902439
Japura-Colombia,South America,0.05,2,Freq,0.5487804878048781
Japura-Colombia,South America,0.05,2,T-CF,0.4878048780487805
Japura-Colombia,South America,0.05,2,Learned,0.43902439024390244
Japura-Colombia,South America,0.05,3,Freq,0.5792682926829268
Japura-Colombia,South America,0.05,3,T-CF,0.6463414634146342
Japura-Colombia,South America,0.05,3,Learned,0.6280487804878049
Japura-Colombia,South America,0.05,4,Freq,0.5426829268292683
Japura-Colombia,South America,0.05,4,T-CF,0.5426829268292683
Japura-Colombia,South America,0.05,4,Learned,0.4817073170731707
Japura-Colombia,South America,0.1,0,Freq,0.5487804878048781
Japura-Colombia,South America,0.1,0,T-CF,0.5548780487804879
Japura-Colombia,South America,0.1,0,Learned,0.5853658536585366
Japura-Colombia,South America,0.1,1,Freq,0.573170731707317
Japura-Colombia,South America,0.1,1,T-CF,0.6097560975609756
Japura-Colombia,South America,0.1,1,Learned,0.524390243902439
Japura-Colombia,South America,0.1,2,Freq,0.5487804878048781
Japura-Colombia,South America,0.1,2,T-CF,0.5609756097560976
Japura-Colombia,South America,0.1,2,Learned,0.5548780487804879
Japura-Colombia,South America,0.1,3,Freq,0.5792682926829268
Japura-Colombia,South America,0.1,3,T-CF,0.6097560975609756
Japura-Colombia,South America,0.1,3,Learned,0.6097560975609756
Japura-Colombia,South America,0.1,4,Freq,0.5426829268292683
Japura-Colombia,South America,0.1,4,T-CF,0.5609756097560976
Japura-Colombia,South America,0.1,4,Learned,0.5365853658536586
Japura-Colombia,South America,0.2,0,Freq,0.5487804878048781
Japura-Colombia,South America,0.2,0,T-CF,0.5670731707317073
Japura-Colombia,South America,0.2,0,Learned,0.5914634146341463
Japura-Colombia,South America,0.2,1,Freq,0.573170731707317
Japura-Colombia,South America,0.2,1,T-CF,0.6219512195121951
Japura-Colombia,South America,0.2,1,Learned,0.5426829268292683
Japura-Colombia,South America,0.2,2,Freq,0.5487804878048781
Japura-Colombia,South America,0.2,2,T-CF,0.5853658536585366
Japura-Colombia,South America,0.2,2,Learned,0.5914634146341463
Japura-Colombia,South America,0.2,3,Freq,0.5792682926829268
Japura-Colombia,South America,0.2,3,T-CF,0.5853658536585366
Japura-Colombia,South America,0.2,3,Learned,0.5670731707317073
Japura-Colombia,South America,0.2,4,Freq,0.5426829268292683
Japura-Colombia,South America,0.2,4,T-CF,0.5853658536585366
Japura-Colombia,South America,0.2,4,Learned,0.5853658536585366
Khoe-Kwadi,Africa,0.0,0,Freq,0.4322916666666667
Khoe-Kwadi,Africa,0.0,0,T-CF,0.2760416666666667
Khoe-Kwadi,Africa,0.0,0,Learned,0.296875
Khoe-Kwadi,Africa,0.0,1,Freq,0.453125
Khoe-Kwadi,Africa,0.0,1,T-CF,0.23958333333333334
Khoe-Kwadi,Africa,0.0,1,Learned,0.359375
Khoe-Kwadi,Africa,0.0,2,Freq,0.4427083333333333
Khoe-Kwadi,Africa,0.0,2,T-CF,0.4010416666666667
Khoe-Kwadi,Africa,0.0,2,Learned,0.3697916666666667
Khoe-Kwadi,Africa,0.0,3,Freq,0.4427083333333333
Khoe-Kwadi,Africa,0.0,3,T-CF,0.2552083333333333
Khoe-Kwadi,Africa,0.0,3,Learned,0.3645833333333333
Khoe-Kwadi,Africa,0.0,4,Freq,0.421875
Khoe-Kwadi,Africa,0.0,4,T-CF,0.3697916666666667
Khoe-Kwadi,Africa,0.0,4,Learned,0.328125
Khoe-Kwadi,Africa,0.01,0,Freq,0.4322916666666667
Khoe-Kwadi,Africa,0.01,0,T-CF,0.3802083333333333
Khoe-Kwadi,Africa,0.01,0,Learned,0.421875
Khoe-Kwadi,Africa,0.01,1,Freq,0.453125
Khoe-Kwadi,Africa,0.01,1,T-CF,0.359375
Khoe-Kwadi,Africa,0.01,1,Learned,0.3333333333333333
Khoe-Kwadi,Africa,0.01,2,Freq,0.4427083333333333
Khoe-Kwadi,Africa,0.01,2,T-CF,0.40625
Khoe-Kwadi,Africa,0.01,2,Learned,0.3802083333333333
Khoe-Kwadi,Africa,0.01,3,Freq,0.4427083333333333
Khoe-Kwadi,Africa,0.01,3,T-CF,0.4427083333333333
Khoe-Kwadi,Africa,0.01,3,Learned,0.375
Khoe-Kwadi,Africa,0.01,4,Freq,0.421875
Khoe-Kwadi,Africa,0.01,4,T-CF,0.40625
Khoe-Kwadi,Africa,0.01,4,Learned,0.421875
Khoe-Kwadi,Africa,0.05,0,Freq,0.4322916666666667
Khoe-Kwadi,Africa,0.05,0,T-CF,0.4427083333333333
Khoe-Kwadi,Africa,0.05,0,Learned,0.5208333333333334
Khoe-Kwadi,Africa,0.05,1,Freq,0.453125
Khoe-Kwadi,Africa,0.05,1,T-CF,0.4427083333333333
Khoe-Kwadi,Africa,0.05,1,Learned,0.515625
Khoe-Kwadi,Africa,0.05,2,Freq,0.4427083333333333
Khoe-Kwadi,Africa,0.05,2,T-CF,0.4635416666666667
Khoe-Kwadi,Africa,0.05,2,Learned,0.2760416666666667
Khoe-Kwadi,Africa,0.05,3,Freq,0.4427083333333333
Khoe-Kwadi,Africa,0.05,3,T-CF,0.4635416666666667
Khoe-Kwadi,Africa,0.05,3,Learned,0.4479166666666667
Khoe-Kwadi,Africa,0.05,4,Freq,0.421875
Khoe-Kwadi,Africa,0.05,4,T-CF,0.4114583333333333
Khoe-Kwadi,Africa,0.05,4,Learned,0.453125
Khoe-Kwadi,Africa,0.1,0,Freq,0.4322916666666667
Khoe-Kwadi,Africa,0.1,0,T-CF,0.4427083333333333
Khoe-Kwadi,Africa,0.1,0,Learned,0.4895833333333333
Khoe-Kwadi,Africa,0.1,1,Freq,0.453125
Khoe-Kwadi,Africa,0.1,1,T-CF,0.4791666666666667
Khoe-Kwadi,Africa,0.1,1,Learned,0.515625
Khoe-Kwadi,Africa,0.1,2,Freq,0.4427083333333333
Khoe-Kwadi,Africa,0.1,2,T-CF,0.4739583333333333
Khoe-Kwadi,Africa,0.1,2,Learned,0.4479166666666667
Khoe-Kwadi,Africa,0.1,3,Freq,0.4427083333333333
Khoe-Kwadi,Africa,0.1,3,T-CF,0.4270833333333333
Khoe-Kwadi,Africa,0.1,3,Learned,0.5208333333333334
Khoe-Kwadi,Africa,0.1,4,Freq,0.421875
Khoe-Kwadi,Africa,0.1,4,T-CF,0.46875
Khoe-Kwadi,Africa,0.1,4,Learned,0.4947916666666667
Khoe-Kwadi,Africa,0.2,0,Freq,0.4322916666666667
Khoe-Kwadi,Africa,0.2,0,T-CF,0.4635416666666667
Khoe-Kwadi,Africa,0.2,0,Learned,0.4895833333333333
Khoe-Kwadi,Africa,0.2,1,Freq,0.453125
Khoe-Kwadi,Africa,0.2,1,T-CF,0.484375
Khoe-Kwadi,Africa,0.2,1,Learned,0.46875
Khoe-Kwadi,Africa,0.2,2,Freq,0.4427083333333333
Khoe-Kwadi,Africa,0.2,2,T-CF,0.4895833333333333
Khoe-Kwadi,Africa,0.2,2,Learned,0.4947916666666667
Khoe-Kwadi,Africa,0.2,3,Freq,0.4427083333333333
Khoe-Kwadi,Africa,0.2,3,T-CF,0.4739583333333333
Khoe-Kwadi,Africa,0.2,3,Learned,0.4895833333333333
Khoe-Kwadi,Africa,0.2,4,Freq,0.421875
Khoe-Kwadi,Africa,0.2,4,T-CF,0.4635416666666667
Khoe-Kwadi,Africa,0.2,4,Learned,0.5104166666666666
Je Setentrional,South America,0.0,0,Freq,0.5421686746987951
Je Setentrional,South America,0.0,0,T-CF,0.5060240963855421
Je Setentrional,South America,0.0,0,Learned,0.40963855421686746
Je Setentrional,South America,0.0,1,Freq,0.536144578313253
Je Setentrional,South America,0.0,1,T-CF,0.1686746987951807
Je Setentrional,South America,0.0,1,Learned,0.3855421686746988
Je Setentrional,South America,0.0,2,Freq,0.5542168674698795
Je Setentrional,South America,0.0,2,T-CF,0.42168674698795183
Je Setentrional,South America,0.0,2,Learned,0.3132530120481928
Je Setentrional,South America,0.0,3,Freq,0.5903614457831325
Je Setentrional,South America,0.0,3,T-CF,0.463855421686747
Je Setentrional,South America,0.0,3,Learned,0.42771084337349397
Je Setentrional,South America,0.0,4,Freq,0.536144578313253
Je Setentrional,South America,0.0,4,T-CF,0.2891566265060241
Je Setentrional,South America,0.0,4,Learned,0.4879518072289157
Je Setentrional,South America,0.01,0,Freq,0.5421686746987951
Je Setentrional,South America,0.01,0,T-CF,0.3795180722891566
Je Setentrional,South America,0.01,0,Learned,0.4578313253012048
Je Setentrional,South America,0.01,1,Freq,0.536144578313253
Je Setentrional,South America,0.01,1,T-CF,0.463855421686747
Je Setentrional,South America,0.01,1,Learned,0.4578313253012048
Je Setentrional,South America,0.01,2,Freq,0.5542168674698795
Je Setentrional,South America,0.01,2,T-CF,0.4397590361445783
Je Setentrional,South America,0.01,2,Learned,0.43373493975903615
Je Setentrional,South America,0.01,3,Freq,0.5903614457831325
Je Setentrional,South America,0.01,3,T-CF,0.41566265060240964
Je Setentrional,South America,0.01,3,Learned,0.5120481927710844
Je Setentrional,South America,0.01,4,Freq,0.536144578313253
Je Setentrional,South America,0.01,4,T-CF,0.3795180722891566
Je Setentrional,South America,0.01,4,Learned,0.5481927710843374
Je Setentrional,South America,0.05,0,Freq,0.5421686746987951
Je Setentrional,South America,0.05,0,T-CF,0.5180722891566265
Je Setentrional,South America,0.05,0,Learned,0.5783132530120482
Je Setentrional,South America,0.05,1,Freq,0.536144578313253
Je Setentrional,South America,0.05,1,T-CF,0.5481927710843374
Je Setentrional,South America,0.05,1,Learned,0.608433734939759
Je Setentrional,South America,0.05,2,Freq,0.5542168674698795
Je Setentrional,South America,0.05,2,T-CF,0.5662650602409639
Je Setentrional,South America,0.05,2,Learned,0.5301204819277109
Je Setentrional,South America,0.05,3,Freq,0.5903614457831325
Je Setentrional,South America,0.05,3,T-CF,0.5120481927710844
Je Setentrional,South America,0.05,3,Learned,0.5
Je Setentrional,South America,0.05,4,Freq,0.536144578313253
Je Setentrional,South America,0.05,4,T-CF,0.572289156626506
Je Setentrional,South America,0.05,4,Learned,0.5301204819277109
Je Setentrional,South America,0.1,0,Freq,0.5421686746987951
Je Setentrional,South America,0.1,0,T-CF,0.5180722891566265
Je Setentrional,South America,0.1,0,Learned,0.6024096385542169
Je Setentrional,South America,0.1,1,Freq,0.536144578313253
Je Setentrional,South America,0.1,1,T-CF,0.5602409638554217
Je Setentrional,South America,0.1,1,Learned,0.5843373493975904
Je Setentrional,South America,0.1,2,Freq,0.5542168674698795
Je Setentrional,South America,0.1,2,T-CF,0.5783132530120482
Je Setentrional,South America,0.1,2,Learned,0.5602409638554217
Je Setentrional,South America,0.1,3,Freq,0.5903614457831325
Je Setentrional,South America,0.1,3,T-CF,0.6265060240963856
Je Setentrional,South America,0.1,3,Learned,0.6204819277108434
Je Setentrional,South America,0.1,4,Freq,0.536144578313253
Je Setentrional,South America,0.1,4,T-CF,0.572289156626506
Je Setentrional,South America,0.1,4,Learned,0.5963855421686747
Je Setentrional,South America,0.2,0,Freq,0.5421686746987951
Je Setentrional,South America,0.2,0,T-CF,0.5481927710843374
Je Setentrional,South America,0.2,0,Learned,0.5783132530120482
Je Setentrional,South America,0.2,1,Freq,0.536144578313253
Je Setentrional,South America,0.2,1,T-CF,0.5662650602409639
Je Setentrional,South America,0.2,1,Learned,0.6506024096385542
Je Setentrional,South America,0.2,2,Freq,0.5542168674698795
Je Setentrional,South America,0.2,2,T-CF,0.5903614457831325
Je Setentrional,South America,0.2,2,Learned,0.6445783132530121
Je Setentrional,South America,0.2,3,Freq,0.5903614457831325
Je Setentrional,South America,0.2,3,T-CF,0.5903614457831325
Je Setentrional,South America,0.2,3,Learned,0.6204819277108434
Je Setentrional,South America,0.2,4,Freq,0.536144578313253
Je Setentrional,South America,0.2,4,T-CF,0.5783132530120482
Je Setentrional,South America,0.2,4,Learned,0.6204819277108434
Tani,Eurasia,0.0,0,Freq,0.5625
Tani,Eurasia,0.0,0,T-CF,0.2857142857142857
Tani,Eurasia,0.0,0,Learned,0.49107142857142855
Tani,Eurasia,0.0,1,Freq,0.5446428571428571
Tani,Eurasia,0.0,1,T-CF,0.19642857142857142
Tani,Eurasia,0.0,1,Learned,0.375
Tani,Eurasia,0.0,2,Freq,0.5357142857142857
Tani,Eurasia,0.0,2,T-CF,0.48214285714285715
Tani,Eurasia,0.0,2,Learned,0.375
Tani,Eurasia,0.0,3,Freq,0.5982142857142857
Tani,Eurasia,0.0,3,T-CF,0.30357142857142855
Tani,Eurasia,0.0,3,Learned,0.30357142857142855
Tani,Eurasia,0.0,4,Freq,0.5446428571428571
Tani,Eurasia,0.0,4,T-CF,0.38392857142857145
Tani,Eurasia,0.0,4,Learned,0.08035714285714286
Tani,Eurasia,0.01,0,Freq,0.5625
Tani,Eurasia,0.01,0,T-CF,0.16964285714285715
Tani,Eurasia,0.01,0,Learned,0.1875
Tani,Eurasia,0.01,1,Freq,0.5446428571428571
Tani,Eurasia,0.01,1,T-CF,0.32142857142857145
Tani,Eurasia,0.01,1,Learned,0.2857142857142857
Tani,Eurasia,0.01,2,Freq,0.5357142857142857
Tani,Eurasia,0.01,2,T-CF,0.23214285714285715
Tani,Eurasia,0.01,2,Learned,0.2767857142857143
Tani,Eurasia,0.01,3,Freq,0.5982142857142857
Tani,Eurasia,0.01,3,T-CF,0.11607142857142858
Tani,Eurasia,0.01,3,Learned,0.6696428571428571
Tani,Eurasia,0.01,4,Freq,0.5446428571428571
Tani,Eurasia,0.01,4,T-CF,0.33035714285714285
Tani,Eurasia,0.01,4,Learned,0.5
Tani,Eurasia,0.05,0,Freq,0.5625
Tani,Eurasia,0.05,0,T-CF,0.5625
Tani,Eurasia,0.05,0,Learned,0.6428571428571429
Tani,Eurasia,0.05,1,Freq,0.5446428571428571
Tani,Eurasia,0.05,1,T-CF,0.5
Tani,Eurasia,0.05,1,Learned,0.5892857142857143
Tani,Eurasia,0.05,2,Freq,0.5357142857142857
Tani,Eurasia,0.05,2,T-CF,0.5714285714285714
Tani,Eurasia,0.05,2,Learned,0.7589285714285714
Tani,Eurasia,0.05,3,Freq,0.5982142857142857
Tani,Eurasia,0.05,3,T-CF,0.6071428571428571
Tani,Eurasia,0.05,3,Learned,0.6428571428571429
Tani,Eurasia,0.05,4,Freq,0.5446428571428571
Tani,Eurasia,0.05,4,T-CF,0.6071428571428571
Tani,Eurasia,0.05,4,Learned,0.6428571428571429
Tani,Eurasia,0.1,0,Freq,0.5625
Tani,Eurasia,0.1,0,T-CF,0.5892857142857143
Tani,Eurasia,0.1,0,Learned,0.6517857142857143
Tani,Eurasia,0.1,1,Freq,0.5446428571428571
Tani,Eurasia,0.1,1,T-CF,0.5357142857142857
Tani,Eurasia,0.1,1,Learned,0.5892857142857143
Tani,Eurasia,0.1,2,Freq,0.5357142857142857
Tani,Eurasia,0.1,2,T-CF,0.625
Tani,Eurasia,0.1,2,Learned,0.7678571428571429
Tani,Eurasia,0.1,3,Freq,0.5982142857142857
Tani,Eurasia,0.1,3,T-CF,0.5625
Tani,Eurasia,0.1,3,Learned,0.7053571428571429
Tani,Eurasia,0.1,4,Freq,0.5446428571428571
Tani,Eurasia,0.1,4,T-CF,0.6160714285714286
Tani,Eurasia,0.1,4,Learned,0.6607142857142857
Tani,Eurasia,0.2,0,Freq,0.5625
Tani,Eurasia,0.2,0,T-CF,0.625
Tani,Eurasia,0.2,0,Learned,0.7232142857142857
Tani,Eurasia,0.2,1,Freq,0.5446428571428571
Tani,Eurasia,0.2,1,T-CF,0.5803571428571429
Tani,Eurasia,0.2,1,Learned,0.7321428571428571
Tani,Eurasia,0.2,2,Freq,0.5357142857142857
Tani,Eurasia,0.2,2,T-CF,0.6160714285714286
Tani,Eurasia,0.2,2,Learned,0.75
Tani,Eurasia,0.2,3,Freq,0.5982142857142857
Tani,Eurasia,0.2,3,T-CF,0.6607142857142857
Tani,Eurasia,0.2,3,Learned,0.8035714285714286
Tani,Eurasia,0.2,4,Freq,0.5446428571428571
Tani,Eurasia,0.2,4,T-CF,0.5892857142857143
Tani,Eurasia,0.2,4,Learned,0.7946428571428571
Lezgic,Eurasia,0.0,0,Freq,0.5377777777777778
Lezgic,Eurasia,0.0,0,T-CF,0.4622222222222222
Lezgic,Eurasia,0.0,0,Learned,0.09777777777777778
Lezgic,Eurasia,0.0,1,Freq,0.5288888888888889
Lezgic,Eurasia,0.0,1,T-CF,0.36444444444444446
Lezgic,Eurasia,0.0,1,Learned,0.4
Lezgic,Eurasia,0.0,2,Freq,0.49333333333333335
Lezgic,Eurasia,0.0,2,T-CF,0.3688888888888889
Lezgic,Eurasia,0.0,2,Learned,0.3244444444444444
Lezgic,Eurasia,0.0,3,Freq,0.49777777777777776
Lezgic,Eurasia,0.0,3,T-CF,0.37333333333333335
Lezgic,Eurasia,0.0,3,Learned,0.21777777777777776
Lezgic,Eurasia,0.0,4,Freq,0.52
Lezgic,Eurasia,0.0,4,T-CF,0.3688888888888889
Lezgic,Eurasia,0.0,4,Learned,0.3377777777777778
Lezgic,Eurasia,0.01,0,Freq,0.5377777777777778
Lezgic,Eurasia,0.01,0,T-CF,0.5066666666666667
Lezgic,Eurasia,0.01,0,Learned,0.5288888888888889
Lezgic,Eurasia,0.01,1,Freq,0.5288888888888889
Lezgic,Eurasia,0.01,1,T-CF,0.3022222222222222
Lezgic,Eurasia,0.01,1,Learned,0.1511111111111111
Lezgic,Eurasia,0.01,2,Freq,0.49333333333333335
Lezgic,Eurasia,0.01,2,T-CF,0.47555555555555556
Lezgic,Eurasia,0.01,2,Learned,0.5377777777777778
Lezgic,Eurasia,0.01,3,Freq,0.49777777777777776
Lezgic,Eurasia,0.01,3,T-CF,0.13777777777777778
Lezgic,Eurasia,0.01,3,Learned,0.2311111111111111
Lezgic,Eurasia,0.01,4,Freq,0.52
Lezgic,Eurasia,0.01,4,T-CF,0.5333333333333333
Lezgic,Eurasia,0.01,4,Learned,0.5288888888888889
Lezgic,Eurasia,0.05,0,Freq,0.5377777777777778
Lezgic,Eurasia,0.05,0,T-CF,0.6311111111111111
Lezgic,Eurasia,0.05,0,Learned,0.56
Lezgic,Eurasia,0.05,1,Freq,0.5288888888888889
Lezgic,Eurasia,0.05,1,T-CF,0.5733333333333334
Lezgic,Eurasia,0.05,1,Learned,0.5288888888888889
Lezgic,Eurasia,0.05,2,Freq,0.49333333333333335
Lezgic,Eurasia,0.05,2,T-CF,0.5866666666666667
Lezgic,Eurasia,0.05,2,Learned,0.5511111111111111
Lezgic,Eurasia,0.05,3,Freq,0.49777777777777776
Lezgic,Eurasia,0.05,3,T-CF,0.56
Lezgic,Eurasia,0.05,3,Learned,0.6666666666666666
Lezgic,Eurasia,0.05,4,Freq,0.52
Lezgic,Eurasia,0.05,4,T-CF,0.5911111111111111
Lezgic,Eurasia,0.05,4,Learned,0.6577777777777778
Lezgic,Eurasia,0.1,0,Freq,0.5377777777777778
Lezgic,Eurasia,0.1,0,T-CF,0.6044444444444445
Lezgic,Eurasia,0.1,0,Learned,0.6444444444444445
Lezgic,Eurasia,0.1,1,Freq,0.5288888888888889
Lezgic,Eurasia,0.1,1,T-CF,0.6177777777777778
Lezgic,Eurasia,0.1,1,Learned,0.6355555555555555
Lezgic,Eurasia,0.1,2,Freq,0.49333333333333335
Lezgic,Eurasia,0.1,2,T-CF,0.5288888888888889
Lezgic,Eurasia,0.1,2,Learned,0.5155555555555555
Lezgic,Eurasia,0.1,3,Freq,0.49777777777777776
Lezgic,Eurasia,0.1,3,T-CF,0.5688888888888889
Lezgic,Eurasia,0.1,3,Learned,0.6311111111111111
Lezgic,Eurasia,0.1,4,Freq,0.52
Lezgic,Eurasia,0.1,4,T-CF,0.5688888888888889
Lezgic,Eurasia,0.1,4,Learned,0.6533333333333333
Lezgic,Eurasia,0.2,0,Freq,0.5377777777777778
Lezgic,Eurasia,0.2,0,T-CF,0.5955555555555555
Lezgic,Eurasia,0.2,0,Learned,0.6666666666666666
Lezgic,Eurasia,0.2,1,Freq,0.5288888888888889
Lezgic,Eurasia,0.2,1,T-CF,0.5822222222222222
Lezgic,Eurasia,0.2,1,Learned,0.6888888888888889
Lezgic,Eurasia,0.2,2,Freq,0.49333333333333335
Lezgic,Eurasia,0.2,2,T-CF,0.5466666666666666
Lezgic,Eurasia,0.2,2,Learned,0.6666666666666666
Lezgic,Eurasia,0.2,3,Freq,0.49777777777777776
Lezgic,Eurasia,0.2,3,T-CF,0.5644444444444444
Lezgic,Eurasia,0.2,3,Learned,0.6844444444444444
Lezgic,Eurasia,0.2,4,Freq,0.52
Lezgic,Eurasia,0.2,4,T-CF,0.5911111111111111
Lezgic,Eurasia,0.2,4,Learned,0.68
Avar-Andic-Tsezic,Eurasia,0.0,0,Freq,0.47767857142857145
Avar-Andic-Tsezic,Eurasia,0.0,0,T-CF,0.17857142857142858
Avar-Andic-Tsezic,Eurasia,0.0,0,Learned,0.29464285714285715
Avar-Andic-Tsezic,Eurasia,0.0,1,Freq,0.4642857142857143
Avar-Andic-Tsezic,Eurasia,0.0,1,T-CF,0.21875
Avar-Andic-Tsezic,Eurasia,0.0,1,Learned,0.26785714285714285
Avar-Andic-Tsezic,Eurasia,0.0,2,Freq,0.45089285714285715
Avar-Andic-Tsezic,Eurasia,0.0,2,T-CF,0.32142857142857145
Avar-Andic-Tsezic,Eurasia,0.0,2,Learned,0.35267857142857145
Avar-Andic-Tsezic,Eurasia,0.0,3,Freq,0.4955357142857143
Avar-Andic-Tsezic,Eurasia,0.0,3,T-CF,0.48660714285714285
Avar-Andic-Tsezic,Eurasia,0.0,3,Learned,0.32142857142857145
Avar-Andic-Tsezic,Eurasia,0.0,4,Freq,0.48214285714285715
Avar-Andic-Tsezic,Eurasia,0.0,4,T-CF,0.32142857142857145
Avar-Andic-Tsezic,Eurasia,0.0,4,Learned,0.29017857142857145
Avar-Andic-Tsezic,Eurasia,0.01,0,Freq,0.47767857142857145
Avar-Andic-Tsezic,Eurasia,0.01,0,T-CF,0.44642857142857145
Avar-Andic-Tsezic,Eurasia,0.01,0,Learned,0.33035714285714285
Avar-Andic-Tsezic,Eurasia,0.01,1,Freq,0.4642857142857143
Avar-Andic-Tsezic,Eurasia,0.01,1,T-CF,0.46875
Avar-Andic-Tsezic,Eurasia,0.01,1,Learned,0.45089285714285715
Avar-Andic-Tsezic,Eurasia,0.01,2,Freq,0.45089285714285715
Avar-Andic-Tsezic,Eurasia,0.01,2,T-CF,0.41517857142857145
Avar-Andic-Tsezic,Eurasia,0.01,2,Learned,0.45089285714285715
Avar-Andic-Tsezic,Eurasia,0.01,3,Freq,0.4955357142857143
Avar-Andic-Tsezic,Eurasia,0.01,3,T-CF,0.32142857142857145
Avar-Andic-Tsezic,Eurasia,0.01,3,Learned,0.3169642857142857
Avar-Andic-Tsezic,Eurasia,0.01,4,Freq,0.48214285714285715
Avar-Andic-Tsezic,Eurasia,0.01,4,T-CF,0.39285714285714285
Avar-Andic-Tsezic,Eurasia,0.01,4,Learned,0.38839285714285715
Avar-Andic-Tsezic,Eurasia,0.05,0,Freq,0.47767857142857145
Avar-Andic-Tsezic,Eurasia,0.05,0,T-CF,0.48660714285714285
Avar-Andic-Tsezic,Eurasia,0.05,0,Learned,0.4955357142857143
Avar-Andic-Tsezic,Eurasia,0.05,1,Freq,0.4642857142857143
Avar-Andic-Tsezic,Eurasia,0.05,1,T-CF,0.4955357142857143
Avar-Andic-Tsezic,Eurasia,0.05,1,Learned,0.5223214285714286
Avar-Andic-Tsezic,Eurasia,0.05,2,Freq,0.45089285714285715
Avar-Andic-Tsezic,Eurasia,0.05,2,T-CF,0.45982142857142855
Avar-Andic-Tsezic,Eurasia,0.05,2,Learned,0.44642857142857145
Avar-Andic-Tsezic,Eurasia,0.05,3,Freq,0.4955357142857143
Avar-Andic-Tsezic,Eurasia,0.05,3,T-CF,0.5133928571428571
Avar-Andic-Tsezic,Eurasia,0.05,3,Learned,0.44642857142857145
Avar-Andic-Tsezic,Eurasia,0.05,4,Freq,0.48214285714285715
Avar-Andic-Tsezic,Eurasia,0.05,4,T-CF,0.5535714285714286
Avar-Andic-Tsezic,Eurasia,0.05,4,Learned,0.6026785714285714
Avar-Andic-Tsezic,Eurasia,0.1,0,Freq,0.47767857142857145
Avar-Andic-Tsezic,Eurasia,0.1,0,T-CF,0.5580357142857143
Avar-Andic-Tsezic,Eurasia,0.1,0,Learned,0.5848214285714286
Avar-Andic-Tsezic,Eurasia,0.1,1,Freq,0.4642857142857143
Avar-Andic-Tsezic,Eurasia,0.1,1,T-CF,0.49107142857142855
Avar-Andic-Tsezic,Eurasia,0.1,1,Learned,0.5625
Avar-Andic-Tsezic,Eurasia,0.1,2,Freq,0.45089285714285715
Avar-Andic-Tsezic,Eurasia,0.1,2,T-CF,0.48660714285714285
Avar-Andic-Tsezic,Eurasia,0.1,2,Learned,0.49107142857142855
Avar-Andic-Tsezic,Eurasia,0.1,3,Freq,0.4955357142857143
Avar-Andic-Tsezic,Eurasia,0.1,3,T-CF,0.5625
Avar-Andic-Tsezic,Eurasia,0.1,3,Learned,0.5267857142857143
Avar-Andic-Tsezic,Eurasia,0.1,4,Freq,0.48214285714285715
Avar-Andic-Tsezic,Eurasia,0.1,4,T-CF,0.5223214285714286
Avar-Andic-Tsezic,Eurasia,0.1,4,Learned,0.5714285714285714
Avar-Andic-Tsezic,Eurasia,0.2,0,Freq,0.47767857142857145
Avar-Andic-Tsezic,Eurasia,0.2,0,T-CF,0.5401785714285714
Avar-Andic-Tsezic,Eurasia,0.2,0,Learned,0.6116071428571429
Avar-Andic-Tsezic,Eurasia,0.2,1,Freq,0.4642857142857143
Avar-Andic-Tsezic,Eurasia,0.2,1,T-CF,0.5223214285714286
Avar-Andic-Tsezic,Eurasia,0.2,1,Learned,0.5669642857142857
Avar-Andic-Tsezic,Eurasia,0.2,2,Freq,0.45089285714285715
Avar-Andic-Tsezic,Eurasia,0.2,2,T-CF,0.4955357142857143
Avar-Andic-Tsezic,Eurasia,0.2,2,Learned,0.5848214285714286
Avar-Andic-Tsezic,Eurasia,0.2,3,Freq,0.4955357142857143
Avar-Andic-Tsezic,Eurasia,0.2,3,T-CF,0.5446428571428571
Avar-Andic-Tsezic,Eurasia,0.2,3,Learned,0.5714285714285714
Avar-Andic-Tsezic,Eurasia,0.2,4,Freq,0.48214285714285715
Avar-Andic-Tsezic,Eurasia,0.2,4,T-CF,0.5580357142857143
Avar-Andic-Tsezic,Eurasia,0.2,4,Learned,0.5892857142857143
Moru-Ma'di,Africa,0.0,0,Freq,0.4720496894409938
Moru-Ma'di,Africa,0.0,0,T-CF,0.43478260869565216
Moru-Ma'di,Africa,0.0,0,Learned,0.38509316770186336
Moru-Ma'di,Africa,0.0,1,Freq,0.4720496894409938
Moru-Ma'di,Africa,0.0,1,T-CF,0.2360248447204969
Moru-Ma'di,Africa,0.0,1,Learned,0.422360248447205
Moru-Ma'di,Africa,0.0,2,Freq,0.45962732919254656
Moru-Ma'di,Africa,0.0,2,T-CF,0.36024844720496896
Moru-Ma'di,Africa,0.0,2,Learned,0.40372670807453415
Moru-Ma'di,Africa,0.0,3,Freq,0.4658385093167702
Moru-Ma'di,Africa,0.0,3,T-CF,0.15527950310559005
Moru-Ma'di,Africa,0.0,3,Learned,0.16770186335403728
Moru-Ma'di,Africa,0.0,4,Freq,0.5031055900621118
Moru-Ma'di,Africa,0.0,4,T-CF,0.3167701863354037
Moru-Ma'di,Africa,0.0,4,Learned,0.2732919254658385
Moru-Ma'di,Africa,0.01,0,Freq,0.4720496894409938
Moru-Ma'di,Africa,0.01,0,T-CF,0.45962732919254656
Moru-Ma'di,Africa,0.01,0,Learned,0.36645962732919257
Moru-Ma'di,Africa,0.01,1,Freq,0.4720496894409938
Moru-Ma'di,Africa,0.01,1,T-CF,0.2546583850931677
Moru-Ma'di,Africa,0.01,1,Learned,0.37888198757763975
Moru-Ma'di,Africa,0.01,2,Freq,0.45962732919254656
Moru-Ma'di,Africa,0.01,2,T-CF,0.2546583850931677
Moru-Ma'di,Africa,0.01,2,Learned,0.36024844720496896
Moru-Ma'di,Africa,0.01,3,Freq,0.4658385093167702
Moru-Ma'di,Africa,0.01,3,T-CF,0.2670807453416149
Moru-Ma'di,Africa,0.01,3,Learned,0.3167701863354037
Moru-Ma'di,Africa,0.01,4,Freq,0.5031055900621118
Moru-Ma'di,Africa,0.01,4,T-CF,0.16770186335403728
Moru-Ma'di,Africa,0.01,4,Learned,0.2422360248447205
Moru-Ma'di,Africa,0.05,0,Freq,0.4720496894409938
Moru-Ma'di,Africa,0.05,0,T-CF,0.484472049689441
Moru-Ma'di,Africa,0.05,0,Learned,0.42857142857142855
Moru-Ma'di,Africa,0.05,1,Freq,0.4720496894409938
Moru-Ma'di,Africa,0.05,1,T-CF,0.5093167701863354
Moru-Ma'di,Africa,0.05,1,Learned,0.5279503105590062
Moru-Ma'di,Africa,0.05,2,Freq,0.45962732919254656
Moru-Ma'di,Africa,0.05,2,T-CF,0.4472049689440994
Moru-Ma'di,Africa,0.05,2,Learned,0.5403726708074534
Moru-Ma'di,Africa,0.05,3,Freq,0.4658385093167702
Moru-Ma'di,Africa,0.05,3,T-CF,0.4409937888198758
Moru-Ma'di,Africa,0.05,3,Learned,0.453416149068323
Moru-Ma'di,Africa,0.05,4,Freq,0.5031055900621118
Moru-Ma'di,Africa,0.05,4,T-CF,0.45962732919254656
Moru-Ma'di,Africa,0.05,4,Learned,0.4161490683229814
Moru-Ma'di,Africa,0.1,0,Freq,0.4720496894409938
Moru-Ma'di,Africa,0.1,0,T-CF,0.5093167701863354
Moru-Ma'di,Africa,0.1,0,Learned,0.5403726708074534
Moru-Ma'di,Africa,0.1,1,Freq,0.4720496894409938
Moru-Ma'di,Africa,0.1,1,T-CF,0.4720496894409938
Moru-Ma'di,Africa,0.1,1,Learned,0.5714285714285714
Moru-Ma'di,Africa,0.1,2,Freq,0.45962732919254656
Moru-Ma'di,Africa,0.1,2,T-CF,0.4409937888198758
Moru-Ma'di,Africa,0.1,2,Learned,0.5279503105590062
Moru-Ma'di,Africa,0.1,3,Freq,0.4658385093167702
Moru-Ma'di,Africa,0.1,3,T-CF,0.453416149068323
Moru-Ma'di,Africa,0.1,3,Learned,0.4658385093167702
Moru-Ma'di,Africa,0.1,4,Freq,0.5031055900621118
Moru-Ma'di,Africa,0.1,4,T-CF,0.4782608695652174
Moru-Ma'di,Africa,0.1,4,Learned,0.5652173913043478
Moru-Ma'di,Africa,0.2,0,Freq,0.4720496894409938
Moru-Ma'di,Africa,0.2,0,T-CF,0.484472049689441
Moru-Ma'di,Africa,0.2,0,Learned,0.5652173913043478
Moru-Ma'di,Africa,0.2,1,Freq,0.4720496894409938
Moru-Ma'di,Africa,0.2,1,T-CF,0.5031055900621118
Moru-Ma'di,Africa,0.2,1,Learned,0.5962732919254659
Moru-Ma'di,Africa,0.2,2,Freq,0.45962732919254656
Moru-Ma'di,Africa,0.2,2,T-CF,0.453416149068323
Moru-Ma'di,Africa,0.2,2,Learned,0.5093167701863354
Moru-Ma'di,Africa,0.2,3,Freq,0.4658385093167702
Moru-Ma'di,Africa,0.2,3,T-CF,0.4472049689440994
Moru-Ma'di,Africa,0.2,3,Learned,0.5652173913043478
Moru-Ma'di,Africa,0.2,4,Freq,0.5031055900621118
Moru-Ma'di,Africa,0.2,4,T-CF,0.4906832298136646
Moru-Ma'di,Africa,0.2,4,Learned,0.6521739130434783
Koiarian,Papunesia,0.0,0,Freq,0.6829268292682927
Koiarian,Papunesia,0.0,0,T-CF,0.2682926829268293
Koiarian,Papunesia,0.0,0,Learned,0.3170731707317073
Koiarian,Papunesia,0.0,1,Freq,0.6747967479674797
Koiarian,Papunesia,0.0,1,T-CF,0.35772357723577236
Koiarian,Papunesia,0.0,1,Learned,0.2926829268292683
Koiarian,Papunesia,0.0,2,Freq,0.6666666666666666
Koiarian,Papunesia,0.0,2,T-CF,0.10569105691056911
Koiarian,Papunesia,0.0,2,Learned,0.24390243902439024
Koiarian,Papunesia,0.0,3,Freq,0.6910569105691057
Koiarian,Papunesia,0.0,3,T-CF,0.5121951219512195
Koiarian,Papunesia,0.0,3,Learned,0.2926829268292683
Koiarian,Papunesia,0.0,4,Freq,0.6829268292682927
Koiarian,Papunesia,0.0,4,T-CF,0.4878048780487805
Koiarian,Papunesia,0.0,4,Learned,0.2764227642276423
Koiarian,Papunesia,0.01,0,Freq,0.6829268292682927
Koiarian,Papunesia,0.01,0,T-CF,0.42276422764227645
Koiarian,Papunesia,0.01,0,Learned,0.23577235772357724
Koiarian,Papunesia,0.01,1,Freq,0.6747967479674797
Koiarian,Papunesia,0.01,1,T-CF,0.5203252032520326
Koiarian,Papunesia,0.01,1,Learned,0.3983739837398374
Koiarian,Papunesia,0.01,2,Freq,0.6666666666666666
Koiarian,Papunesia,0.01,2,T-CF,0.4065040650406504
Koiarian,Papunesia,0.01,2,Learned,0.35772357723577236
Koiarian,Papunesia,0.01,3,Freq,0.6910569105691057
Koiarian,Papunesia,0.01,3,T-CF,0.3333333333333333
Koiarian,Papunesia,0.01,3,Learned,0.4634146341463415
Koiarian,Papunesia,0.01,4,Freq,0.6829268292682927
Koiarian,Papunesia,0.01,4,T-CF,0.42276422764227645
Koiarian,Papunesia,0.01,4,Learned,0.2845528455284553
Koiarian,Papunesia,0.05,0,Freq,0.6829268292682927
Koiarian,Papunesia,0.05,0,T-CF,0.6260162601626016
Koiarian,Papunesia,0.05,0,Learned,0.6422764227642277
Koiarian,Papunesia,0.05,1,Freq,0.6747967479674797
Koiarian,Papunesia,0.05,1,T-CF,0.6747967479674797
Koiarian,Papunesia,0.05,1,Learned,0.6260162601626016
Koiarian,Papunesia,0.05,2,Freq,0.6666666666666666
Koiarian,Papunesia,0.05,2,T-CF,0.4878048780487805
Koiarian,Papunesia,0.05,2,Learned,0.6585365853658537
Koiarian,Papunesia,0.05,3,Freq,0.6910569105691057
Koiarian,Papunesia,0.05,3,T-CF,0.6341463414634146
Koiarian,Papunesia,0.05,3,Learned,0.6260162601626016
Koiarian,Papunesia,0.05,4,Freq,0.6829268292682927
Koiarian,Papunesia,0.05,4,T-CF,0.5772357723577236
Koiarian,Papunesia,0.05,4,Learned,0.5934959349593496
Koiarian,Papunesia,0.1,0,Freq,0.6829268292682927
Koiarian,Papunesia,0.1,0,T-CF,0.6260162601626016
Koiarian,Papunesia,0.1,0,Learned,0.6422764227642277
Koiarian,Papunesia,0.1,1,Freq,0.6747967479674797
Koiarian,Papunesia,0.1,1,T-CF,0.6422764227642277
Koiarian,Papunesia,0.1,1,Learned,0.5934959349593496
Koiarian,Papunesia,0.1,2,Freq,0.6666666666666666
Koiarian,Papunesia,0.1,2,T-CF,0.6666666666666666
Koiarian,Papunesia,0.1,2,Learned,0.6910569105691057
Koiarian,Papunesia,0.1,3,Freq,0.6910569105691057
Koiarian,Papunesia,0.1,3,T-CF,0.6341463414634146
Koiarian,Papunesia,0.1,3,Learned,0.7154471544715447
Koiarian,Papunesia,0.1,4,Freq,0.6829268292682927
Koiarian,Papunesia,0.1,4,T-CF,0.7073170731707317
Koiarian,Papunesia,0.1,4,Learned,0.7398373983739838
Koiarian,Papunesia,0.2,0,Freq,0.6829268292682927
Koiarian,Papunesia,0.2,0,T-CF,0.6829268292682927
Koiarian,Papunesia,0.2,0,Learned,0.7479674796747967
Koiarian,Papunesia,0.2,1,Freq,0.6747967479674797
Koiarian,Papunesia,0.2,1,T-CF,0.7317073170731707
Koiarian,Papunesia,0.2,1,Learned,0.7479674796747967
Koiarian,Papunesia,0.2,2,Freq,0.6666666666666666
Koiarian,Papunesia,0.2,2,T-CF,0.6747967479674797
Koiarian,Papunesia,0.2,2,Learned,0.7560975609756098
Koiarian,Papunesia,0.2,3,Freq,0.6910569105691057
Koiarian,Papunesia,0.2,3,T-CF,0.6504065040650406
Koiarian,Papunesia,0.2,3,Learned,0.6747967479674797
Koiarian,Papunesia,0.2,4,Freq,0.6829268292682927
Koiarian,Papunesia,0.2,4,T-CF,0.7398373983739838
Koiarian,Papunesia,0.2,4,Learned,0.7154471544715447
Eastern Nilotic,Africa,0.0,0,Freq,0.5706806282722513
Eastern Nilotic,Africa,0.0,0,T-CF,0.4083769633507853
Eastern Nilotic,Africa,0.0,0,Learned,0.29842931937172773
Eastern Nilotic,Africa,0.0,1,Freq,0.5235602094240838
Eastern Nilotic,Africa,0.0,1,T-CF,0.5654450261780105
Eastern Nilotic,Africa,0.0,1,Learned,0.27225130890052357
Eastern Nilotic,Africa,0.0,2,Freq,0.5392670157068062
Eastern Nilotic,Africa,0.0,2,T-CF,0.29842931937172773
Eastern Nilotic,Africa,0.0,2,Learned,0.36649214659685864
Eastern Nilotic,Africa,0.0,3,Freq,0.518324607329843
Eastern Nilotic,Africa,0.0,3,T-CF,0.3298429319371728
Eastern Nilotic,Africa,0.0,3,Learned,0.4712041884816754
Eastern Nilotic,Africa,0.0,4,Freq,0.5445026178010471
Eastern Nilotic,Africa,0.0,4,T-CF,0.27225130890052357
Eastern Nilotic,Africa,0.0,4,Learned,0.24607329842931938
Eastern Nilotic,Africa,0.01,0,Freq,0.5706806282722513
Eastern Nilotic,Africa,0.01,0,T-CF,0.5392670157068062
Eastern Nilotic,Africa,0.01,0,Learned,0.5759162303664922
Eastern Nilotic,Africa,0.01,1,Freq,0.5235602094240838
Eastern Nilotic,Africa,0.01,1,T-CF,0.5235602094240838
Eastern Nilotic,Africa,0.01,1,Learned,0.4869109947643979
Eastern Nilotic,Africa,0.01,2,Freq,0.5392670157068062
Eastern Nilotic,Africa,0.01,2,T-CF,0.44502617801047123
Eastern Nilotic,Africa,0.01,2,Learned,0.418848167539267
Eastern Nilotic,Africa,0.01,3,Freq,0.518324607329843
Eastern Nilotic,Africa,0.01,3,T-CF,0.4973821989528796
Eastern Nilotic,Africa,0.01,3,Learned,0.5287958115183246
Eastern Nilotic,Africa,0.01,4,Freq,0.5445026178010471
Eastern Nilotic,Africa,0.01,4,T-CF,0.33507853403141363
Eastern Nilotic,Africa,0.01,4,Learned,0.3612565445026178
Eastern Nilotic,Africa,0.05,0,Freq,0.5706806282722513
Eastern Nilotic,Africa,0.05,0,T-CF,0.5916230366492147
Eastern Nilotic,Africa,0.05,0,Learned,0.45549738219895286
Eastern Nilotic,Africa,0.05,1,Freq,0.5235602094240838
Eastern Nilotic,Africa,0.05,1,T-CF,0.5706806282722513
Eastern Nilotic,Africa,0.05,1,Learned,0.5445026178010471
Eastern Nilotic,Africa,0.05,2,Freq,0.5392670157068062
Eastern Nilotic,Africa,0.05,2,T-CF,0.6073298429319371
Eastern Nilotic,Africa,0.05,2,Learned,0.5392670157068062
Eastern Nilotic,Africa,0.05,3,Freq,0.518324607329843
Eastern Nilotic,Africa,0.05,3,T-CF,0.6178010471204188
Eastern Nilotic,Africa,0.05,3,Learned,0.612565445026178
Eastern Nilotic,Africa,0.05,4,Freq,0.5445026178010471
Eastern Nilotic,Africa,0.05,4,T-CF,0.5759162303664922
Eastern Nilotic,Africa,0.05,4,Learned,0.4869109947643979
Eastern Nilotic,Africa,0.1,0,Freq,0.5706806282722513
Eastern Nilotic,Africa,0.1,0,T-CF,0.6544502617801047
Eastern Nilotic,Africa,0.1,0,Learned,0.5340314136125655
Eastern Nilotic,Africa,0.1,1,Freq,0.5235602094240838
Eastern Nilotic,Africa,0.1,1,T-CF,0.5759162303664922
Eastern Nilotic,Africa,0.1,1,Learned,0.5445026178010471
Eastern Nilotic,Africa,0.1,2,Freq,0.5392670157068062
Eastern Nilotic,Africa,0.1,2,T-CF,0.581151832460733
Eastern Nilotic,Africa,0.1,2,Learned,0.5759162303664922
Eastern Nilotic,Africa,0.1,3,Freq,0.518324607329843
Eastern Nilotic,Africa,0.1,3,T-CF,0.6282722513089005
Eastern Nilotic,Africa,0.1,3,Learned,0.6073298429319371
Eastern Nilotic,Africa,0.1,4,Freq,0.5445026178010471
Eastern Nilotic,Africa,0.1,4,T-CF,0.6020942408376964
Eastern Nilotic,Africa,0.1,4,Learned,0.5968586387434555
Eastern Nilotic,Africa,0.2,0,Freq,0.5706806282722513
Eastern Nilotic,Africa,0.2,0,T-CF,0.6701570680628273
Eastern Nilotic,Africa,0.2,0,Learned,0.6230366492146597
Eastern Nilotic,Africa,0.2,1,Freq,0.5235602094240838
Eastern Nilotic,Africa,0.2,1,T-CF,0.581151832460733
Eastern Nilotic,Africa,0.2,1,Learned,0.6073298429319371
Eastern Nilotic,Africa,0.2,2,Freq,0.5392670157068062
Eastern Nilotic,Africa,0.2,2,T-CF,0.6178010471204188
Eastern Nilotic,Africa,0.2,2,Learned,0.5863874345549738
Eastern Nilotic,Africa,0.2,3,Freq,0.518324607329843
Eastern Nilotic,Africa,0.2,3,T-CF,0.6282722513089005
Eastern Nilotic,Africa,0.2,3,Learned,0.6230366492146597
Eastern Nilotic,Africa,0.2,4,Freq,0.5445026178010471
Eastern Nilotic,Africa,0.2,4,T-CF,0.6230366492146597
Eastern Nilotic,Africa,0.2,4,Learned,0.5863874345549738
Benue-Congo Plateau,Africa,0.0,0,Freq,0.48091603053435117
Benue-Congo Plateau,Africa,0.0,0,T-CF,0.3053435114503817
Benue-Congo Plateau,Africa,0.0,0,Learned,0.2366412213740458
Benue-Congo Plateau,Africa,0.0,1,Freq,0.5038167938931297
Benue-Congo Plateau,Africa,0.0,1,T-CF,0.48091603053435117
Benue-Congo Plateau,Africa,0.0,1,Learned,0.3053435114503817
Benue-Congo Plateau,Africa,0.0,2,Freq,0.4961832061068702
Benue-Congo Plateau,Africa,0.0,2,T-CF,0.3816793893129771
Benue-Congo Plateau,Africa,0.0,2,Learned,0.37404580152671757
Benue-Congo Plateau,Africa,0.0,3,Freq,0.5114503816793893
Benue-Congo Plateau,Africa,0.0,3,T-CF,0.46564885496183206
Benue-Congo Plateau,Africa,0.0,3,Learned,0.21374045801526717
Benue-Congo Plateau,Africa,0.0,4,Freq,0.48854961832061067
Benue-Congo Plateau,Africa,0.0,4,T-CF,0.3511450381679389
Benue-Congo Plateau,Africa,0.0,4,Learned,0.366412213740458
Benue-Congo Plateau,Africa,0.01,0,Freq,0.48091603053435117
Benue-Congo Plateau,Africa,0.01,0,T-CF,0.4198473282442748
Benue-Congo Plateau,Africa,0.01,0,Learned,0.45038167938931295
Benue-Congo Plateau,Africa,0.01,1,Freq,0.5038167938931297
Benue-Congo Plateau,Africa,0.01,1,T-CF,0.40458015267175573
Benue-Congo Plateau,Africa,0.01,1,Learned,0.4122137404580153
Benue-Congo Plateau,Africa,0.01,2,Freq,0.4961832061068702
Benue-Congo Plateau,Africa,0.01,2,T-CF,0.5038167938931297
Benue-Congo Plateau,Africa,0.01,2,Learned,0.4198473282442748
Benue-Congo Plateau,Africa,0.01,3,Freq,0.5114503816793893
Benue-Congo Plateau,Africa,0.01,3,T-CF,0.3816793893129771
Benue-Congo Plateau,Africa,0.01,3,Learned,0.35877862595419846
Benue-Congo Plateau,Africa,0.01,4,Freq,0.48854961832061067
Benue-Congo Plateau,Africa,0.01,4,T-CF,0.44274809160305345
Benue-Congo Plateau,Africa,0.01,4,Learned,0.5190839694656488
Benue-Congo Plateau,Africa,0.05,0,Freq,0.48091603053435117
Benue-Congo Plateau,Africa,0.05,0,T-CF,0.6259541984732825
Benue-Congo Plateau,Africa,0.05,0,Learned,0.6259541984732825
Benue-Congo Plateau,Africa,0.05,1,Freq,0.5038167938931297
Benue-Congo Plateau,Africa,0.05,1,T-CF,0.6717557251908397
Benue-Congo Plateau,Africa,0.05,1,Learned,0.7786259541984732
Benue-Congo Plateau,Africa,0.05,2,Freq,0.4961832061068702
Benue-Congo Plateau,Africa,0.05,2,T-CF,0.6717557251908397
Benue-Congo Plateau,Africa,0.05,2,Learned,0.7557251908396947
Benue-Congo Plateau,Africa,0.05,3,Freq,0.5114503816793893
Benue-Congo Plateau,Africa,0.05,3,T-CF,0.6335877862595419
Benue-Congo Plateau,Africa,0.05,3,Learned,0.6717557251908397
Benue-Congo Plateau,Africa,0.05,4,Freq,0.48854961832061067
Benue-Congo Plateau,Africa,0.05,4,T-CF,0.6564885496183206
Benue-Congo Plateau,Africa,0.05,4,Learned,0.7404580152671756
Benue-Congo Plateau,Africa,0.1,0,Freq,0.48091603053435117
Benue-Congo Plateau,Africa,0.1,0,T-CF,0.6564885496183206
Benue-Congo Plateau,Africa,0.1,0,Learned,0.6412213740458015
Benue-Congo Plateau,Africa,0.1,1,Freq,0.5038167938931297
Benue-Congo Plateau,Africa,0.1,1,T-CF,0.6641221374045801
Benue-Congo Plateau,Africa,0.1,1,Learned,0.7862595419847328
Benue-Congo Plateau,Africa,0.1,2,Freq,0.4961832061068702
Benue-Congo Plateau,Africa,0.1,2,T-CF,0.6183206106870229
Benue-Congo Plateau,Africa,0.1,2,Learned,0.7099236641221374
Benue-Congo Plateau,Africa,0.1,3,Freq,0.5114503816793893
Benue-Congo Plateau,Africa,0.1,3,T-CF,0.6717557251908397
Benue-Congo Plateau,Africa,0.1,3,Learned,0.7099236641221374
Benue-Congo Plateau,Africa,0.1,4,Freq,0.48854961832061067
Benue-Congo Plateau,Africa,0.1,4,T-CF,0.6259541984732825
Benue-Congo Plateau,Africa,0.1,4,Learned,0.732824427480916
Benue-Congo Plateau,Africa,0.2,0,Freq,0.48091603053435117
Benue-Congo Plateau,Africa,0.2,0,T-CF,0.6717557251908397
Benue-Congo Plateau,Africa,0.2,0,Learned,0.7251908396946565
Benue-Congo Plateau,Africa,0.2,1,Freq,0.5038167938931297
Benue-Congo Plateau,Africa,0.2,1,T-CF,0.6870229007633588
Benue-Congo Plateau,Africa,0.2,1,Learned,0.7862595419847328
Benue-Congo Plateau,Africa,0.2,2,Freq,0.4961832061068702
Benue-Congo Plateau,Africa,0.2,2,T-CF,0.6793893129770993
Benue-Congo Plateau,Africa,0.2,2,Learned,0.8015267175572519
Benue-Congo Plateau,Africa,0.2,3,Freq,0.5114503816793893
Benue-Congo Plateau,Africa,0.2,3,T-CF,0.6870229007633588
Benue-Congo Plateau,Africa,0.2,3,Learned,0.7633587786259542
Benue-Congo Plateau,Africa,0.2,4,Freq,0.48854961832061067
Benue-Congo Plateau,Africa,0.2,4,T-CF,0.6412213740458015
Benue-Congo Plateau,Africa,0.2,4,Learned,0.732824427480916
Northwest Sumatra-Barrier Islands,Papunesia,0.0,0,Freq,0.5771428571428572
Northwest Sumatra-Barrier Islands,Papunesia,0.0,0,T-CF,0.26285714285714284
Northwest Sumatra-Barrier Islands,Papunesia,0.0,0,Learned,0.3485714285714286
Northwest Sumatra-Barrier Islands,Papunesia,0.0,1,Freq,0.56
Northwest Sumatra-Barrier Islands,Papunesia,0.0,1,T-CF,0.5257142857142857
Northwest Sumatra-Barrier Islands,Papunesia,0.0,1,Learned,0.26857142857142857
Northwest Sumatra-Barrier Islands,Papunesia,0.0,2,Freq,0.56
Northwest Sumatra-Barrier Islands,Papunesia,0.0,2,T-CF,0.4
Northwest Sumatra-Barrier Islands,Papunesia,0.0,2,Learned,0.29714285714285715
Northwest Sumatra-Barrier Islands,Papunesia,0.0,3,Freq,0.5542857142857143
Northwest Sumatra-Barrier Islands,Papunesia,0.0,3,T-CF,0.4228571428571429
Northwest Sumatra-Barrier Islands,Papunesia,0.0,3,Learned,0.24571428571428572
Northwest Sumatra-Barrier Islands,Papunesia,0.0,4,Freq,0.5885714285714285
Northwest Sumatra-Barrier Islands,Papunesia,0.0,4,T-CF,0.3485714285714286
Northwest Sumatra-Barrier Islands,Papunesia,0.0,4,Learned,0.22285714285714286
Northwest Sumatra-Barrier Islands,Papunesia,0.01,0,Freq,0.5771428571428572
Northwest Sumatra-Barrier Islands,Papunesia,0.01,0,T-CF,0.49714285714285716
Northwest Sumatra-Barrier Islands,Papunesia,0.01,0,Learned,0.4114285714285714
Northwest Sumatra-Barrier Islands,Papunesia,0.01,1,Freq,0.56
Northwest Sumatra-Barrier Islands,Papunesia,0.01,1,T-CF,0.37142857142857144
Northwest Sumatra-Barrier Islands,Papunesia,0.01,1,Learned,0.46285714285714286
Northwest Sumatra-Barrier Islands,Papunesia,0.01,2,Freq,0.56
Northwest Sumatra-Barrier Islands,Papunesia,0.01,2,T-CF,0.52
Northwest Sumatra-Barrier Islands,Papunesia,0.01,2,Learned,0.41714285714285715
Northwest Sumatra-Barrier Islands,Papunesia,0.01,3,Freq,0.5542857142857143
Northwest Sumatra-Barrier Islands,Papunesia,0.01,3,T-CF,0.49714285714285716
Northwest Sumatra-Barrier Islands,Papunesia,0.01,3,Learned,0.4685714285714286
Northwest Sumatra-Barrier Islands,Papunesia,0.01,4,Freq,0.5885714285714285
Northwest Sumatra-Barrier Islands,Papunesia,0.01,4,T-CF,0.36
Northwest Sumatra-Barrier Islands,Papunesia,0.01,4,Learned,0.45714285714285713
Northwest Sumatra-Barrier Islands,Papunesia,0.05,0,Freq,0.5771428571428572
Northwest Sumatra-Barrier Islands,Papunesia,0.05,0,T-CF,0.68
Northwest Sumatra-Barrier Islands,Papunesia,0.05,0,Learned,0.6342857142857142
Northwest Sumatra-Barrier Islands,Papunesia,0.05,1,Freq,0.56
Northwest Sumatra-Barrier Islands,Papunesia,0.05,1,T-CF,0.5085714285714286
Northwest Sumatra-Barrier Islands,Papunesia,0.05,1,Learned,0.6
Northwest Sumatra-Barrier Islands,Papunesia,0.05,2,Freq,0.56
Northwest Sumatra-Barrier Islands,Papunesia,0.05,2,T-CF,0.5428571428571428
Northwest Sumatra-Barrier Islands,Papunesia,0.05,2,Learned,0.5542857142857143
Northwest Sumatra-Barrier Islands,Papunesia,0.05,3,Freq,0.5542857142857143
Northwest Sumatra-Barrier Islands,Papunesia,0.05,3,T-CF,0.6342857142857142
Northwest Sumatra-Barrier Islands,Papunesia,0.05,3,Learned,0.5942857142857143
Northwest Sumatra-Barrier Islands,Papunesia,0.05,4,Freq,0.5885714285714285
Northwest Sumatra-Barrier Islands,Papunesia,0.05,4,T-CF,0.64
Northwest Sumatra-Barrier Islands,Papunesia,0.05,4,Learned,0.6457142857142857
Northwest Sumatra-Barrier Islands,Papunesia,0.1,0,Freq,0.5771428571428572
Northwest Sumatra-Barrier Islands,Papunesia,0.1,0,T-CF,0.6857142857142857
Northwest Sumatra-Barrier Islands,Papunesia,0.1,0,Learned,0.6742857142857143
Northwest Sumatra-Barrier Islands,Papunesia,0.1,1,Freq,0.56
Northwest Sumatra-Barrier Islands,Papunesia,0.1,1,T-CF,0.6571428571428571
Northwest Sumatra-Barrier Islands,Papunesia,0.1,1,Learned,0.6342857142857142
Northwest Sumatra-Barrier Islands,Papunesia,0.1,2,Freq,0.56
Northwest Sumatra-Barrier Islands,Papunesia,0.1,2,T-CF,0.5714285714285714
Northwest Sumatra-Barrier Islands,Papunesia,0.1,2,Learned,0.6114285714285714
Northwest Sumatra-Barrier Islands,Papunesia,0.1,3,Freq,0.5542857142857143
Northwest Sumatra-Barrier Islands,Papunesia,0.1,3,T-CF,0.6171428571428571
Northwest Sumatra-Barrier Islands,Papunesia,0.1,3,Learned,0.6342857142857142
Northwest Sumatra-Barrier Islands,Papunesia,0.1,4,Freq,0.5885714285714285
Northwest Sumatra-Barrier Islands,Papunesia,0.1,4,T-CF,0.6628571428571428
Northwest Sumatra-Barrier Islands,Papunesia,0.1,4,Learned,0.64
Northwest Sumatra-Barrier Islands,Papunesia,0.2,0,Freq,0.5771428571428572
Northwest Sumatra-Barrier Islands,Papunesia,0.2,0,T-CF,0.6514285714285715
Northwest Sumatra-Barrier Islands,Papunesia,0.2,0,Learned,0.6228571428571429
Northwest Sumatra-Barrier Islands,Papunesia,0.2,1,Freq,0.56
Northwest Sumatra-Barrier Islands,Papunesia,0.2,1,T-CF,0.6742857142857143
Northwest Sumatra-Barrier Islands,Papunesia,0.2,1,Learned,0.6857142857142857
Northwest Sumatra-Barrier Islands,Papunesia,0.2,2,Freq,0.56
Northwest Sumatra-Barrier Islands,Papunesia,0.2,2,T-CF,0.6514285714285715
Northwest Sumatra-Barrier Islands,Papunesia,0.2,2,Learned,0.6742857142857143
Northwest Sumatra-Barrier Islands,Papunesia,0.2,3,Freq,0.5542857142857143
Northwest Sumatra-Barrier Islands,Papunesia,0.2,3,T-CF,0.64
Northwest Sumatra-Barrier Islands,Papunesia,0.2,3,Learned,0.6628571428571428
Northwest Sumatra-Barrier Islands,Papunesia,0.2,4,Freq,0.5885714285714285
Northwest Sumatra-Barrier Islands,Papunesia,0.2,4,T-CF,0.6571428571428571
Northwest Sumatra-Barrier Islands,Papunesia,0.2,4,Learned,0.6285714285714286
Edoid,Africa,0.0,0,Freq,0.5494505494505495
Edoid,Africa,0.0,0,T-CF,0.34065934065934067
Edoid,Africa,0.0,0,Learned,0.43956043956043955
Edoid,Africa,0.0,1,Freq,0.5494505494505495
Edoid,Africa,0.0,1,T-CF,0.34065934065934067
Edoid,Africa,0.0,1,Learned,0.5054945054945055
Edoid,Africa,0.0,2,Freq,0.5274725274725275
Edoid,Africa,0.0,2,T-CF,0.23076923076923078
Edoid,Africa,0.0,2,Learned,0.16483516483516483
Edoid,Africa,0.0,3,Freq,0.5384615384615384
Edoid,Africa,0.0,3,T-CF,0.26373626373626374
Edoid,Africa,0.0,3,Learned,0.2087912087912088
Edoid,Africa,0.0,4,Freq,0.5274725274725275
Edoid,Africa,0.0,4,T-CF,0.4065934065934066
Edoid,Africa,0.0,4,Learned,0.4725274725274725
Edoid,Africa,0.01,0,Freq,0.5494505494505495
Edoid,Africa,0.01,0,T-CF,0.32967032967032966
Edoid,Africa,0.01,0,Learned,0.4175824175824176
Edoid,Africa,0.01,1,Freq,0.5494505494505495
Edoid,Africa,0.01,1,T-CF,0.32967032967032966
Edoid,Africa,0.01,1,Learned,0.32967032967032966
Edoid,Africa,0.01,2,Freq,0.5274725274725275
Edoid,Africa,0.01,2,T-CF,0.32967032967032966
Edoid,Africa,0.01,2,Learned,0.17582417582417584
Edoid,Africa,0.01,3,Freq,0.5384615384615384
Edoid,Africa,0.01,3,T-CF,0.18681318681318682
Edoid,Africa,0.01,3,Learned,0.32967032967032966
Edoid,Africa,0.01,4,Freq,0.5274725274725275
Edoid,Africa,0.01,4,T-CF,0.4065934065934066
Edoid,Africa,0.01,4,Learned,0.3956043956043956
Edoid,Africa,0.05,0,Freq,0.5494505494505495
Edoid,Africa,0.05,0,T-CF,0.6043956043956044
Edoid,Africa,0.05,0,Learned,0.5494505494505495
Edoid,Africa,0.05,1,Freq,0.5494505494505495
Edoid,Africa,0.05,1,T-CF,0.6373626373626373
Edoid,Africa,0.05,1,Learned,0.6373626373626373
Edoid,Africa,0.05,2,Freq,0.5274725274725275
Edoid,Africa,0.05,2,T-CF,0.5824175824175825
Edoid,Africa,0.05,2,Learned,0.5604395604395604
Edoid,Africa,0.05,3,Freq,0.5384615384615384
Edoid,Africa,0.05,3,T-CF,0.6593406593406593
Edoid,Africa,0.05,3,Learned,0.5934065934065934
Edoid,Africa,0.05,4,Freq,0.5274725274725275
Edoid,Africa,0.05,4,T-CF,0.5604395604395604
Edoid,Africa,0.05,4,Learned,0.5494505494505495
Edoid,Africa,0.1,0,Freq,0.5494505494505495
Edoid,Africa,0.1,0,T-CF,0.6043956043956044
Edoid,Africa,0.1,0,Learned,0.6483516483516484
Edoid,Africa,0.1,1,Freq,0.5494505494505495
Edoid,Africa,0.1,1,T-CF,0.6813186813186813
Edoid,Africa,0.1,1,Learned,0.6593406593406593
Edoid,Africa,0.1,2,Freq,0.5274725274725275
Edoid,Africa,0.1,2,T-CF,0.5714285714285714
Edoid,Africa,0.1,2,Learned,0.5054945054945055
Edoid,Africa,0.1,3,Freq,0.5384615384615384
Edoid,Africa,0.1,3,T-CF,0.6483516483516484
Edoid,Africa,0.1,3,Learned,0.6153846153846154
Edoid,Africa,0.1,4,Freq,0.5274725274725275
Edoid,Africa,0.1,4,T-CF,0.6153846153846154
Edoid,Africa,0.1,4,Learned,0.6263736263736264
Edoid,Africa,0.2,0,Freq,0.5494505494505495
Edoid,Africa,0.2,0,T-CF,0.6813186813186813
Edoid,Africa,0.2,0,Learned,0.7142857142857143
Edoid,Africa,0.2,1,Freq,0.5494505494505495
Edoid,Africa,0.2,1,T-CF,0.6813186813186813
Edoid,Africa,0.2,1,Learned,0.6703296703296703
Edoid,Africa,0.2,2,Freq,0.5274725274725275
Edoid,Africa,0.2,2,T-CF,0.6263736263736264
Edoid,Africa,0.2,2,Learned,0.6483516483516484
Edoid,Africa,0.2,3,Freq,0.5384615384615384
Edoid,Africa,0.2,3,T-CF,0.7032967032967034
Edoid,Africa,0.2,3,Learned,0.6923076923076923
Edoid,Africa,0.2,4,Freq,0.5274725274725275
Edoid,Africa,0.2,4,T-CF,0.7032967032967034
Edoid,Africa,0.2,4,Learned,0.6923076923076923
Nyulnyulan,Australia,0.0,0,Freq,0.36619718309859156
Nyulnyulan,Australia,0.0,0,T-CF,0.23943661971830985
Nyulnyulan,Australia,0.0,0,Learned,0.352112676056338
Nyulnyulan,Australia,0.0,1,Freq,0.43661971830985913
Nyulnyulan,Australia,0.0,1,T-CF,0.3380281690140845
Nyulnyulan,Australia,0.0,1,Learned,0.38028169014084506
Nyulnyulan,Australia,0.0,2,Freq,0.4225352112676056
Nyulnyulan,Australia,0.0,2,T-CF,0.30985915492957744
Nyulnyulan,Australia,0.0,2,Learned,0.2112676056338028
Nyulnyulan,Australia,0.0,3,Freq,0.4084507042253521
Nyulnyulan,Australia,0.0,3,T-CF,0.22535211267605634
Nyulnyulan,Australia,0.0,3,Learned,0.30985915492957744
Nyulnyulan,Australia,0.0,4,Freq,0.4225352112676056
Nyulnyulan,Australia,0.0,4,T-CF,0.36619718309859156
Nyulnyulan,Australia,0.0,4,Learned,0.22535211267605634
Nyulnyulan,Australia,0.01,0,Freq,0.36619718309859156
Nyulnyulan,Australia,0.01,0,T-CF,0.19718309859154928
Nyulnyulan,Australia,0.01,0,Learned,0.36619718309859156
Nyulnyulan,Australia,0.01,1,Freq,0.43661971830985913
Nyulnyulan,Australia,0.01,1,T-CF,0.29577464788732394
Nyulnyulan,Australia,0.01,1,Learned,0.29577464788732394
Nyulnyulan,Australia,0.01,2,Freq,0.4225352112676056
Nyulnyulan,Australia,0.01,2,T-CF,0.18309859154929578
Nyulnyulan,Australia,0.01,2,Learned,0.30985915492957744
Nyulnyulan,Australia,0.01,3,Freq,0.4084507042253521
Nyulnyulan,Australia,0.01,3,T-CF,0.2535211267605634
Nyulnyulan,Australia,0.01,3,Learned,0.23943661971830985
Nyulnyulan,Australia,0.01,4,Freq,0.4225352112676056
Nyulnyulan,Australia,0.01,4,T-CF,0.2676056338028169
Nyulnyulan,Australia,0.01,4,Learned,0.36619718309859156
Nyulnyulan,Australia,0.05,0,Freq,0.36619718309859156
Nyulnyulan,Australia,0.05,0,T-CF,0.23943661971830985
Nyulnyulan,Australia,0.05,0,Learned,0.28169014084507044
Nyulnyulan,Australia,0.05,1,Freq,0.43661971830985913
Nyulnyulan,Australia,0.05,1,T-CF,0.4084507042253521
Nyulnyulan,Australia,0.05,1,Learned,0.5492957746478874
Nyulnyulan,Australia,0.05,2,Freq,0.4225352112676056
Nyulnyulan,Australia,0.05,2,T-CF,0.38028169014084506
Nyulnyulan,Australia,0.05,2,Learned,0.2535211267605634
Nyulnyulan,Australia,0.05,3,Freq,0.4084507042253521
Nyulnyulan,Australia,0.05,3,T-CF,0.28169014084507044
Nyulnyulan,Australia,0.05,3,Learned,0.30985915492957744
Nyulnyulan,Australia,0.05,4,Freq,0.4225352112676056
Nyulnyulan,Australia,0.05,4,T-CF,0.29577464788732394
Nyulnyulan,Australia,0.05,4,Learned,0.4225352112676056
Nyulnyulan,Australia,0.1,0,Freq,0.36619718309859156
Nyulnyulan,Australia,0.1,0,T-CF,0.38028169014084506
Nyulnyulan,Australia,0.1,0,Learned,0.4647887323943662
Nyulnyulan,Australia,0.1,1,Freq,0.43661971830985913
Nyulnyulan,Australia,0.1,1,T-CF,0.39436619718309857
Nyulnyulan,Australia,0.1,1,Learned,0.4225352112676056
Nyulnyulan,Australia,0.1,2,Freq,0.4225352112676056
Nyulnyulan,Australia,0.1,2,T-CF,0.43661971830985913
Nyulnyulan,Australia,0.1,2,Learned,0.4647887323943662
Nyulnyulan,Australia,0.1,3,Freq,0.4084507042253521
Nyulnyulan,Australia,0.1,3,T-CF,0.36619718309859156
Nyulnyulan,Australia,0.1,3,Learned,0.38028169014084506
Nyulnyulan,Australia,0.1,4,Freq,0.4225352112676056
Nyulnyulan,Australia,0.1,4,T-CF,0.4507042253521127
Nyulnyulan,Australia,0.1,4,Learned,0.4788732394366197
Nyulnyulan,Australia,0.2,0,Freq,0.36619718309859156
Nyulnyulan,Australia,0.2,0,T-CF,0.36619718309859156
Nyulnyulan,Australia,0.2,0,Learned,0.43661971830985913
Nyulnyulan,Australia,0.2,1,Freq,0.43661971830985913
Nyulnyulan,Australia,0.2,1,T-CF,0.4225352112676056
Nyulnyulan,Australia,0.2,1,Learned,0.5633802816901409
Nyulnyulan,Australia,0.2,2,Freq,0.4225352112676056
Nyulnyulan,Australia,0.2,2,T-CF,0.4084507042253521
Nyulnyulan,Australia,0.2,2,Learned,0.5633802816901409
Nyulnyulan,Australia,0.2,3,Freq,0.4084507042253521
Nyulnyulan,Australia,0.2,3,T-CF,0.323943661971831
Nyulnyulan,Australia,0.2,3,Learned,0.4225352112676056
Nyulnyulan,Australia,0.2,4,Freq,0.4225352112676056
Nyulnyulan,Australia,0.2,4,T-CF,0.43661971830985913
Nyulnyulan,Australia,0.2,4,Learned,0.5352112676056338
Central Salish,North America,0.0,0,Freq,0.42483660130718953
Central Salish,North America,0.0,0,T-CF,0.43790849673202614
Central Salish,North America,0.0,0,Learned,0.35947712418300654
Central Salish,North America,0.0,1,Freq,0.43137254901960786
Central Salish,North America,0.0,1,T-CF,0.40522875816993464
Central Salish,North America,0.0,1,Learned,0.22875816993464052
Central Salish,North America,0.0,2,Freq,0.4444444444444444
Central Salish,North America,0.0,2,T-CF,0.20915032679738563
Central Salish,North America,0.0,2,Learned,0.24836601307189543
Central Salish,North America,0.0,3,Freq,0.41830065359477125
Central Salish,North America,0.0,3,T-CF,0.26143790849673204
Central Salish,North America,0.0,3,Learned,0.29411764705882354
Central Salish,North America,0.0,4,Freq,0.4444444444444444
Central Salish,North America,0.0,4,T-CF,0.39215686274509803
Central Salish,North America,0.0,4,Learned,0.24183006535947713
Central Salish,North America,0.01,0,Freq,0.42483660130718953
Central Salish,North America,0.01,0,T-CF,0.32679738562091504
Central Salish,North America,0.01,0,Learned,0.3464052287581699
Central Salish,North America,0.01,1,Freq,0.43137254901960786
Central Salish,North America,0.01,1,T-CF,0.41830065359477125
Central Salish,North America,0.01,1,Learned,0.3202614379084967
Central Salish,North America,0.01,2,Freq,0.4444444444444444
Central Salish,North America,0.01,2,T-CF,0.43790849673202614
Central Salish,North America,0.01,2,Learned,0.35947712418300654
Central Salish,North America,0.01,3,Freq,0.41830065359477125
Central Salish,North America,0.01,3,T-CF,0.39215686274509803
Central Salish,North America,0.01,3,Learned,0.42483660130718953
Central Salish,North America,0.01,4,Freq,0.4444444444444444
Central Salish,North America,0.01,4,T-CF,0.41830065359477125
Central Salish,North America,0.01,4,Learned,0.3660130718954248
Central Salish,North America,0.05,0,Freq,0.42483660130718953
Central Salish,North America,0.05,0,T-CF,0.43790849673202614
Central Salish,North America,0.05,0,Learned,0.48366013071895425
Central Salish,North America,0.05,1,Freq,0.43137254901960786
Central Salish,North America,0.05,1,T-CF,0.35947712418300654
Central Salish,North America,0.05,1,Learned,0.47058823529411764
Central Salish,North America,0.05,2,Freq,0.4444444444444444
Central Salish,North America,0.05,2,T-CF,0.45751633986928103
Central Salish,North America,0.05,2,Learned,0.5620915032679739
Central Salish,North America,0.05,3,Freq,0.41830065359477125
Central Salish,North America,0.05,3,T-CF,0.43790849673202614
Central Salish,North America,0.05,3,Learned,0.3660130718954248
Central Salish,North America,0.05,4,Freq,0.4444444444444444
Central Salish,North America,0.05,4,T-CF,0.477124183006536
Central Salish,North America,0.05,4,Learned,0.5555555555555556
Central Salish,North America,0.1,0,Freq,0.42483660130718953
Central Salish,North America,0.1,0,T-CF,0.477124183006536
Central Salish,North America,0.1,0,Learned,0.5032679738562091
Central Salish,North America,0.1,1,Freq,0.43137254901960786
Central Salish,North America,0.1,1,T-CF,0.41830065359477125
Central Salish,North America,0.1,1,Learned,0.5490196078431373
Central Salish,North America,0.1,2,Freq,0.4444444444444444
Central Salish,North America,0.1,2,T-CF,0.49019607843137253
Central Salish,North America,0.1,2,Learned,0.5816993464052288
Central Salish,North America,0.1,3,Freq,0.41830065359477125
Central Salish,North America,0.1,3,T-CF,0.477124183006536
Central Salish,North America,0.1,3,Learned,0.45751633986928103
Central Salish,North America,0.1,4,Freq,0.4444444444444444
Central Salish,North America,0.1,4,T-CF,0.477124183006536
Central Salish,North America,0.1,4,Learned,0.5816993464052288
Central Salish,North America,0.2,0,Freq,0.42483660130718953
Central Salish,North America,0.2,0,T-CF,0.45098039215686275
Central Salish,North America,0.2,0,Learned,0.5686274509803921
Central Salish,North America,0.2,1,Freq,0.43137254901960786
Central Salish,North America,0.2,1,T-CF,0.46405228758169936
Central Salish,North America,0.2,1,Learned,0.5294117647058824
Central Salish,North America,0.2,2,Freq,0.4444444444444444
Central Salish,North America,0.2,2,T-CF,0.47058823529411764
Central Salish,North America,0.2,2,Learned,0.6143790849673203
Central Salish,North America,0.2,3,Freq,0.41830065359477125
Central Salish,North America,0.2,3,T-CF,0.46405228758169936
Central Salish,North America,0.2,3,Learned,0.5490196078431373
Central Salish,North America,0.2,4,Freq,0.4444444444444444
Central Salish,North America,0.2,4,T-CF,0.49673202614379086
Central Salish,North America,0.2,4,Learned,0.5686274509803921
Interior Salish,North America,0.0,0,Freq,0.4523809523809524
Interior Salish,North America,0.0,0,T-CF,0.2698412698412698
Interior Salish,North America,0.0,0,Learned,0.2857142857142857
Interior Salish,North America,0.0,1,Freq,0.4603174603174603
Interior Salish,North America,0.0,1,T-CF,0.15079365079365079
Interior Salish,North America,0.0,1,Learned,0.3888888888888889
Interior Salish,North America,0.0,2,Freq,0.4126984126984127
Interior Salish,North America,0.0,2,T-CF,0.20634920634920634
Interior Salish,North America,0.0,2,Learned,0.3888888888888889
Interior Salish,North America,0.0,3,Freq,0.42063492063492064
Interior Salish,North America,0.0,3,T-CF,0.36507936507936506
Interior Salish,North America,0.0,3,Learned,0.2857142857142857
Interior Salish,North America,0.0,4,Freq,0.46825396825396826
Interior Salish,North America,0.0,4,T-CF,0.3253968253968254
Interior Salish,North America,0.0,4,Learned,0.3412698412698413
Interior Salish,North America,0.01,0,Freq,0.4523809523809524
Interior Salish,North America,0.01,0,T-CF,0.23809523809523808
Interior Salish,North America,0.01,0,Learned,0.4603174603174603
Interior Salish,North America,0.01,1,Freq,0.4603174603174603
Interior Salish,North America,0.01,1,T-CF,0.4523809523809524
Interior Salish,North America,0.01,1,Learned,0.36507936507936506
Interior Salish,North America,0.01,2,Freq,0.4126984126984127
Interior Salish,North America,0.01,2,T-CF,0.24603174603174602
Interior Salish,North America,0.01,2,Learned,0.23809523809523808
Interior Salish,North America,0.01,3,Freq,0.42063492063492064
Interior Salish,North America,0.01,3,T-CF,0.21428571428571427
Interior Salish,North America,0.01,3,Learned,0.373015873015873
Interior Salish,North America,0.01,4,Freq,0.46825396825396826
Interior Salish,North America,0.01,4,T-CF,0.23809523809523808
Interior Salish,North America,0.01,4,Learned,0.2857142857142857
Interior Salish,North America,0.05,0,Freq,0.4523809523809524
Interior Salish,North America,0.05,0,T-CF,0.4523809523809524
Interior Salish,North America,0.05,0,Learned,0.4365079365079365
Interior Salish,North America,0.05,1,Freq,0.4603174603174603
Interior Salish,North America,0.05,1,T-CF,0.5079365079365079
Interior Salish,North America,0.05,1,Learned,0.42857142857142855
Interior Salish,North America,0.05,2,Freq,0.4126984126984127
Interior Salish,North America,0.05,2,T-CF,0.5
Interior Salish,North America,0.05,2,Learned,0.38095238095238093
Interior Salish,North America,0.05,3,Freq,0.42063492063492064
Interior Salish,North America,0.05,3,T-CF,0.42063492063492064
Interior Salish,North America,0.05,3,Learned,0.5
Interior Salish,North America,0.05,4,Freq,0.46825396825396826
Interior Salish,North America,0.05,4,T-CF,0.49206349206349204
Interior Salish,North America,0.05,4,Learned,0.3888888888888889
Interior Salish,North America,0.1,0,Freq,0.4523809523809524
Interior Salish,North America,0.1,0,T-CF,0.5238095238095238
Interior Salish,North America,0.1,0,Learned,0.4365079365079365
Interior Salish,North America,0.1,1,Freq,0.4603174603174603
Interior Salish,North America,0.1,1,T-CF,0.5079365079365079
Interior Salish,North America,0.1,1,Learned,0.5317460317460317
Interior Salish,North America,0.1,2,Freq,0.4126984126984127
Interior Salish,North America,0.1,2,T-CF,0.5158730158730159
Interior Salish,North America,0.1,2,Learned,0.5317460317460317
Interior Salish,North America,0.1,3,Freq,0.42063492063492064
Interior Salish,North America,0.1,3,T-CF,0.4523809523809524
Interior Salish,North America,0.1,3,Learned,0.5714285714285714
Interior Salish,North America,0.1,4,Freq,0.46825396825396826
Interior Salish,North America,0.1,4,T-CF,0.47619047619047616
Interior Salish,North America,0.1,4,Learned,0.49206349206349204
Interior Salish,North America,0.2,0,Freq,0.4523809523809524
Interior Salish,North America,0.2,0,T-CF,0.5
Interior Salish,North America,0.2,0,Learned,0.48412698412698413
Interior Salish,North America,0.2,1,Freq,0.4603174603174603
Interior Salish,North America,0.2,1,T-CF,0.5396825396825397
Interior Salish,North America,0.2,1,Learned,0.5952380952380952
Interior Salish,North America,0.2,2,Freq,0.4126984126984127
Interior Salish,North America,0.2,2,T-CF,0.5238095238095238
Interior Salish,North America,0.2,2,Learned,0.5793650793650794
Interior Salish,North America,0.2,3,Freq,0.42063492063492064
Interior Salish,North America,0.2,3,T-CF,0.5
Interior Salish,North America,0.2,3,Learned,0.5793650793650794
Interior Salish,North America,0.2,4,Freq,0.46825396825396826
Interior Salish,North America,0.2,4,T-CF,0.5317460317460317
Interior Salish,North America,0.2,4,Learned,0.5238095238095238
Samoyedic,Eurasia,0.0,0,Freq,0.5789473684210527
Samoyedic,Eurasia,0.0,0,T-CF,0.4
Samoyedic,Eurasia,0.0,0,Learned,0.4473684210526316
Samoyedic,Eurasia,0.0,1,Freq,0.5631578947368421
Samoyedic,Eurasia,0.0,1,T-CF,0.20526315789473684
Samoyedic,Eurasia,0.0,1,Learned,0.33157894736842103
Samoyedic,Eurasia,0.0,2,Freq,0.5631578947368421
Samoyedic,Eurasia,0.0,2,T-CF,0.4052631578947368
Samoyedic,Eurasia,0.0,2,Learned,0.2789473684210526
Samoyedic,Eurasia,0.0,3,Freq,0.5842105263157895
Samoyedic,Eurasia,0.0,3,T-CF,0.18421052631578946
Samoyedic,Eurasia,0.0,3,Learned,0.2894736842105263
Samoyedic,Eurasia,0.0,4,Freq,0.5684210526315789
Samoyedic,Eurasia,0.0,4,T-CF,0.4421052631578947
Samoyedic,Eurasia,0.0,4,Learned,0.45263157894736844
Samoyedic,Eurasia,0.01,0,Freq,0.5789473684210527
Samoyedic,Eurasia,0.01,0,T-CF,0.28421052631578947
Samoyedic,Eurasia,0.01,0,Learned,0.39473684210526316
Samoyedic,Eurasia,0.01,1,Freq,0.5631578947368421
Samoyedic,Eurasia,0.01,1,T-CF,0.5105263157894737
Samoyedic,Eurasia,0.01,1,Learned,0.34210526315789475
Samoyedic,Eurasia,0.01,2,Freq,0.5631578947368421
Samoyedic,Eurasia,0.01,2,T-CF,0.3368421052631579
Samoyedic,Eurasia,0.01,2,Learned,0.28421052631578947
Samoyedic,Eurasia,0.01,3,Freq,0.5842105263157895
Samoyedic,Eurasia,0.01,3,T-CF,0.41578947368421054
Samoyedic,Eurasia,0.01,3,Learned,0.2789473684210526
Samoyedic,Eurasia,0.01,4,Freq,0.5684210526315789
Samoyedic,Eurasia,0.01,4,T-CF,0.29473684210526313
Samoyedic,Eurasia,0.01,4,Learned,0.43157894736842106
Samoyedic,Eurasia,0.05,0,Freq,0.5789473684210527
Samoyedic,Eurasia,0.05,0,T-CF,0.6157894736842106
Samoyedic,Eurasia,0.05,0,Learned,0.5210526315789473
Samoyedic,Eurasia,0.05,1,Freq,0.5631578947368421
Samoyedic,Eurasia,0.05,1,T-CF,0.5894736842105263
Samoyedic,Eurasia,0.05,1,Learned,0.5631578947368421
Samoyedic,Eurasia,0.05,2,Freq,0.5631578947368421
Samoyedic,Eurasia,0.05,2,T-CF,0.5684210526315789
Samoyedic,Eurasia,0.05,2,Learned,0.5105263157894737
Samoyedic,Eurasia,0.05,3,Freq,0.5842105263157895
Samoyedic,Eurasia,0.05,3,T-CF,0.5894736842105263
Samoyedic,Eurasia,0.05,3,Learned,0.4
Samoyedic,Eurasia,0.05,4,Freq,0.5684210526315789
Samoyedic,Eurasia,0.05,4,T-CF,0.5578947368421052
Samoyedic,Eurasia,0.05,4,Learned,0.5736842105263158
Samoyedic,Eurasia,0.1,0,Freq,0.5789473684210527
Samoyedic,Eurasia,0.1,0,T-CF,0.6105263157894737
Samoyedic,Eurasia,0.1,0,Learned,0.5421052631578948
Samoyedic,Eurasia,0.1,1,Freq,0.5631578947368421
Samoyedic,Eurasia,0.1,1,T-CF,0.6052631578947368
Samoyedic,Eurasia,0.1,1,Learned,0.6526315789473685
Samoyedic,Eurasia,0.1,2,Freq,0.5631578947368421
Samoyedic,Eurasia,0.1,2,T-CF,0.5368421052631579
Samoyedic,Eurasia,0.1,2,Learned,0.5210526315789473
Samoyedic,Eurasia,0.1,3,Freq,0.5842105263157895
Samoyedic,Eurasia,0.1,3,T-CF,0.6157894736842106
Samoyedic,Eurasia,0.1,3,Learned,0.5526315789473685
Samoyedic,Eurasia,0.1,4,Freq,0.5684210526315789
Samoyedic,Eurasia,0.1,4,T-CF,0.5842105263157895
Samoyedic,Eurasia,0.1,4,Learned,0.5842105263157895
Samoyedic,Eurasia,0.2,0,Freq,0.5789473684210527
Samoyedic,Eurasia,0.2,0,T-CF,0.6210526315789474
Samoyedic,Eurasia,0.2,0,Learned,0.6421052631578947
Samoyedic,Eurasia,0.2,1,Freq,0.5631578947368421
Samoyedic,Eurasia,0.2,1,T-CF,0.6052631578947368
Samoyedic,Eurasia,0.2,1,Learned,0.6578947368421053
Samoyedic,Eurasia,0.2,2,Freq,0.5631578947368421
Samoyedic,Eurasia,0.2,2,T-CF,0.5736842105263158
Samoyedic,Eurasia,0.2,2,Learned,0.6052631578947368
Samoyedic,Eurasia,0.2,3,Freq,0.5842105263157895
Samoyedic,Eurasia,0.2,3,T-CF,0.6368421052631579
Samoyedic,Eurasia,0.2,3,Learned,0.6368421052631579
Samoyedic,Eurasia,0.2,4,Freq,0.5684210526315789
Samoyedic,Eurasia,0.2,4,T-CF,0.5842105263157895
Samoyedic,Eurasia,0.2,4,Learned,0.6157894736842106
North Halmaheran,Papunesia,0.0,0,Freq,0.5555555555555556
North Halmaheran,Papunesia,0.0,0,T-CF,0.39766081871345027
North Halmaheran,Papunesia,0.0,0,Learned,0.3567251461988304
North Halmaheran,Papunesia,0.0,1,Freq,0.5321637426900585
North Halmaheran,Papunesia,0.0,1,T-CF,0.45614035087719296
North Halmaheran,Papunesia,0.0,1,Learned,0.2573099415204678
North Halmaheran,Papunesia,0.0,2,Freq,0.5321637426900585
North Halmaheran,Papunesia,0.0,2,T-CF,0.26900584795321636
North Halmaheran,Papunesia,0.0,2,Learned,0.4678362573099415
North Halmaheran,Papunesia,0.0,3,Freq,0.5321637426900585
North Halmaheran,Papunesia,0.0,3,T-CF,0.43859649122807015
North Halmaheran,Papunesia,0.0,3,Learned,0.39766081871345027
North Halmaheran,Papunesia,0.0,4,Freq,0.5263157894736842
North Halmaheran,Papunesia,0.0,4,T-CF,0.3684210526315789
North Halmaheran,Papunesia,0.0,4,Learned,0.36257309941520466
North Halmaheran,Papunesia,0.01,0,Freq,0.5555555555555556
North Halmaheran,Papunesia,0.01,0,T-CF,0.5964912280701754
North Halmaheran,Papunesia,0.01,0,Learned,0.3567251461988304
North Halmaheran,Papunesia,0.01,1,Freq,0.5321637426900585
North Halmaheran,Papunesia,0.01,1,T-CF,0.4502923976608187
North Halmaheran,Papunesia,0.01,1,Learned,0.49122807017543857
North Halmaheran,Papunesia,0.01,2,Freq,0.5321637426900585
North Halmaheran,Papunesia,0.01,2,T-CF,0.4444444444444444
North Halmaheran,Papunesia,0.01,2,Learned,0.2982456140350877
North Halmaheran,Papunesia,0.01,3,Freq,0.5321637426900585
North Halmaheran,Papunesia,0.01,3,T-CF,0.4502923976608187
North Halmaheran,Papunesia,0.01,3,Learned,0.28654970760233917
North Halmaheran,Papunesia,0.01,4,Freq,0.5263157894736842
North Halmaheran,Papunesia,0.01,4,T-CF,0.4619883040935672
North Halmaheran,Papunesia,0.01,4,Learned,0.5146198830409356
North Halmaheran,Papunesia,0.05,0,Freq,0.5555555555555556
North Halmaheran,Papunesia,0.05,0,T-CF,0.5847953216374269
North Halmaheran,Papunesia,0.05,0,Learned,0.4444444444444444
North Halmaheran,Papunesia,0.05,1,Freq,0.5321637426900585
North Halmaheran,Papunesia,0.05,1,T-CF,0.5380116959064327
North Halmaheran,Papunesia,0.05,1,Learned,0.5730994152046783
North Halmaheran,Papunesia,0.05,2,Freq,0.5321637426900585
North Halmaheran,Papunesia,0.05,2,T-CF,0.5146198830409356
North Halmaheran,Papunesia,0.05,2,Learned,0.39766081871345027
North Halmaheran,Papunesia,0.05,3,Freq,0.5321637426900585
North Halmaheran,Papunesia,0.05,3,T-CF,0.49707602339181284
North Halmaheran,Papunesia,0.05,3,Learned,0.4502923976608187
North Halmaheran,Papunesia,0.05,4,Freq,0.5263157894736842
North Halmaheran,Papunesia,0.05,4,T-CF,0.5789473684210527
North Halmaheran,Papunesia,0.05,4,Learned,0.5730994152046783
North Halmaheran,Papunesia,0.1,0,Freq,0.5555555555555556
North Halmaheran,Papunesia,0.1,0,T-CF,0.5906432748538012
North Halmaheran,Papunesia,0.1,0,Learned,0.45614035087719296
North Halmaheran,Papunesia,0.1,1,Freq,0.5321637426900585
North Halmaheran,Papunesia,0.1,1,T-CF,0.5555555555555556
North Halmaheran,Papunesia,0.1,1,Learned,0.5906432748538012
North Halmaheran,Papunesia,0.1,2,Freq,0.5321637426900585
North Halmaheran,Papunesia,0.1,2,T-CF,0.5730994152046783
North Halmaheran,Papunesia,0.1,2,Learned,0.5555555555555556
North Halmaheran,Papunesia,0.1,3,Freq,0.5321637426900585
North Halmaheran,Papunesia,0.1,3,T-CF,0.5964912280701754
North Halmaheran,Papunesia,0.1,3,Learned,0.5906432748538012
North Halmaheran,Papunesia,0.1,4,Freq,0.5263157894736842
North Halmaheran,Papunesia,0.1,4,T-CF,0.5497076023391813
North Halmaheran,Papunesia,0.1,4,Learned,0.5614035087719298
North Halmaheran,Papunesia,0.2,0,Freq,0.5555555555555556
North Halmaheran,Papunesia,0.2,0,T-CF,0.5789473684210527
North Halmaheran,Papunesia,0.2,0,Learned,0.631578947368421
North Halmaheran,Papunesia,0.2,1,Freq,0.5321637426900585
North Halmaheran,Papunesia,0.2,1,T-CF,0.5789473684210527
North Halmaheran,Papunesia,0.2,1,Learned,0.6081871345029239
North Halmaheran,Papunesia,0.2,2,Freq,0.5321637426900585
North Halmaheran,Papunesia,0.2,2,T-CF,0.6081871345029239
North Halmaheran,Papunesia,0.2,2,Learned,0.6374269005847953
North Halmaheran,Papunesia,0.2,3,Freq,0.5321637426900585
North Halmaheran,Papunesia,0.2,3,T-CF,0.6140350877192983
North Halmaheran,Papunesia,0.2,3,Learned,0.631578947368421
North Halmaheran,Papunesia,0.2,4,Freq,0.5263157894736842
North Halmaheran,Papunesia,0.2,4,T-CF,0.6140350877192983
North Halmaheran,Papunesia,0.2,4,Learned,0.6023391812865497
Chimbu-Wahgi,Papunesia,0.0,0,Freq,0.6119402985074627
Chimbu-Wahgi,Papunesia,0.0,0,T-CF,0.31343283582089554
Chimbu-Wahgi,Papunesia,0.0,0,Learned,0.39552238805970147
Chimbu-Wahgi,Papunesia,0.0,1,Freq,0.6194029850746269
Chimbu-Wahgi,Papunesia,0.0,1,T-CF,0.5522388059701493
Chimbu-Wahgi,Papunesia,0.0,1,Learned,0.40298507462686567
Chimbu-Wahgi,Papunesia,0.0,2,Freq,0.6417910447761194
Chimbu-Wahgi,Papunesia,0.0,2,T-CF,0.5373134328358209
Chimbu-Wahgi,Papunesia,0.0,2,Learned,0.3582089552238806
Chimbu-Wahgi,Papunesia,0.0,3,Freq,0.6268656716417911
Chimbu-Wahgi,Papunesia,0.0,3,T-CF,0.5970149253731343
Chimbu-Wahgi,Papunesia,0.0,3,Learned,0.208955223880597
Chimbu-Wahgi,Papunesia,0.0,4,Freq,0.6268656716417911
Chimbu-Wahgi,Papunesia,0.0,4,T-CF,0.1865671641791045
Chimbu-Wahgi,Papunesia,0.0,4,Learned,0.20149253731343283
Chimbu-Wahgi,Papunesia,0.01,0,Freq,0.6119402985074627
Chimbu-Wahgi,Papunesia,0.01,0,T-CF,0.43283582089552236
Chimbu-Wahgi,Papunesia,0.01,0,Learned,0.3805970149253731
Chimbu-Wahgi,Papunesia,0.01,1,Freq,0.6194029850746269
Chimbu-Wahgi,Papunesia,0.01,1,T-CF,0.15671641791044777
Chimbu-Wahgi,Papunesia,0.01,1,Learned,0.3358208955223881
Chimbu-Wahgi,Papunesia,0.01,2,Freq,0.6417910447761194
Chimbu-Wahgi,Papunesia,0.01,2,T-CF,0.3582089552238806
Chimbu-Wahgi,Papunesia,0.01,2,Learned,0.29850746268656714
Chimbu-Wahgi,Papunesia,0.01,3,Freq,0.6268656716417911
Chimbu-Wahgi,Papunesia,0.01,3,T-CF,0.5447761194029851
Chimbu-Wahgi,Papunesia,0.01,3,Learned,0.31343283582089554
Chimbu-Wahgi,Papunesia,0.01,4,Freq,0.6268656716417911
Chimbu-Wahgi,Papunesia,0.01,4,T-CF,0.417910447761194
Chimbu-Wahgi,Papunesia,0.01,4,Learned,0.20149253731343283
Chimbu-Wahgi,Papunesia,0.05,0,Freq,0.6119402985074627
Chimbu-Wahgi,Papunesia,0.05,0,T-CF,0.6268656716417911
Chimbu-Wahgi,Papunesia,0.05,0,Learned,0.6119402985074627
Chimbu-Wahgi,Papunesia,0.05,1,Freq,0.6194029850746269
Chimbu-Wahgi,Papunesia,0.05,1,T-CF,0.6268656716417911
Chimbu-Wahgi,Papunesia,0.05,1,Learned,0.6492537313432836
Chimbu-Wahgi,Papunesia,0.05,2,Freq,0.6417910447761194
Chimbu-Wahgi,Papunesia,0.05,2,T-CF,0.6268656716417911
Chimbu-Wahgi,Papunesia,0.05,2,Learned,0.6492537313432836
Chimbu-Wahgi,Papunesia,0.05,3,Freq,0.6268656716417911
Chimbu-Wahgi,Papunesia,0.05,3,T-CF,0.6268656716417911
Chimbu-Wahgi,Papunesia,0.05,3,Learned,0.6567164179104478
Chimbu-Wahgi,Papunesia,0.05,4,Freq,0.6268656716417911
Chimbu-Wahgi,Papunesia,0.05,4,T-CF,0.6343283582089553
Chimbu-Wahgi,Papunesia,0.05,4,Learned,0.7014925373134329
Chimbu-Wahgi,Papunesia,0.1,0,Freq,0.6119402985074627
Chimbu-Wahgi,Papunesia,0.1,0,T-CF,0.6268656716417911
Chimbu-Wahgi,Papunesia,0.1,0,Learned,0.7238805970149254
Chimbu-Wahgi,Papunesia,0.1,1,Freq,0.6194029850746269
Chimbu-Wahgi,Papunesia,0.1,1,T-CF,0.6343283582089553
Chimbu-Wahgi,Papunesia,0.1,1,Learned,0.7388059701492538
Chimbu-Wahgi,Papunesia,0.1,2,Freq,0.6417910447761194
Chimbu-Wahgi,Papunesia,0.1,2,T-CF,0.6791044776119403
Chimbu-Wahgi,Papunesia,0.1,2,Learned,0.746268656716418
Chimbu-Wahgi,Papunesia,0.1,3,Freq,0.6268656716417911
Chimbu-Wahgi,Papunesia,0.1,3,T-CF,0.6567164179104478
Chimbu-Wahgi,Papunesia,0.1,3,Learned,0.753731343283582
Chimbu-Wahgi,Papunesia,0.1,4,Freq,0.6268656716417911
Chimbu-Wahgi,Papunesia,0.1,4,T-CF,0.6567164179104478
Chimbu-Wahgi,Papunesia,0.1,4,Learned,0.7238805970149254
Chimbu-Wahgi,Papunesia,0.2,0,Freq,0.6119402985074627
Chimbu-Wahgi,Papunesia,0.2,0,T-CF,0.6865671641791045
Chimbu-Wahgi,Papunesia,0.2,0,Learned,0.7611940298507462
Chimbu-Wahgi,Papunesia,0.2,1,Freq,0.6194029850746269
Chimbu-Wahgi,Papunesia,0.2,1,T-CF,0.6791044776119403
Chimbu-Wahgi,Papunesia,0.2,1,Learned,0.7686567164179104
Chimbu-Wahgi,Papunesia,0.2,2,Freq,0.6417910447761194
Chimbu-Wahgi,Papunesia,0.2,2,T-CF,0.6567164179104478
Chimbu-Wahgi,Papunesia,0.2,2,Learned,0.753731343283582
Chimbu-Wahgi,Papunesia,0.2,3,Freq,0.6268656716417911
Chimbu-Wahgi,Papunesia,0.2,3,T-CF,0.6567164179104478
Chimbu-Wahgi,Papunesia,0.2,3,Learned,0.7910447761194029
Chimbu-Wahgi,Papunesia,0.2,4,Freq,0.6268656716417911
Chimbu-Wahgi,Papunesia,0.2,4,T-CF,0.6791044776119403
Chimbu-Wahgi,Papunesia,0.2,4,Learned,0.746268656716418
Na-Qiangic,Eurasia,0.0,0,Freq,0.5463917525773195
Na-Qiangic,Eurasia,0.0,0,T-CF,0.4639175257731959
Na-Qiangic,Eurasia,0.0,0,Learned,0.28865979381443296
Na-Qiangic,Eurasia,0.0,1,Freq,0.5257731958762887
Na-Qiangic,Eurasia,0.0,1,T-CF,0.38144329896907214
Na-Qiangic,Eurasia,0.0,1,Learned,0.1958762886597938
Na-Qiangic,Eurasia,0.0,2,Freq,0.5773195876288659
Na-Qiangic,Eurasia,0.0,2,T-CF,0.31958762886597936
Na-Qiangic,Eurasia,0.0,2,Learned,0.16494845360824742
Na-Qiangic,Eurasia,0.0,3,Freq,0.4948453608247423
Na-Qiangic,Eurasia,0.0,3,T-CF,0.29896907216494845
Na-Qiangic,Eurasia,0.0,3,Learned,0.27835051546391754
Na-Qiangic,Eurasia,0.0,4,Freq,0.5670103092783505
Na-Qiangic,Eurasia,0.0,4,T-CF,0.5154639175257731
Na-Qiangic,Eurasia,0.0,4,Learned,0.4948453608247423
Na-Qiangic,Eurasia,0.01,0,Freq,0.5463917525773195
Na-Qiangic,Eurasia,0.01,0,T-CF,0.1958762886597938
Na-Qiangic,Eurasia,0.01,0,Learned,0.35051546391752575
Na-Qiangic,Eurasia,0.01,1,Freq,0.5257731958762887
Na-Qiangic,Eurasia,0.01,1,T-CF,0.24742268041237114
Na-Qiangic,Eurasia,0.01,1,Learned,0.21649484536082475
Na-Qiangic,Eurasia,0.01,2,Freq,0.5773195876288659
Na-Qiangic,Eurasia,0.01,2,T-CF,0.44329896907216493
Na-Qiangic,Eurasia,0.01,2,Learned,0.29896907216494845
Na-Qiangic,Eurasia,0.01,3,Freq,0.4948453608247423
Na-Qiangic,Eurasia,0.01,3,T-CF,0.3917525773195876
Na-Qiangic,Eurasia,0.01,3,Learned,0.35051546391752575
Na-Qiangic,Eurasia,0.01,4,Freq,0.5670103092783505
Na-Qiangic,Eurasia,0.01,4,T-CF,0.21649484536082475
Na-Qiangic,Eurasia,0.01,4,Learned,0.422680412371134
Na-Qiangic,Eurasia,0.05,0,Freq,0.5463917525773195
Na-Qiangic,Eurasia,0.05,0,T-CF,0.5567010309278351
Na-Qiangic,Eurasia,0.05,0,Learned,0.38144329896907214
Na-Qiangic,Eurasia,0.05,1,Freq,0.5257731958762887
Na-Qiangic,Eurasia,0.05,1,T-CF,0.5773195876288659
Na-Qiangic,Eurasia,0.05,1,Learned,0.5154639175257731
Na-Qiangic,Eurasia,0.05,2,Freq,0.5773195876288659
Na-Qiangic,Eurasia,0.05,2,T-CF,0.6701030927835051
Na-Qiangic,Eurasia,0.05,2,Learned,0.6185567010309279
Na-Qiangic,Eurasia,0.05,3,Freq,0.4948453608247423
Na-Qiangic,Eurasia,0.05,3,T-CF,0.5463917525773195
Na-Qiangic,Eurasia,0.05,3,Learned,0.5567010309278351
Na-Qiangic,Eurasia,0.05,4,Freq,0.5670103092783505
Na-Qiangic,Eurasia,0.05,4,T-CF,0.4329896907216495
Na-Qiangic,Eurasia,0.05,4,Learned,0.4329896907216495
Na-Qiangic,Eurasia,0.1,0,Freq,0.5463917525773195
Na-Qiangic,Eurasia,0.1,0,T-CF,0.5876288659793815
Na-Qiangic,Eurasia,0.1,0,Learned,0.6701030927835051
Na-Qiangic,Eurasia,0.1,1,Freq,0.5257731958762887
Na-Qiangic,Eurasia,0.1,1,T-CF,0.5876288659793815
Na-Qiangic,Eurasia,0.1,1,Learned,0.6185567010309279
Na-Qiangic,Eurasia,0.1,2,Freq,0.5773195876288659
Na-Qiangic,Eurasia,0.1,2,T-CF,0.6082474226804123
Na-Qiangic,Eurasia,0.1,2,Learned,0.6185567010309279
Na-Qiangic,Eurasia,0.1,3,Freq,0.4948453608247423
Na-Qiangic,Eurasia,0.1,3,T-CF,0.5773195876288659
Na-Qiangic,Eurasia,0.1,3,Learned,0.5567010309278351
Na-Qiangic,Eurasia,0.1,4,Freq,0.5670103092783505
Na-Qiangic,Eurasia,0.1,4,T-CF,0.5876288659793815
Na-Qiangic,Eurasia,0.1,4,Learned,0.6082474226804123
Na-Qiangic,Eurasia,0.2,0,Freq,0.5463917525773195
Na-Qiangic,Eurasia,0.2,0,T-CF,0.6701030927835051
Na-Qiangic,Eurasia,0.2,0,Learned,0.6082474226804123
Na-Qiangic,Eurasia,0.2,1,Freq,0.5257731958762887
Na-Qiangic,Eurasia,0.2,1,T-CF,0.5876288659793815
Na-Qiangic,Eurasia,0.2,1,Learned,0.6597938144329897
Na-Qiangic,Eurasia,0.2,2,Freq,0.5773195876288659
Na-Qiangic,Eurasia,0.2,2,T-CF,0.6082474226804123
Na-Qiangic,Eurasia,0.2,2,Learned,0.6804123711340206
Na-Qiangic,Eurasia,0.2,3,Freq,0.4948453608247423
Na-Qiangic,Eurasia,0.2,3,T-CF,0.5979381443298969
Na-Qiangic,Eurasia,0.2,3,Learned,0.6597938144329897
Na-Qiangic,Eurasia,0.2,4,Freq,0.5670103092783505
Na-Qiangic,Eurasia,0.2,4,T-CF,0.6597938144329897
Na-Qiangic,Eurasia,0.2,4,Learned,0.6082474226804123
Karen,Eurasia,0.0,0,Freq,0.4666666666666667
Karen,Eurasia,0.0,0,T-CF,0.2545454545454545
Karen,Eurasia,0.0,0,Learned,0.3878787878787879
Karen,Eurasia,0.0,1,Freq,0.4666666666666667
Karen,Eurasia,0.0,1,T-CF,0.24848484848484848
Karen,Eurasia,0.0,1,Learned,0.3575757575757576
Karen,Eurasia,0.0,2,Freq,0.46060606060606063
Karen,Eurasia,0.0,2,T-CF,0.296969696969697
Karen,Eurasia,0.0,2,Learned,0.18181818181818182
Karen,Eurasia,0.0,3,Freq,0.4727272727272727
Karen,Eurasia,0.0,3,T-CF,0.21212121212121213
Karen,Eurasia,0.0,3,Learned,0.13333333333333333
Karen,Eurasia,0.0,4,Freq,0.47878787878787876
Karen,Eurasia,0.0,4,T-CF,0.2787878787878788
Karen,Eurasia,0.0,4,Learned,0.15151515151515152
Karen,Eurasia,0.01,0,Freq,0.4666666666666667
Karen,Eurasia,0.01,0,T-CF,0.3878787878787879
Karen,Eurasia,0.01,0,Learned,0.26666666666666666
Karen,Eurasia,0.01,1,Freq,0.4666666666666667
Karen,Eurasia,0.01,1,T-CF,0.3090909090909091
Karen,Eurasia,0.01,1,Learned,0.38181818181818183
Karen,Eurasia,0.01,2,Freq,0.46060606060606063
Karen,Eurasia,0.01,2,T-CF,0.37575757575757573
Karen,Eurasia,0.01,2,Learned,0.2909090909090909
Karen,Eurasia,0.01,3,Freq,0.4727272727272727
Karen,Eurasia,0.01,3,T-CF,0.40606060606060607
Karen,Eurasia,0.01,3,Learned,0.32727272727272727
Karen,Eurasia,0.01,4,Freq,0.47878787878787876
Karen,Eurasia,0.01,4,T-CF,0.4666666666666667
Karen,Eurasia,0.01,4,Learned,0.36363636363636365
Karen,Eurasia,0.05,0,Freq,0.4666666666666667
Karen,Eurasia,0.05,0,T-CF,0.5757575757575758
Karen,Eurasia,0.05,0,Learned,0.6424242424242425
Karen,Eurasia,0.05,1,Freq,0.4666666666666667
Karen,Eurasia,0.05,1,T-CF,0.5454545454545454
Karen,Eurasia,0.05,1,Learned,0.6121212121212121
Karen,Eurasia,0.05,2,Freq,0.46060606060606063
Karen,Eurasia,0.05,2,T-CF,0.5151515151515151
Karen,Eurasia,0.05,2,Learned,0.6
Karen,Eurasia,0.05,3,Freq,0.4727272727272727
Karen,Eurasia,0.05,3,T-CF,0.5454545454545454
Karen,Eurasia,0.05,3,Learned,0.5878787878787879
Karen,Eurasia,0.05,4,Freq,0.47878787878787876
Karen,Eurasia,0.05,4,T-CF,0.5454545454545454
Karen,Eurasia,0.05,4,Learned,0.3393939393939394
Karen,Eurasia,0.1,0,Freq,0.4666666666666667
Karen,Eurasia,0.1,0,T-CF,0.5878787878787879
Karen,Eurasia,0.1,0,Learned,0.6787878787878788
Karen,Eurasia,0.1,1,Freq,0.4666666666666667
Karen,Eurasia,0.1,1,T-CF,0.5272727272727272
Karen,Eurasia,0.1,1,Learned,0.593939393939394
Karen,Eurasia,0.1,2,Freq,0.46060606060606063
Karen,Eurasia,0.1,2,T-CF,0.5515151515151515
Karen,Eurasia,0.1,2,Learned,0.5818181818181818
Karen,Eurasia,0.1,3,Freq,0.4727272727272727
Karen,Eurasia,0.1,3,T-CF,0.5696969696969697
Karen,Eurasia,0.1,3,Learned,0.6666666666666666
Karen,Eurasia,0.1,4,Freq,0.47878787878787876
Karen,Eurasia,0.1,4,T-CF,0.5757575757575758
Karen,Eurasia,0.1,4,Learned,0.6363636363636364
Karen,Eurasia,0.2,0,Freq,0.4666666666666667
Karen,Eurasia,0.2,0,T-CF,0.5575757575757576
Karen,Eurasia,0.2,0,Learned,0.6787878787878788
Karen,Eurasia,0.2,1,Freq,0.4666666666666667
Karen,Eurasia,0.2,1,T-CF,0.5515151515151515
Karen,Eurasia,0.2,1,Learned,0.6484848484848484
Karen,Eurasia,0.2,2,Freq,0.46060606060606063
Karen,Eurasia,0.2,2,T-CF,0.5515151515151515
Karen,Eurasia,0.2,2,Learned,0.6606060606060606
Karen,Eurasia,0.2,3,Freq,0.4727272727272727
Karen,Eurasia,0.2,3,T-CF,0.5696969696969697
Karen,Eurasia,0.2,3,Learned,0.6727272727272727
Karen,Eurasia,0.2,4,Freq,0.47878787878787876
Karen,Eurasia,0.2,4,T-CF,0.5757575757575758
Karen,Eurasia,0.2,4,Learned,0.696969696969697
Northern Iroquoian,North America,0.0,0,Freq,0.4368421052631579
Northern Iroquoian,North America,0.0,0,T-CF,0.3368421052631579
Northern Iroquoian,North America,0.0,0,Learned,0.3631578947368421
Northern Iroquoian,North America,0.0,1,Freq,0.4631578947368421
Northern Iroquoian,North America,0.0,1,T-CF,0.39473684210526316
Northern Iroquoian,North America,0.0,1,Learned,0.2894736842105263
Northern Iroquoian,North America,0.0,2,Freq,0.43157894736842106
Northern Iroquoian,North America,0.0,2,T-CF,0.3263157894736842
Northern Iroquoian,North America,0.0,2,Learned,0.20526315789473684
Northern Iroquoian,North America,0.0,3,Freq,0.4368421052631579
Northern Iroquoian,North America,0.0,3,T-CF,0.3684210526315789
Northern Iroquoian,North America,0.0,3,Learned,0.30526315789473685
Northern Iroquoian,North America,0.0,4,Freq,0.4631578947368421
Northern Iroquoian,North America,0.0,4,T-CF,0.3526315789473684
Northern Iroquoian,North America,0.0,4,Learned,0.4789473684210526
Northern Iroquoian,North America,0.01,0,Freq,0.4368421052631579
Northern Iroquoian,North America,0.01,0,T-CF,0.16842105263157894
Northern Iroquoian,North America,0.01,0,Learned,0.22631578947368422
Northern Iroquoian,North America,0.01,1,Freq,0.4631578947368421
Northern Iroquoian,North America,0.01,1,T-CF,0.42105263157894735
Northern Iroquoian,North America,0.01,1,Learned,0.30526315789473685
Northern Iroquoian,North America,0.01,2,Freq,0.43157894736842106
Northern Iroquoian,North America,0.01,2,T-CF,0.37894736842105264
Northern Iroquoian,North America,0.01,2,Learned,0.41578947368421054
Northern Iroquoian,North America,0.01,3,Freq,0.4368421052631579
Northern Iroquoian,North America,0.01,3,T-CF,0.23684210526315788
Northern Iroquoian,North America,0.01,3,Learned,0.29473684210526313
Northern Iroquoian,North America,0.01,4,Freq,0.4631578947368421
Northern Iroquoian,North America,0.01,4,T-CF,0.32105263157894737
Northern Iroquoian,North America,0.01,4,Learned,0.42105263157894735
Northern Iroquoian,North America,0.05,0,Freq,0.4368421052631579
Northern Iroquoian,North America,0.05,0,T-CF,0.4
Northern Iroquoian,North America,0.05,0,Learned,0.3631578947368421
Northern Iroquoian,North America,0.05,1,Freq,0.4631578947368421
Northern Iroquoian,North America,0.05,1,T-CF,0.37894736842105264
Northern Iroquoian,North America,0.05,1,Learned,0.4052631578947368
Northern Iroquoian,North America,0.05,2,Freq,0.43157894736842106
Northern Iroquoian,North America,0.05,2,T-CF,0.4421052631578947
Northern Iroquoian,North America,0.05,2,Learned,0.43157894736842106
Northern Iroquoian,North America,0.05,3,Freq,0.4368421052631579
Northern Iroquoian,North America,0.05,3,T-CF,0.4
Northern Iroquoian,North America,0.05,3,Learned,0.4631578947368421
Northern Iroquoian,North America,0.05,4,Freq,0.4631578947368421
Northern Iroquoian,North America,0.05,4,T-CF,0.43157894736842106
Northern Iroquoian,North America,0.05,4,Learned,0.5052631578947369
Northern Iroquoian,North America,0.1,0,Freq,0.4368421052631579
Northern Iroquoian,North America,0.1,0,T-CF,0.4052631578947368
Northern Iroquoian,North America,0.1,0,Learned,0.4631578947368421
Northern Iroquoian,North America,0.1,1,Freq,0.4631578947368421
Northern Iroquoian,North America,0.1,1,T-CF,0.49473684210526314
Northern Iroquoian,North America,0.1,1,Learned,0.35789473684210527
Northern Iroquoian,North America,0.1,2,Freq,0.43157894736842106
Northern Iroquoian,North America,0.1,2,T-CF,0.4368421052631579
Northern Iroquoian,North America,0.1,2,Learned,0.45263157894736844
Northern Iroquoian,North America,0.1,3,Freq,0.4421052631578947
Northern Iroquoian,North America,0.1,3,T-CF,0.41578947368421054
Northern Iroquoian,North America,0.1,3,Learned,0.47368421052631576
Northern Iroquoian,North America,0.1,4,Freq,0.4631578947368421
Northern Iroquoian,North America,0.1,4,T-CF,0.4368421052631579
Northern Iroquoian,North America,0.1,4,Learned,0.48947368421052634
Northern Iroquoian,North America,0.2,0,Freq,0.4368421052631579
Northern Iroquoian,North America,0.2,0,T-CF,0.4263157894736842
Northern Iroquoian,North America,0.2,0,Learned,0.5157894736842106
Northern Iroquoian,North America,0.2,1,Freq,0.4631578947368421
Northern Iroquoian,North America,0.2,1,T-CF,0.46842105263157896
Northern Iroquoian,North America,0.2,1,Learned,0.47368421052631576
Northern Iroquoian,North America,0.2,2,Freq,0.4368421052631579
Northern Iroquoian,North America,0.2,2,T-CF,0.45263157894736844
Northern Iroquoian,North America,0.2,2,Learned,0.5368421052631579
Northern Iroquoian,North America,0.2,3,Freq,0.4421052631578947
Northern Iroquoian,North America,0.2,3,T-CF,0.42105263157894735
Northern Iroquoian,North America,0.2,3,Learned,0.47368421052631576
Northern Iroquoian,North America,0.2,4,Freq,0.46842105263157896
Northern Iroquoian,North America,0.2,4,T-CF,0.4421052631578947
Northern Iroquoian,North America,0.2,4,Learned,0.531578947368421
Tepiman,North America,0.0,0,Freq,0.45977011494252873
Tepiman,North America,0.0,0,T-CF,0.3390804597701149
Tepiman,North America,0.0,0,Learned,0.23563218390804597
Tepiman,North America,0.0,1,Freq,0.4885057471264368
Tepiman,North America,0.0,1,T-CF,0.3793103448275862
Tepiman,North America,0.0,1,Learned,0.28735632183908044
Tepiman,North America,0.0,2,Freq,0.47701149425287354
Tepiman,North America,0.0,2,T-CF,0.16091954022988506
Tepiman,North America,0.0,2,Learned,0.3390804597701149
Tepiman,North America,0.0,3,Freq,0.5114942528735632
Tepiman,North America,0.0,3,T-CF,0.29310344827586204
Tepiman,North America,0.0,3,Learned,0.3160919540229885
Tepiman,North America,0.0,4,Freq,0.47701149425287354
Tepiman,North America,0.0,4,T-CF,0.3045977011494253
Tepiman,North America,0.0,4,Learned,0.39655172413793105
Tepiman,North America,0.01,0,Freq,0.45977011494252873
Tepiman,North America,0.01,0,T-CF,0.25287356321839083
Tepiman,North America,0.01,0,Learned,0.41379310344827586
Tepiman,North America,0.01,1,Freq,0.4885057471264368
Tepiman,North America,0.01,1,T-CF,0.47701149425287354
Tepiman,North America,0.01,1,Learned,0.39080459770114945
Tepiman,North America,0.01,2,Freq,0.47701149425287354
Tepiman,North America,0.01,2,T-CF,0.3390804597701149
Tepiman,North America,0.01,2,Learned,0.3045977011494253
Tepiman,North America,0.01,3,Freq,0.5114942528735632
Tepiman,North America,0.01,3,T-CF,0.3103448275862069
Tepiman,North America,0.01,3,Learned,0.3160919540229885
Tepiman,North America,0.01,4,Freq,0.47701149425287354
Tepiman,North America,0.01,4,T-CF,0.26436781609195403
Tepiman,North America,0.01,4,Learned,0.39655172413793105
Tepiman,North America,0.05,0,Freq,0.4540229885057471
Tepiman,North America,0.05,0,T-CF,0.4827586206896552
Tepiman,North America,0.05,0,Learned,0.4540229885057471
Tepiman,North America,0.05,1,Freq,0.4827586206896552
Tepiman,North America,0.05,1,T-CF,0.5114942528735632
Tepiman,North America,0.05,1,Learned,0.3218390804597701
Tepiman,North America,0.05,2,Freq,0.47701149425287354
Tepiman,North America,0.05,2,T-CF,0.46551724137931033
Tepiman,North America,0.05,2,Learned,0.4942528735632184
Tepiman,North America,0.05,3,Freq,0.5114942528735632
Tepiman,North America,0.05,3,T-CF,0.5172413793103449
Tepiman,North America,0.05,3,Learned,0.47126436781609193
Tepiman,North America,0.05,4,Freq,0.47701149425287354
Tepiman,North America,0.05,4,T-CF,0.47126436781609193
Tepiman,North America,0.05,4,Learned,0.43103448275862066
Tepiman,North America,0.1,0,Freq,0.4540229885057471
Tepiman,North America,0.1,0,T-CF,0.4540229885057471
Tepiman,North America,0.1,0,Learned,0.47701149425287354
Tepiman,North America,0.1,1,Freq,0.4885057471264368
Tepiman,North America,0.1,1,T-CF,0.5114942528735632
Tepiman,North America,0.1,1,Learned,0.367816091954023
Tepiman,North America,0.1,2,Freq,0.47701149425287354
Tepiman,North America,0.1,2,T-CF,0.5229885057471264
Tepiman,North America,0.1,2,Learned,0.367816091954023
Tepiman,North America,0.1,3,Freq,0.5114942528735632
Tepiman,North America,0.1,3,T-CF,0.4942528735632184
Tepiman,North America,0.1,3,Learned,0.5459770114942529
Tepiman,North America,0.1,4,Freq,0.47701149425287354
Tepiman,North America,0.1,4,T-CF,0.4827586206896552
Tepiman,North America,0.1,4,Learned,0.5517241379310345
Tepiman,North America,0.2,0,Freq,0.45977011494252873
Tepiman,North America,0.2,0,T-CF,0.4540229885057471
Tepiman,North America,0.2,0,Learned,0.5172413793103449
Tepiman,North America,0.2,1,Freq,0.4885057471264368
Tepiman,North America,0.2,1,T-CF,0.4942528735632184
Tepiman,North America,0.2,1,Learned,0.5114942528735632
Tepiman,North America,0.2,2,Freq,0.47701149425287354
Tepiman,North America,0.2,2,T-CF,0.4885057471264368
Tepiman,North America,0.2,2,Learned,0.5689655172413793
Tepiman,North America,0.2,3,Freq,0.5114942528735632
Tepiman,North America,0.2,3,T-CF,0.4885057471264368
Tepiman,North America,0.2,3,Learned,0.5517241379310345
Tepiman,North America,0.2,4,Freq,0.47701149425287354
Tepiman,North America,0.2,4,T-CF,0.47126436781609193
Tepiman,North America,0.2,4,Learned,0.5344827586206896
Aztecan,North America,0.0,0,Freq,0.5277777777777778
Aztecan,North America,0.0,0,T-CF,0.5
Aztecan,North America,0.0,0,Learned,0.3472222222222222
Aztecan,North America,0.0,1,Freq,0.5324074074074074
Aztecan,North America,0.0,1,T-CF,0.33796296296296297
Aztecan,North America,0.0,1,Learned,0.33796296296296297
Aztecan,North America,0.0,2,Freq,0.5509259259259259
Aztecan,North America,0.0,2,T-CF,0.25462962962962965
Aztecan,North America,0.0,2,Learned,0.25
Aztecan,North America,0.0,3,Freq,0.5370370370370371
Aztecan,North America,0.0,3,T-CF,0.14351851851851852
Aztecan,North America,0.0,3,Learned,0.1574074074074074
Aztecan,North America,0.0,4,Freq,0.5370370370370371
Aztecan,North America,0.0,4,T-CF,0.2037037037037037
Aztecan,North America,0.0,4,Learned,0.35648148148148145
Aztecan,North America,0.01,0,Freq,0.5277777777777778
Aztecan,North America,0.01,0,T-CF,0.5092592592592593
Aztecan,North America,0.01,0,Learned,0.4583333333333333
Aztecan,North America,0.01,1,Freq,0.5324074074074074
Aztecan,North America,0.01,1,T-CF,0.2777777777777778
Aztecan,North America,0.01,1,Learned,0.32407407407407407
Aztecan,North America,0.01,2,Freq,0.5509259259259259
Aztecan,North America,0.01,2,T-CF,0.5462962962962963
Aztecan,North America,0.01,2,Learned,0.36574074074074076
Aztecan,North America,0.01,3,Freq,0.5370370370370371
Aztecan,North America,0.01,3,T-CF,0.25462962962962965
Aztecan,North America,0.01,3,Learned,0.3055555555555556
Aztecan,North America,0.01,4,Freq,0.5370370370370371
Aztecan,North America,0.01,4,T-CF,0.44907407407407407
Aztecan,North America,0.01,4,Learned,0.5601851851851852
Aztecan,North America,0.05,0,Freq,0.5277777777777778
Aztecan,North America,0.05,0,T-CF,0.6064814814814815
Aztecan,North America,0.05,0,Learned,0.5972222222222222
Aztecan,North America,0.05,1,Freq,0.5324074074074074
Aztecan,North America,0.05,1,T-CF,0.5648148148148148
Aztecan,North America,0.05,1,Learned,0.5925925925925926
Aztecan,North America,0.05,2,Freq,0.5509259259259259
Aztecan,North America,0.05,2,T-CF,0.5231481481481481
Aztecan,North America,0.05,2,Learned,0.5277777777777778
Aztecan,North America,0.05,3,Freq,0.5370370370370371
Aztecan,North America,0.05,3,T-CF,0.5601851851851852
Aztecan,North America,0.05,3,Learned,0.5092592592592593
Aztecan,North America,0.05,4,Freq,0.5370370370370371
Aztecan,North America,0.05,4,T-CF,0.5601851851851852
Aztecan,North America,0.05,4,Learned,0.6018518518518519
Aztecan,North America,0.1,0,Freq,0.5277777777777778
Aztecan,North America,0.1,0,T-CF,0.5925925925925926
Aztecan,North America,0.1,0,Learned,0.6435185185185185
Aztecan,North America,0.1,1,Freq,0.5324074074074074
Aztecan,North America,0.1,1,T-CF,0.5740740740740741
Aztecan,North America,0.1,1,Learned,0.5787037037037037
Aztecan,North America,0.1,2,Freq,0.5509259259259259
Aztecan,North America,0.1,2,T-CF,0.5277777777777778
Aztecan,North America,0.1,2,Learned,0.5555555555555556
Aztecan,North America,0.1,3,Freq,0.5370370370370371
Aztecan,North America,0.1,3,T-CF,0.5740740740740741
Aztecan,North America,0.1,3,Learned,0.6712962962962963
Aztecan,North America,0.1,4,Freq,0.5370370370370371
Aztecan,North America,0.1,4,T-CF,0.5740740740740741
Aztecan,North America,0.1,4,Learned,0.6759259259259259
Aztecan,North America,0.2,0,Freq,0.5277777777777778
Aztecan,North America,0.2,0,T-CF,0.6157407407407407
Aztecan,North America,0.2,0,Learned,0.7037037037037037
Aztecan,North America,0.2,1,Freq,0.5324074074074074
Aztecan,North America,0.2,1,T-CF,0.5694444444444444
Aztecan,North America,0.2,1,Learned,0.6527777777777778
Aztecan,North America,0.2,2,Freq,0.5509259259259259
Aztecan,North America,0.2,2,T-CF,0.5879629629629629
Aztecan,North America,0.2,2,Learned,0.6574074074074074
Aztecan,North America,0.2,3,Freq,0.5370370370370371
Aztecan,North America,0.2,3,T-CF,0.5879629629629629
Aztecan,North America,0.2,3,Learned,0.6990740740740741
Aztecan,North America,0.2,4,Freq,0.5370370370370371
Aztecan,North America,0.2,4,T-CF,0.6018518518518519
Aztecan,North America,0.2,4,Learned,0.6666666666666666
Totonacan,North America,0.0,0,Freq,0.4296875
Totonacan,North America,0.0,0,T-CF,0.3828125
Totonacan,North America,0.0,0,Learned,0.3828125
Totonacan,North America,0.0,1,Freq,0.4296875
Totonacan,North America,0.0,1,T-CF,0.328125
Totonacan,North America,0.0,1,Learned,0.28125
Totonacan,North America,0.0,2,Freq,0.4609375
Totonacan,North America,0.0,2,T-CF,0.375
Totonacan,North America,0.0,2,Learned,0.1875
Totonacan,North America,0.0,3,Freq,0.4609375
Totonacan,North America,0.0,3,T-CF,0.25
Totonacan,North America,0.0,3,Learned,0.4296875
Totonacan,North America,0.0,4,Freq,0.453125
Totonacan,North America,0.0,4,T-CF,0.515625
Totonacan,North America,0.0,4,Learned,0.3046875
Totonacan,North America,0.01,0,Freq,0.4296875
Totonacan,North America,0.01,0,T-CF,0.3359375
Totonacan,North America,0.01,0,Learned,0.3828125
Totonacan,North America,0.01,1,Freq,0.4296875
Totonacan,North America,0.01,1,T-CF,0.3515625
Totonacan,North America,0.01,1,Learned,0.25
Totonacan,North America,0.01,2,Freq,0.4609375
Totonacan,North America,0.01,2,T-CF,0.2109375
Totonacan,North America,0.01,2,Learned,0.234375
Totonacan,North America,0.01,3,Freq,0.4609375
Totonacan,North America,0.01,3,T-CF,0.2265625
Totonacan,North America,0.01,3,Learned,0.3359375
Totonacan,North America,0.01,4,Freq,0.453125
Totonacan,North America,0.01,4,T-CF,0.171875
Totonacan,North America,0.01,4,Learned,0.296875
Totonacan,North America,0.05,0,Freq,0.4296875
Totonacan,North America,0.05,0,T-CF,0.4765625
Totonacan,North America,0.05,0,Learned,0.453125
Totonacan,North America,0.05,1,Freq,0.4296875
Totonacan,North America,0.05,1,T-CF,0.5
Totonacan,North America,0.05,1,Learned,0.40625
Totonacan,North America,0.05,2,Freq,0.4609375
Totonacan,North America,0.05,2,T-CF,0.4375
Totonacan,North America,0.05,2,Learned,0.390625
Totonacan,North America,0.05,3,Freq,0.4609375
Totonacan,North America,0.05,3,T-CF,0.4296875
Totonacan,North America,0.05,3,Learned,0.4296875
Totonacan,North America,0.05,4,Freq,0.453125
Totonacan,North America,0.05,4,T-CF,0.4609375
Totonacan,North America,0.05,4,Learned,0.4609375
Totonacan,North America,0.1,0,Freq,0.4296875
Totonacan,North America,0.1,0,T-CF,0.53125
Totonacan,North America,0.1,0,Learned,0.5390625
Totonacan,North America,0.1,1,Freq,0.4296875
Totonacan,North America,0.1,1,T-CF,0.5234375
Totonacan,North America,0.1,1,Learned,0.5078125
Totonacan,North America,0.1,2,Freq,0.4609375
Totonacan,North America,0.1,2,T-CF,0.4609375
Totonacan,North America,0.1,2,Learned,0.453125
Totonacan,North America,0.1,3,Freq,0.4609375
Totonacan,North America,0.1,3,T-CF,0.4921875
Totonacan,North America,0.1,3,Learned,0.59375
Totonacan,North America,0.1,4,Freq,0.453125
Totonacan,North America,0.1,4,T-CF,0.5078125
Totonacan,North America,0.1,4,Learned,0.578125
Totonacan,North America,0.2,0,Freq,0.4296875
Totonacan,North America,0.2,0,T-CF,0.5
Totonacan,North America,0.2,0,Learned,0.6171875
Totonacan,North America,0.2,1,Freq,0.4296875
Totonacan,North America,0.2,1,T-CF,0.53125
Totonacan,North America,0.2,1,Learned,0.5859375
Totonacan,North America,0.2,2,Freq,0.4609375
Totonacan,North America,0.2,2,T-CF,0.515625
Totonacan,North America,0.2,2,Learned,0.5625
Totonacan,North America,0.2,3,Freq,0.4609375
Totonacan,North America,0.2,3,T-CF,0.5078125
Totonacan,North America,0.2,3,Learned,0.6796875
Totonacan,North America,0.2,4,Freq,0.453125
Totonacan,North America,0.2,4,T-CF,0.4765625
Totonacan,North America,0.2,4,Learned,0.6328125
