branch,macroarea,in_branch_frac,repeat,model,f1
Austronesian,Papunesia,0.0,0,Freq,0.7232580804933775
Austronesian,Papunesia,0.0,0,T-CF,0.4926424771125917
Austronesian,Papunesia,0.0,0,Learned,0.4938727252392593
Austronesian,Papunesia,0.0,1,Freq,0.720733675246449
Austronesian,Papunesia,0.0,1,T-CF,0.48883989199380085
Austronesian,Papunesia,0.0,1,Learned,0.506942114429053
Austronesian,Papunesia,0.0,2,Freq,0.7222834683410823
Austronesian,Papunesia,0.0,2,T-CF,0.486746872453626
Austronesian,Papunesia,0.0,2,Learned,0.5046413906597006
Austronesian,Papunesia,0.0,3,Freq,0.7227308312962342
Austronesian,Papunesia,0.0,3,T-CF,0.5064468197287063
Austronesian,Papunesia,0.0,3,Learned,0.48014826886513606
Austronesian,Papunesia,0.0,4,Freq,0.7221556503538961
Austronesian,Papunesia,0.0,4,T-CF,0.49499113262713895
Austronesian,Papunesia,0.0,4,Learned,0.5002636245985717
Austronesian,Papunesia,0.01,0,Freq,0.725223282046366
Austronesian,Papunesia,0.01,0,T-CF,0.6231446420297496
Austronesian,Papunesia,0.01,0,Learned,0.6320599466359903
Austronesian,Papunesia,0.01,1,Freq,0.7226349678058445
Austronesian,Papunesia,0.01,1,T-CF,0.6452092220677755
Austronesian,Papunesia,0.01,1,Learned,0.6484046717474317
Austronesian,Papunesia,0.01,2,Freq,0.7222834683410823
Austronesian,Papunesia,0.01,2,T-CF,0.6277301123200563
Austronesian,Papunesia,0.01,2,Learned,0.6246784578759846
Austronesian,Papunesia,0.01,3,Freq,0.7227308312962342
Austronesian,Papunesia,0.01,3,T-CF,0.6343926249021393
Austronesian,Papunesia,0.01,3,Learned,0.6362619629647382
Austronesian,Papunesia,0.01,4,Freq,0.7221556503538961
Austronesian,Papunesia,0.01,4,T-CF,0.6382271645177268
Austronesian,Papunesia,0.01,4,Learned,0.6399527073447411
Austronesian,Papunesia,0.05,0,Freq,0.725223282046366
Austronesian,Papunesia,0.05,0,T-CF,0.7136717314544089
Austronesian,Papunesia,0.05,0,Learned,0.7209893112208215
Austronesian,Papunesia,0.05,1,Freq,0.7226349678058445
Austronesian,Papunesia,0.05,1,T-CF,0.709517646870856
Austronesian,Papunesia,0.05,1,Learned,0.7154611832750164
Austronesian,Papunesia,0.05,2,Freq,0.7247599418428158
Austronesian,Papunesia,0.05,2,T-CF,0.7248078735880107
Austronesian,Papunesia,0.05,2,Learned,0.7262777804406525
Austronesian,Papunesia,0.05,3,Freq,0.7249356915751969
Austronesian,Papunesia,0.05,3,T-CF,0.7201265398073143
Austronesian,Papunesia,0.05,3,Learned,0.72704468836377
Austronesian,Papunesia,0.05,4,Freq,0.7267570978926009
Austronesian,Papunesia,0.05,4,T-CF,0.7187205419482656
Austronesian,Papunesia,0.05,4,Learned,0.7211011519596096
Austronesian,Papunesia,0.1,0,Freq,0.7298886385786639
Austronesian,Papunesia,0.1,0,T-CF,0.7407212129926984
Austronesian,Papunesia,0.1,0,Learned,0.7576411190464778
Austronesian,Papunesia,0.1,1,Freq,0.7275080285673201
Austronesian,Papunesia,0.1,1,T-CF,0.7383406029813545
Austronesian,Papunesia,0.1,1,Learned,0.7445717298566841
Austronesian,Papunesia,0.1,2,Freq,0.729153685152343
Austronesian,Papunesia,0.1,2,T-CF,0.7403058045343431
Austronesian,Papunesia,0.1,2,Learned,0.7528958762721885
Austronesian,Papunesia,0.1,3,Freq,0.7249356915751969
Austronesian,Papunesia,0.1,3,T-CF,0.7429580277684578
Austronesian,Papunesia,0.1,3,Learned,0.7493009953825752
Austronesian,Papunesia,0.1,4,Freq,0.7293454121331224
Austronesian,Papunesia,0.1,4,T-CF,0.7379411717713975
Austronesian,Papunesia,0.1,4,Learned,0.7500679033056927
Austronesian,Papunesia,0.2,0,Freq,0.7347616993401397
Austronesian,Papunesia,0.2,0,T-CF,0.7552924635319306
Austronesian,Papunesia,0.2,0,Learned,0.7673552860726326
Austronesian,Papunesia,0.2,1,Freq,0.7352729712888846
Austronesian,Papunesia,0.2,1,T-CF,0.7482145424914921
Austronesian,Papunesia,0.2,1,Learned,0.76561376599722
Austronesian,Papunesia,0.2,2,Freq,0.736998514115899
Austronesian,Papunesia,0.2,2,T-CF,0.7559315534678618
Austronesian,Papunesia,0.2,2,Learned,0.7646231765965266
Austronesian,Papunesia,0.2,3,Freq,0.7378133537842113
Austronesian,Papunesia,0.2,3,T-CF,0.7526881720430108
Austronesian,Papunesia,0.2,3,Learned,0.76663630989471
Austronesian,Papunesia,0.2,4,Freq,0.7342983591365895
Austronesian,Papunesia,0.2,4,T-CF,0.7450510473086325
Austronesian,Papunesia,0.2,4,Learned,0.7651344485452716
Atlantic-Congo,Africa,0.0,0,Freq,0.7348001979103
Atlantic-Congo,Africa,0.0,0,T-CF,0.4820571029424605
Atlantic-Congo,Africa,0.0,0,Learned,0.49567798830000875
Atlantic-Congo,Africa,0.0,1,Freq,0.7327628859978462
Atlantic-Congo,Africa,0.0,1,T-CF,0.4819697895747839
Atlantic-Congo,Africa,0.0,1,Learned,0.49436828778485986
Atlantic-Congo,Africa,0.0,2,Freq,0.7338688553217497
Atlantic-Congo,Africa,0.0,2,T-CF,0.49643470415320584
Atlantic-Congo,Africa,0.0,2,Learned,0.4897115748421083
Atlantic-Congo,Africa,0.0,3,Freq,0.7349166157338689
Atlantic-Congo,Africa,0.0,3,T-CF,0.49125411100439476
Atlantic-Congo,Africa,0.0,3,Learned,0.5021973864198609
Atlantic-Congo,Africa,0.0,4,Freq,0.7348001979103
Atlantic-Congo,Africa,0.0,4,T-CF,0.49268022934311245
Atlantic-Congo,Africa,0.0,4,Learned,0.5033906691114409
Atlantic-Congo,Africa,0.01,0,Freq,0.7348001979103
Atlantic-Congo,Africa,0.01,0,T-CF,0.6360196746121831
Atlantic-Congo,Africa,0.01,0,Learned,0.6287435606391338
Atlantic-Congo,Africa,0.01,1,Freq,0.7327628859978462
Atlantic-Congo,Africa,0.01,1,T-CF,0.6200413283273669
Atlantic-Congo,Africa,0.01,1,Learned,0.6116883494863063
Atlantic-Congo,Africa,0.01,2,Freq,0.7338688553217497
Atlantic-Congo,Africa,0.01,2,T-CF,0.6113390960156
Atlantic-Congo,Africa,0.01,2,Learned,0.6121831252364737
Atlantic-Congo,Africa,0.01,3,Freq,0.7349166157338689
Atlantic-Congo,Africa,0.01,3,T-CF,0.6195465525771996
Atlantic-Congo,Africa,0.01,3,Learned,0.6178293896795599
Atlantic-Congo,Africa,0.01,4,Freq,0.7348001979103
Atlantic-Congo,Africa,0.01,4,T-CF,0.643092057393987
Atlantic-Congo,Africa,0.01,4,Learned,0.6345935562734655
Atlantic-Congo,Africa,0.05,0,Freq,0.7348001979103
Atlantic-Congo,Africa,0.05,0,T-CF,0.7040658924881399
Atlantic-Congo,Africa,0.05,0,Learned,0.6919293343810937
Atlantic-Congo,Africa,0.05,1,Freq,0.7327628859978462
Atlantic-Congo,Africa,0.05,1,T-CF,0.7024942518699613
Atlantic-Congo,Africa,0.05,1,Learned,0.6958293314706482
Atlantic-Congo,Africa,0.05,2,Freq,0.7338688553217497
Atlantic-Congo,Africa,0.05,2,T-CF,0.7031054454436975
Atlantic-Congo,Africa,0.05,2,Learned,0.7004569399575075
Atlantic-Congo,Africa,0.05,3,Freq,0.7349166157338689
Atlantic-Congo,Africa,0.05,3,T-CF,0.6960330626618936
Atlantic-Congo,Africa,0.05,3,Learned,0.6910270962484356
Atlantic-Congo,Africa,0.05,4,Freq,0.7348001979103
Atlantic-Congo,Africa,0.05,4,T-CF,0.7146308099770075
Atlantic-Congo,Africa,0.05,4,Learned,0.7025815652376379
Atlantic-Congo,Africa,0.1,0,Freq,0.7348001979103
Atlantic-Congo,Africa,0.1,0,T-CF,0.7260688611426409
Atlantic-Congo,Africa,0.1,0,Learned,0.7188218516254838
Atlantic-Congo,Africa,0.1,1,Freq,0.7327628859978462
Atlantic-Congo,Africa,0.1,1,T-CF,0.727553188393143
Atlantic-Congo,Africa,0.1,1,Learned,0.7170464798160598
Atlantic-Congo,Africa,0.1,2,Freq,0.7338688553217497
Atlantic-Congo,Africa,0.1,2,T-CF,0.7216740883029191
Atlantic-Congo,Africa,0.1,2,Learned,0.7150673768153905
Atlantic-Congo,Africa,0.1,3,Freq,0.7349166157338689
Atlantic-Congo,Africa,0.1,3,T-CF,0.7198987164934951
Atlantic-Congo,Africa,0.1,3,Learned,0.7167554352571379
Atlantic-Congo,Africa,0.1,4,Freq,0.7348001979103
Atlantic-Congo,Africa,0.1,4,T-CF,0.7295031869379202
Atlantic-Congo,Africa,0.1,4,Learned,0.7251084140981985
Atlantic-Congo,Africa,0.2,0,Freq,0.7397188509560814
Atlantic-Congo,Africa,0.2,0,T-CF,0.7255449809365814
Atlantic-Congo,Africa,0.2,0,Learned,0.7362554207049099
Atlantic-Congo,Africa,0.2,1,Freq,0.7375651212200588
Atlantic-Congo,Africa,0.2,1,T-CF,0.733752437498181
Atlantic-Congo,Africa,0.2,1,Learned,0.7336942285863965
Atlantic-Congo,Africa,0.2,2,Freq,0.7338688553217497
Atlantic-Congo,Africa,0.2,2,T-CF,0.7359352716900958
Atlantic-Congo,Africa,0.2,2,Learned,0.735818853866527
Atlantic-Congo,Africa,0.2,3,Freq,0.7349166157338689
Atlantic-Congo,Africa,0.2,3,T-CF,0.737303181117029
Atlantic-Congo,Africa,0.2,3,Learned,0.7400681044267877
Atlantic-Congo,Africa,0.2,4,Freq,0.7348001979103
Atlantic-Congo,Africa,0.2,4,T-CF,0.7306091562618237
Atlantic-Congo,Africa,0.2,4,Learned,0.7349166157338689
Sino-Tibetan,Eurasia,0.0,0,Freq,0.7528102775866025
Sino-Tibetan,Eurasia,0.0,0,T-CF,0.48420891641813874
Sino-Tibetan,Eurasia,0.0,0,Learned,0.4827177487191252
Sino-Tibetan,Eurasia,0.0,1,Freq,0.7545690907700543
Sino-Tibetan,Eurasia,0.0,1,T-CF,0.5025617496367668
Sino-Tibetan,Eurasia,0.0,1,Learned,0.4939588590655349
Sino-Tibetan,Eurasia,0.0,2,Freq,0.7537661543167393
Sino-Tibetan,Eurasia,0.0,2,T-CF,0.513917565190793
Sino-Tibetan,Eurasia,0.0,2,Learned,0.4757589661237287
Sino-Tibetan,Eurasia,0.0,3,Freq,0.7521220463409038
Sino-Tibetan,Eurasia,0.0,3,T-CF,0.48749713236980957
Sino-Tibetan,Eurasia,0.0,3,Learned,0.5076087787718896
Sino-Tibetan,Eurasia,0.0,4,Freq,0.7541102699395886
Sino-Tibetan,Eurasia,0.0,4,T-CF,0.4903647625602202
Sino-Tibetan,Eurasia,0.0,4,Learned,0.51166169610767
Sino-Tibetan,Eurasia,0.01,0,Freq,0.7528102775866025
Sino-Tibetan,Eurasia,0.01,0,T-CF,0.6599372944865031
Sino-Tibetan,Eurasia,0.01,0,Learned,0.6643725625143382
Sino-Tibetan,Eurasia,0.01,1,Freq,0.7545690907700543
Sino-Tibetan,Eurasia,0.01,1,T-CF,0.669993117687543
Sino-Tibetan,Eurasia,0.01,1,Learned,0.6665519614590503
Sino-Tibetan,Eurasia,0.01,2,Freq,0.7537661543167393
Sino-Tibetan,Eurasia,0.01,2,T-CF,0.673778389538885
Sino-Tibetan,Eurasia,0.01,2,Learned,0.6701842930335704
Sino-Tibetan,Eurasia,0.01,3,Freq,0.7521220463409038
Sino-Tibetan,Eurasia,0.01,3,T-CF,0.6709872294868854
Sino-Tibetan,Eurasia,0.01,3,Learned,0.6749254416150493
Sino-Tibetan,Eurasia,0.01,4,Freq,0.7541102699395886
Sino-Tibetan,Eurasia,0.01,4,T-CF,0.6590196528255716
Sino-Tibetan,Eurasia,0.01,4,Learned,0.6569931941576814
Sino-Tibetan,Eurasia,0.05,0,Freq,0.7528102775866025
Sino-Tibetan,Eurasia,0.05,0,T-CF,0.7441309168769595
Sino-Tibetan,Eurasia,0.05,0,Learned,0.748107364074329
Sino-Tibetan,Eurasia,0.05,1,Freq,0.7545690907700543
Sino-Tibetan,Eurasia,0.05,1,T-CF,0.7666513726389845
Sino-Tibetan,Eurasia,0.05,1,Learned,0.7625219851647932
Sino-Tibetan,Eurasia,0.05,2,Freq,0.7537661543167393
Sino-Tibetan,Eurasia,0.05,2,T-CF,0.7505161734342739
Sino-Tibetan,Eurasia,0.05,2,Learned,0.7570543702684102
Sino-Tibetan,Eurasia,0.05,3,Freq,0.7521220463409038
Sino-Tibetan,Eurasia,0.05,3,T-CF,0.7571308404068211
Sino-Tibetan,Eurasia,0.05,3,Learned,0.7569014299915883
Sino-Tibetan,Eurasia,0.05,4,Freq,0.7541102699395886
Sino-Tibetan,Eurasia,0.05,4,T-CF,0.7560984935382733
Sino-Tibetan,Eurasia,0.05,4,Learned,0.7571308404068211
Sino-Tibetan,Eurasia,0.1,0,Freq,0.7540337998011777
Sino-Tibetan,Eurasia,0.1,0,T-CF,0.7667278427773955
Sino-Tibetan,Eurasia,0.1,0,Learned,0.7708954653207922
Sino-Tibetan,Eurasia,0.1,1,Freq,0.7545690907700543
Sino-Tibetan,Eurasia,0.1,1,T-CF,0.7676837195075323
Sino-Tibetan,Eurasia,0.1,1,Learned,0.7742219163416686
Sino-Tibetan,Eurasia,0.1,2,Freq,0.7537661543167393
Sino-Tibetan,Eurasia,0.1,2,T-CF,0.7640131528638067
Sino-Tibetan,Eurasia,0.1,2,Learned,0.7746042670337233
Sino-Tibetan,Eurasia,0.1,3,Freq,0.7521220463409038
Sino-Tibetan,Eurasia,0.1,3,T-CF,0.7647013841095053
Sino-Tibetan,Eurasia,0.1,3,Learned,0.7700160587290663
Sino-Tibetan,Eurasia,0.1,4,Freq,0.7541102699395886
Sino-Tibetan,Eurasia,0.1,4,T-CF,0.7605719966353139
Sino-Tibetan,Eurasia,0.1,4,Learned,0.7707425250439703
Sino-Tibetan,Eurasia,0.2,0,Freq,0.7540337998011777
Sino-Tibetan,Eurasia,0.2,0,T-CF,0.7649307945247381
Sino-Tibetan,Eurasia,0.2,0,Learned,0.7819836353903801
Sino-Tibetan,Eurasia,0.2,1,Freq,0.755677907777013
Sino-Tibetan,Eurasia,0.2,1,T-CF,0.7707807601131758
Sino-Tibetan,Eurasia,0.2,1,Learned,0.7841630343350922
Sino-Tibetan,Eurasia,0.2,2,Freq,0.7537661543167393
Sino-Tibetan,Eurasia,0.2,2,T-CF,0.7667278427773955
Sino-Tibetan,Eurasia,0.2,2,Learned,0.783665978435421
Sino-Tibetan,Eurasia,0.2,3,Freq,0.7521220463409038
Sino-Tibetan,Eurasia,0.2,3,T-CF,0.7682954806148199
Sino-Tibetan,Eurasia,0.2,3,Learned,0.7844689148887359
Sino-Tibetan,Eurasia,0.2,4,Freq,0.7541102699395886
Sino-Tibetan,Eurasia,0.2,4,T-CF,0.7665749025005735
Sino-Tibetan,Eurasia,0.2,4,Learned,0.786724783971859
Afro-Asiatic,Africa,0.0,0,Freq,0.7180778361268974
Afro-Asiatic,Africa,0.0,0,T-CF,0.48190777641896265
Afro-Asiatic,Africa,0.0,0,Learned,0.47550535932666715
Afro-Asiatic,Africa,0.0,1,Freq,0.7189410833752967
Afro-Asiatic,Africa,0.0,1,T-CF,0.49363355154305444
Afro-Asiatic,Africa,0.0,1,Learned,0.48492914178836055
Afro-Asiatic,Africa,0.0,2,Freq,0.7163513416300985
Afro-Asiatic,Africa,0.0,2,T-CF,0.5037767067117473
Afro-Asiatic,Africa,0.0,2,Learned,0.4705416876483706
Afro-Asiatic,Africa,0.0,3,Freq,0.715775843464499
Afro-Asiatic,Africa,0.0,3,T-CF,0.5381627221063233
Afro-Asiatic,Africa,0.0,3,Learned,0.484281706352061
Afro-Asiatic,Africa,0.0,4,Freq,0.7159197180058988
Afro-Asiatic,Africa,0.0,4,T-CF,0.4932738651895547
Afro-Asiatic,Africa,0.0,4,Learned,0.5167254154377383
Afro-Asiatic,Africa,0.01,0,Freq,0.7180778361268974
Afro-Asiatic,Africa,0.01,0,T-CF,0.6244874469462629
Afro-Asiatic,Africa,0.01,0,Learned,0.5995252140133803
Afro-Asiatic,Africa,0.01,1,Freq,0.7189410833752967
Afro-Asiatic,Africa,0.01,1,T-CF,0.6347744766563557
Afro-Asiatic,Africa,0.01,1,Learned,0.62858787137616
Afro-Asiatic,Africa,0.01,2,Freq,0.7163513416300985
Afro-Asiatic,Africa,0.01,2,T-CF,0.6258542550895619
Afro-Asiatic,Africa,0.01,2,Learned,0.632976044888857
Afro-Asiatic,Africa,0.01,3,Freq,0.715775843464499
Afro-Asiatic,Africa,0.01,3,T-CF,0.6157830371915689
Afro-Asiatic,Africa,0.01,3,Learned,0.615711099920869
Afro-Asiatic,Africa,0.01,4,Freq,0.7159197180058988
Afro-Asiatic,Africa,0.01,4,T-CF,0.6290194950003597
Afro-Asiatic,Africa,0.01,4,Learned,0.6298827422487591
Afro-Asiatic,Africa,0.05,0,Freq,0.7180778361268974
Afro-Asiatic,Africa,0.05,0,T-CF,0.7005970793468096
Afro-Asiatic,Africa,0.05,0,Learned,0.6983670239551112
Afro-Asiatic,Africa,0.05,1,Freq,0.7189410833752967
Afro-Asiatic,Africa,0.05,1,T-CF,0.6895906769297173
Afro-Asiatic,Africa,0.05,1,Learned,0.695705344939213
Afro-Asiatic,Africa,0.05,2,Freq,0.7163513416300985
Afro-Asiatic,Africa,0.05,2,T-CF,0.6856341270412201
Afro-Asiatic,Africa,0.05,2,Learned,0.6872167469966189
Afro-Asiatic,Africa,0.05,3,Freq,0.715775843464499
Afro-Asiatic,Africa,0.05,3,T-CF,0.6868570606431192
Afro-Asiatic,Africa,0.05,3,Learned,0.6925401050284152
Afro-Asiatic,Africa,0.05,4,Freq,0.7159197180058988
Afro-Asiatic,Africa,0.05,4,T-CF,0.7044097546939069
Afro-Asiatic,Africa,0.05,4,Learned,0.7175742752319977
Afro-Asiatic,Africa,0.1,0,Freq,0.7180778361268974
Afro-Asiatic,Africa,0.1,0,T-CF,0.717142651607798
Afro-Asiatic,Africa,0.1,0,Learned,0.7205956406013956
Afro-Asiatic,Africa,0.1,1,Freq,0.7189410833752967
Afro-Asiatic,Africa,0.1,1,T-CF,0.7190849579166967
Afro-Asiatic,Africa,0.1,1,Learned,0.7216746996618948
Afro-Asiatic,Africa,0.1,2,Freq,0.7163513416300985
Afro-Asiatic,Africa,0.1,2,T-CF,0.7075030573340048
Afro-Asiatic,Africa,0.1,2,Learned,0.7216027623911949
Afro-Asiatic,Africa,0.1,3,Freq,0.715775843464499
Afro-Asiatic,Africa,0.1,3,T-CF,0.7102366736206028
Afro-Asiatic,Africa,0.1,3,Learned,0.7165671534421985
Afro-Asiatic,Africa,0.1,4,Freq,0.7159197180058988
Afro-Asiatic,Africa,0.1,4,T-CF,0.7187252715631969
Afro-Asiatic,Africa,0.1,4,Learned,0.7266383713401914
Afro-Asiatic,Africa,0.2,0,Freq,0.7180778361268974
Afro-Asiatic,Africa,0.2,0,T-CF,0.7156319689230991
Afro-Asiatic,Africa,0.2,0,Learned,0.7354147183655853
Afro-Asiatic,Africa,0.2,1,Freq,0.7189410833752967
Afro-Asiatic,Africa,0.2,1,T-CF,0.7169987770663981
Afro-Asiatic,Africa,0.2,1,Learned,0.7341917847636861
Afro-Asiatic,Africa,0.2,2,Freq,0.7163513416300985
Afro-Asiatic,Africa,0.2,2,T-CF,0.7168549025249982
Afro-Asiatic,Africa,0.2,2,Learned,0.7310265448528883
Afro-Asiatic,Africa,0.2,3,Freq,0.715775843464499
Afro-Asiatic,Africa,0.2,3,T-CF,0.7206675778720956
Afro-Asiatic,Africa,0.2,3,Learned,0.7316020430184879
Afro-Asiatic,Africa,0.2,4,Freq,0.7159197180058988
Afro-Asiatic,Africa,0.2,4,T-CF,0.722825695993094
Afro-Asiatic,Africa,0.2,4,Learned,0.7376447737572837
Pama-Nyungan,Australia,0.0,0,Freq,0.7334148994018488
Pama-Nyungan,Australia,0.0,0,T-CF,0.48355084284937466
Pama-Nyungan,Australia,0.0,0,Learned,0.5129146275149538
Pama-Nyungan,Australia,0.0,1,Freq,0.736541598694943
Pama-Nyungan,Australia,0.0,1,T-CF,0.533442088091354
Pama-Nyungan,Australia,0.0,1,Learned,0.49524197933659597
Pama-Nyungan,Australia,0.0,2,Freq,0.7347743338771071
Pama-Nyungan,Australia,0.0,2,T-CF,0.4813757476889614
Pama-Nyungan,Australia,0.0,2,Learned,0.4930668841761827
Pama-Nyungan,Australia,0.0,3,Freq,0.7317835780315389
Pama-Nyungan,Australia,0.0,3,T-CF,0.5152256661228929
Pama-Nyungan,Australia,0.0,3,Learned,0.46805328983143013
Pama-Nyungan,Australia,0.0,4,Freq,0.7359978249048396
Pama-Nyungan,Australia,0.0,4,T-CF,0.5216150081566069
Pama-Nyungan,Australia,0.0,4,Learned,0.47702555736813484
Pama-Nyungan,Australia,0.01,0,Freq,0.7334148994018488
Pama-Nyungan,Australia,0.01,0,T-CF,0.6069874932028276
Pama-Nyungan,Australia,0.01,0,Learned,0.6033170201196303
Pama-Nyungan,Australia,0.01,1,Freq,0.736541598694943
Pama-Nyungan,Australia,0.01,1,T-CF,0.5918977705274606
Pama-Nyungan,Australia,0.01,1,Learned,0.6027732463295269
Pama-Nyungan,Australia,0.01,2,Freq,0.7347743338771071
Pama-Nyungan,Australia,0.01,2,T-CF,0.6604132680804785
Pama-Nyungan,Australia,0.01,2,Learned,0.6511691136487221
Pama-Nyungan,Australia,0.01,3,Freq,0.736541598694943
Pama-Nyungan,Australia,0.01,3,T-CF,0.6525285481239804
Pama-Nyungan,Australia,0.01,3,Learned,0.6030451332245785
Pama-Nyungan,Australia,0.01,4,Freq,0.7359978249048396
Pama-Nyungan,Australia,0.01,4,T-CF,0.6867862969004894
Pama-Nyungan,Australia,0.01,4,Learned,0.6810766721044046
Pama-Nyungan,Australia,0.05,0,Freq,0.7408917890157695
Pama-Nyungan,Australia,0.05,0,T-CF,0.704594888526373
Pama-Nyungan,Australia,0.05,0,Learned,0.6994290375203915
Pama-Nyungan,Australia,0.05,1,Freq,0.7434747145187602
Pama-Nyungan,Australia,0.05,1,T-CF,0.715742251223491
Pama-Nyungan,Australia,0.05,1,Learned,0.7145187601957586
Pama-Nyungan,Australia,0.05,2,Freq,0.7347743338771071
Pama-Nyungan,Australia,0.05,2,T-CF,0.7029635671560631
Pama-Nyungan,Australia,0.05,2,Learned,0.6984774333877107
Pama-Nyungan,Australia,0.05,3,Freq,0.736541598694943
Pama-Nyungan,Australia,0.05,3,T-CF,0.7018760195758564
Pama-Nyungan,Australia,0.05,3,Learned,0.6994290375203915
Pama-Nyungan,Australia,0.05,4,Freq,0.743610657966286
Pama-Nyungan,Australia,0.05,4,T-CF,0.717373572593801
Pama-Nyungan,Australia,0.05,4,Learned,0.6968461120174008
Pama-Nyungan,Australia,0.1,0,Freq,0.7408917890157695
Pama-Nyungan,Australia,0.1,0,T-CF,0.7294725394235998
Pama-Nyungan,Australia,0.1,0,Learned,0.7290647090810223
Pama-Nyungan,Australia,0.1,1,Freq,0.7434747145187602
Pama-Nyungan,Australia,0.1,1,T-CF,0.7369494290375204
Pama-Nyungan,Australia,0.1,1,Learned,0.7202283849918434
Pama-Nyungan,Australia,0.1,2,Freq,0.7429309407286568
Pama-Nyungan,Australia,0.1,2,T-CF,0.7309679173463839
Pama-Nyungan,Australia,0.1,2,Learned,0.7289287656334965
Pama-Nyungan,Australia,0.1,3,Freq,0.7400761283306144
Pama-Nyungan,Australia,0.1,3,T-CF,0.7228113104948342
Pama-Nyungan,Australia,0.1,3,Learned,0.7214518760195758
Pama-Nyungan,Australia,0.1,4,Freq,0.743610657966286
Pama-Nyungan,Australia,0.1,4,T-CF,0.7172376291462752
Pama-Nyungan,Australia,0.1,4,Learned,0.7119358346927678
Pama-Nyungan,Australia,0.2,0,Freq,0.7408917890157695
Pama-Nyungan,Australia,0.2,0,T-CF,0.7426590538336052
Pama-Nyungan,Australia,0.2,0,Learned,0.7430668841761827
Pama-Nyungan,Australia,0.2,1,Freq,0.7434747145187602
Pama-Nyungan,Australia,0.2,1,T-CF,0.744426318651441
Pama-Nyungan,Australia,0.2,1,Learned,0.7489124524197933
Pama-Nyungan,Australia,0.2,2,Freq,0.7429309407286568
Pama-Nyungan,Australia,0.2,2,T-CF,0.7353181076672104
Pama-Nyungan,Australia,0.2,2,Learned,0.7403480152256662
Pama-Nyungan,Australia,0.2,3,Freq,0.7400761283306144
Pama-Nyungan,Australia,0.2,3,T-CF,0.7361337683523654
Pama-Nyungan,Australia,0.2,3,Learned,0.736541598694943
Pama-Nyungan,Australia,0.2,4,Freq,0.743610657966286
Pama-Nyungan,Australia,0.2,4,T-CF,0.7485046220772159
Pama-Nyungan,Australia,0.2,4,Learned,0.743610657966286
Austroasiatic,Eurasia,0.0,0,Freq,0.7979705733130391
Austroasiatic,Eurasia,0.0,0,T-CF,0.5104008117706748
Austroasiatic,Eurasia,0.0,0,Learned,0.4856418061897514
Austroasiatic,Eurasia,0.0,1,Freq,0.8006088280060882
Austroasiatic,Eurasia,0.0,1,T-CF,0.5092846270928463
Austroasiatic,Eurasia,0.0,1,Learned,0.48970065956367326
Austroasiatic,Eurasia,0.0,2,Freq,0.802029426686961
Austroasiatic,Eurasia,0.0,2,T-CF,0.5190258751902588
Austroasiatic,Eurasia,0.0,2,Learned,0.5114155251141552
Austroasiatic,Eurasia,0.0,3,Freq,0.7994926433282598
Austroasiatic,Eurasia,0.0,3,T-CF,0.4922374429223744
Austroasiatic,Eurasia,0.0,3,Learned,0.5215626585489599
Austroasiatic,Eurasia,0.0,4,Freq,0.7996955859969559
Austroasiatic,Eurasia,0.0,4,T-CF,0.47620497209538304
Austroasiatic,Eurasia,0.0,4,Learned,0.5101978691019787
Austroasiatic,Eurasia,0.01,0,Freq,0.7979705733130391
Austroasiatic,Eurasia,0.01,0,T-CF,0.7097919837645865
Austroasiatic,Eurasia,0.01,0,Learned,0.7030948756976154
Austroasiatic,Eurasia,0.01,1,Freq,0.8006088280060882
Austroasiatic,Eurasia,0.01,1,T-CF,0.7410451547437849
Austroasiatic,Eurasia,0.01,1,Learned,0.7427701674277016
Austroasiatic,Eurasia,0.01,2,Freq,0.802029426686961
Austroasiatic,Eurasia,0.01,2,T-CF,0.715169964485033
Austroasiatic,Eurasia,0.01,2,Learned,0.715372907153729
Austroasiatic,Eurasia,0.01,3,Freq,0.7994926433282598
Austroasiatic,Eurasia,0.01,3,T-CF,0.7091831557584982
Austroasiatic,Eurasia,0.01,3,Learned,0.6987316083206494
Austroasiatic,Eurasia,0.01,4,Freq,0.7996955859969559
Austroasiatic,Eurasia,0.01,4,T-CF,0.7416539827498732
Austroasiatic,Eurasia,0.01,4,Learned,0.7476407914764079
Austroasiatic,Eurasia,0.05,0,Freq,0.7979705733130391
Austroasiatic,Eurasia,0.05,0,T-CF,0.8035514967021816
Austroasiatic,Eurasia,0.05,0,Learned,0.8111618467782852
Austroasiatic,Eurasia,0.05,1,Freq,0.8006088280060882
Austroasiatic,Eurasia,0.05,1,T-CF,0.8037544393708778
Austroasiatic,Eurasia,0.05,1,Learned,0.8082191780821918
Austroasiatic,Eurasia,0.05,2,Freq,0.802029426686961
Austroasiatic,Eurasia,0.05,2,T-CF,0.8016235413495687
Austroasiatic,Eurasia,0.05,2,Learned,0.8082191780821918
Austroasiatic,Eurasia,0.05,3,Freq,0.7994926433282598
Austroasiatic,Eurasia,0.05,3,T-CF,0.7951293759512937
Austroasiatic,Eurasia,0.05,3,Learned,0.7996955859969559
Austroasiatic,Eurasia,0.05,4,Freq,0.7996955859969559
Austroasiatic,Eurasia,0.05,4,T-CF,0.8144089294774226
Austroasiatic,Eurasia,0.05,4,Learned,0.8134956874682903
Austroasiatic,Eurasia,0.1,0,Freq,0.7979705733130391
Austroasiatic,Eurasia,0.1,0,T-CF,0.8079147640791476
Austroasiatic,Eurasia,0.1,0,Learned,0.8189751395230848
Austroasiatic,Eurasia,0.1,1,Freq,0.8006088280060882
Austroasiatic,Eurasia,0.1,1,T-CF,0.8015220700152207
Austroasiatic,Eurasia,0.1,1,Learned,0.8147133434804668
Austroasiatic,Eurasia,0.1,2,Freq,0.802029426686961
Austroasiatic,Eurasia,0.1,2,T-CF,0.8085235920852359
Austroasiatic,Eurasia,0.1,2,Learned,0.823947234906139
Austroasiatic,Eurasia,0.1,3,Freq,0.7994926433282598
Austroasiatic,Eurasia,0.1,3,T-CF,0.8135971588026383
Austroasiatic,Eurasia,0.1,3,Learned,0.8166412988330797
Austroasiatic,Eurasia,0.1,4,Freq,0.7996955859969559
Austroasiatic,Eurasia,0.1,4,T-CF,0.8135971588026383
Austroasiatic,Eurasia,0.1,4,Learned,0.8179604261796043
Austroasiatic,Eurasia,0.2,0,Freq,0.7979705733130391
Austroasiatic,Eurasia,0.2,0,T-CF,0.8054794520547945
Austroasiatic,Eurasia,0.2,0,Learned,0.8236428209030949
Austroasiatic,Eurasia,0.2,1,Freq,0.8006088280060882
Austroasiatic,Eurasia,0.2,1,T-CF,0.810857432775241
Austroasiatic,Eurasia,0.2,1,Learned,0.8280060882800608
Austroasiatic,Eurasia,0.2,2,Freq,0.802029426686961
Austroasiatic,Eurasia,0.2,2,T-CF,0.810857432775241
Austroasiatic,Eurasia,0.2,2,Learned,0.832572298325723
Austroasiatic,Eurasia,0.2,3,Freq,0.7994926433282598
Austroasiatic,Eurasia,0.2,3,T-CF,0.8212075088787417
Austroasiatic,Eurasia,0.2,3,Learned,0.828107559614409
Austroasiatic,Eurasia,0.2,4,Freq,0.7996955859969559
Austroasiatic,Eurasia,0.2,4,T-CF,0.8127853881278538
Austroasiatic,Eurasia,0.2,4,Learned,0.8273972602739726
Indo-European,Eurasia,0.0,0,Freq,0.6850694768255152
Indo-European,Eurasia,0.0,0,T-CF,0.4803692996362958
Indo-European,Eurasia,0.0,0,Learned,0.4856849762193416
Indo-European,Eurasia,0.0,1,Freq,0.6886132612142124
Indo-European,Eurasia,0.0,1,T-CF,0.45798750349715567
Indo-European,Eurasia,0.0,1,Learned,0.48605800615499395
Indo-European,Eurasia,0.0,2,Freq,0.688053716310734
Indo-European,Eurasia,0.0,2,T-CF,0.4904411078989089
Indo-European,Eurasia,0.0,2,Learned,0.482793994218036
Indo-European,Eurasia,0.0,3,Freq,0.6821784948242097
Indo-European,Eurasia,0.0,3,T-CF,0.5385619695980602
Indo-European,Eurasia,0.0,3,Learned,0.5358575025645808
Indo-European,Eurasia,0.0,4,Freq,0.6840436445024713
Indo-European,Eurasia,0.0,4,T-CF,0.5131959339737013
Indo-European,Eurasia,0.0,4,Learned,0.5125431315863098
Indo-European,Eurasia,0.01,0,Freq,0.6850694768255152
Indo-European,Eurasia,0.01,0,T-CF,0.6053343280798285
Indo-European,Eurasia,0.01,0,Learned,0.5986197892380863
Indo-European,Eurasia,0.01,1,Freq,0.6886132612142124
Indo-European,Eurasia,0.01,1,T-CF,0.6035624358854799
Indo-European,Eurasia,0.01,1,Learned,0.6092511424041779
Indo-European,Eurasia,0.01,2,Freq,0.6849762193416021
Indo-European,Eurasia,0.01,2,T-CF,0.6285554415741863
Indo-European,Eurasia,0.01,2,Learned,0.6288352140259256
Indo-European,Eurasia,0.01,3,Freq,0.6821784948242097
Indo-European,Eurasia,0.01,3,T-CF,0.599272591625478
Indo-European,Eurasia,0.01,3,Learned,0.5981535018185209
Indo-European,Eurasia,0.01,4,Freq,0.6840436445024713
Indo-European,Eurasia,0.01,4,T-CF,0.613727501632006
Indo-European,Eurasia,0.01,4,Learned,0.6045882682085237
Indo-European,Eurasia,0.05,0,Freq,0.6850694768255152
Indo-European,Eurasia,0.05,0,T-CF,0.6565326867481115
Indo-European,Eurasia,0.05,0,Learned,0.6578382915228947
Indo-European,Eurasia,0.05,1,Freq,0.6886132612142124
Indo-European,Eurasia,0.05,1,T-CF,0.6431036090646275
Indo-European,Eurasia,0.05,1,Learned,0.6466473934533247
Indo-European,Eurasia,0.05,2,Freq,0.6849762193416021
Indo-European,Eurasia,0.05,2,T-CF,0.6626876806863751
Indo-European,Eurasia,0.05,2,Learned,0.6749044110789891
Indo-European,Eurasia,0.05,3,Freq,0.6821784948242097
Indo-European,Eurasia,0.05,3,T-CF,0.6585843513941994
Indo-European,Eurasia,0.05,3,Learned,0.6679100997855077
Indo-European,Eurasia,0.05,4,Freq,0.6840436445024713
Indo-European,Eurasia,0.05,4,T-CF,0.664832602816376
Indo-European,Eurasia,0.05,4,Learned,0.6712673692063789
Indo-European,Eurasia,0.1,0,Freq,0.6850694768255152
Indo-European,Eurasia,0.1,0,T-CF,0.6940221952811713
Indo-European,Eurasia,0.1,0,Learned,0.6915042432155181
Indo-European,Eurasia,0.1,1,Freq,0.6886132612142124
Indo-European,Eurasia,0.1,1,T-CF,0.6787279679194256
Indo-European,Eurasia,0.1,1,Learned,0.6837638720507321
Indo-European,Eurasia,0.1,2,Freq,0.6849762193416021
Indo-European,Eurasia,0.1,2,T-CF,0.6888930336659517
Indo-European,Eurasia,0.1,2,Learned,0.6963536323789984
Indo-European,Eurasia,0.1,3,Freq,0.6821784948242097
Indo-European,Eurasia,0.1,3,T-CF,0.6900121234729087
Indo-European,Eurasia,0.1,3,Learned,0.6860020516646461
Indo-European,Eurasia,0.1,4,Freq,0.6840436445024713
Indo-European,Eurasia,0.1,4,T-CF,0.6868413690198638
Indo-European,Eurasia,0.1,4,Learned,0.6955143150237807
Indo-European,Eurasia,0.2,0,Freq,0.6850694768255152
Indo-European,Eurasia,0.2,0,T-CF,0.6929963629581274
Indo-European,Eurasia,0.2,0,Learned,0.7094096801268301
Indo-European,Eurasia,0.2,1,Freq,0.6886132612142124
Indo-European,Eurasia,0.2,1,T-CF,0.6911312132798657
Indo-European,Eurasia,0.2,1,Learned,0.701389536510305
Indo-European,Eurasia,0.2,2,Freq,0.688053716310734
Indo-European,Eurasia,0.2,2,T-CF,0.7050265783829153
Indo-European,Eurasia,0.2,2,Learned,0.7089433927072648
Indo-European,Eurasia,0.2,3,Freq,0.6821784948242097
Indo-European,Eurasia,0.2,3,T-CF,0.6977524946376946
Indo-European,Eurasia,0.2,3,Learned,0.7023221113494358
Indo-European,Eurasia,0.2,4,Freq,0.6840436445024713
Indo-European,Eurasia,0.2,4,T-CF,0.6966334048307377
Indo-European,Eurasia,0.2,4,Learned,0.7035344586403058
Nuclear Trans New Guinea,Papunesia,0.0,0,Freq,0.715509854327335
Nuclear Trans New Guinea,Papunesia,0.0,0,T-CF,0.5071408169094545
Nuclear Trans New Guinea,Papunesia,0.0,0,Learned,0.5071408169094545
Nuclear Trans New Guinea,Papunesia,0.0,1,Freq,0.7147957726363896
Nuclear Trans New Guinea,Papunesia,0.0,1,T-CF,0.5411311053984575
Nuclear Trans New Guinea,Papunesia,0.0,1,Learned,0.46986575264210223
Nuclear Trans New Guinea,Papunesia,0.0,2,Freq,0.7105112824907169
Nuclear Trans New Guinea,Papunesia,0.0,2,T-CF,0.46872322193658955
Nuclear Trans New Guinea,Papunesia,0.0,2,Learned,0.48314767209368753
Nuclear Trans New Guinea,Papunesia,0.0,3,Freq,0.7150814053127678
Nuclear Trans New Guinea,Papunesia,0.0,3,T-CF,0.48500428449014565
Nuclear Trans New Guinea,Papunesia,0.0,3,Learned,0.44001713796058267
Nuclear Trans New Guinea,Papunesia,0.0,4,Freq,0.7165095686946586
Nuclear Trans New Guinea,Papunesia,0.0,4,T-CF,0.4477292202227935
Nuclear Trans New Guinea,Papunesia,0.0,4,Learned,0.48686089688660383
Nuclear Trans New Guinea,Papunesia,0.01,0,Freq,0.715509854327335
Nuclear Trans New Guinea,Papunesia,0.01,0,T-CF,0.5966866609540131
Nuclear Trans New Guinea,Papunesia,0.01,0,Learned,0.6165381319622965
Nuclear Trans New Guinea,Papunesia,0.01,1,Freq,0.7147957726363896
Nuclear Trans New Guinea,Papunesia,0.01,1,T-CF,0.6186803770351328
Nuclear Trans New Guinea,Papunesia,0.01,1,Learned,0.6186803770351328
Nuclear Trans New Guinea,Papunesia,0.01,2,Freq,0.7105112824907169
Nuclear Trans New Guinea,Papunesia,0.01,2,T-CF,0.638246215367038
Nuclear Trans New Guinea,Papunesia,0.01,2,Learned,0.6165381319622965
Nuclear Trans New Guinea,Papunesia,0.01,3,Freq,0.7142245072836333
Nuclear Trans New Guinea,Papunesia,0.01,3,T-CF,0.6035418451870894
Nuclear Trans New Guinea,Papunesia,0.01,3,Learned,0.6005427020851185
Nuclear Trans New Guinea,Papunesia,0.01,4,Freq,0.7165095686946586
Nuclear Trans New Guinea,Papunesia,0.01,4,T-CF,0.6208226221079691
Nuclear Trans New Guinea,Papunesia,0.01,4,Learned,0.610968294772922
Nuclear Trans New Guinea,Papunesia,0.05,0,Freq,0.7146529562982005
Nuclear Trans New Guinea,Papunesia,0.05,0,T-CF,0.6760925449871465
Nuclear Trans New Guinea,Papunesia,0.05,0,Learned,0.6899457297914882
Nuclear Trans New Guinea,Papunesia,0.05,1,Freq,0.7147957726363896
Nuclear Trans New Guinea,Papunesia,0.05,1,T-CF,0.6725221365324193
Nuclear Trans New Guinea,Papunesia,0.05,1,Learned,0.6906598114824336
Nuclear Trans New Guinea,Papunesia,0.05,2,Freq,0.7105112824907169
Nuclear Trans New Guinea,Papunesia,0.05,2,T-CF,0.6860896886603828
Nuclear Trans New Guinea,Papunesia,0.05,2,Learned,0.6900885461296772
Nuclear Trans New Guinea,Papunesia,0.05,3,Freq,0.7150814053127678
Nuclear Trans New Guinea,Papunesia,0.05,3,T-CF,0.6745215652670665
Nuclear Trans New Guinea,Papunesia,0.05,3,Learned,0.6935161382462154
Nuclear Trans New Guinea,Papunesia,0.05,4,Freq,0.7165095686946586
Nuclear Trans New Guinea,Papunesia,0.05,4,T-CF,0.6868037703513282
Nuclear Trans New Guinea,Papunesia,0.05,4,Learned,0.691373893173379
Nuclear Trans New Guinea,Papunesia,0.1,0,Freq,0.7146529562982005
Nuclear Trans New Guinea,Papunesia,0.1,0,T-CF,0.7047986289631534
Nuclear Trans New Guinea,Papunesia,0.1,0,Learned,0.712082262210797
Nuclear Trans New Guinea,Papunesia,0.1,1,Freq,0.7147957726363896
Nuclear Trans New Guinea,Papunesia,0.1,1,T-CF,0.709083119108826
Nuclear Trans New Guinea,Papunesia,0.1,1,Learned,0.720365609825764
Nuclear Trans New Guinea,Papunesia,0.1,2,Freq,0.7105112824907169
Nuclear Trans New Guinea,Papunesia,0.1,2,T-CF,0.6900885461296772
Nuclear Trans New Guinea,Papunesia,0.1,2,Learned,0.6998000571265353
Nuclear Trans New Guinea,Papunesia,0.1,3,Freq,0.7150814053127678
Nuclear Trans New Guinea,Papunesia,0.1,3,T-CF,0.7095115681233933
Nuclear Trans New Guinea,Papunesia,0.1,3,Learned,0.7165095686946586
Nuclear Trans New Guinea,Papunesia,0.1,4,Freq,0.7165095686946586
Nuclear Trans New Guinea,Papunesia,0.1,4,T-CF,0.7212225078548986
Nuclear Trans New Guinea,Papunesia,0.1,4,Learned,0.7150814053127678
Nuclear Trans New Guinea,Papunesia,0.2,0,Freq,0.7146529562982005
Nuclear Trans New Guinea,Papunesia,0.2,0,T-CF,0.709083119108826
Nuclear Trans New Guinea,Papunesia,0.2,0,Learned,0.7339331619537275
Nuclear Trans New Guinea,Papunesia,0.2,1,Freq,0.7147957726363896
Nuclear Trans New Guinea,Papunesia,0.2,1,T-CF,0.7036560982576406
Nuclear Trans New Guinea,Papunesia,0.2,1,Learned,0.7296486718080548
Nuclear Trans New Guinea,Papunesia,0.2,2,Freq,0.7105112824907169
Nuclear Trans New Guinea,Papunesia,0.2,2,T-CF,0.6996572407883462
Nuclear Trans New Guinea,Papunesia,0.2,2,Learned,0.7237932019423022
Nuclear Trans New Guinea,Papunesia,0.2,3,Freq,0.7142245072836333
Nuclear Trans New Guinea,Papunesia,0.2,3,T-CF,0.7107969151670951
Nuclear Trans New Guinea,Papunesia,0.2,3,Learned,0.7269351613824622
Nuclear Trans New Guinea,Papunesia,0.2,4,Freq,0.7165095686946586
Nuclear Trans New Guinea,Papunesia,0.2,4,T-CF,0.7086546700942588
Nuclear Trans New Guinea,Papunesia,0.2,4,Learned,0.7149385889745787
Uto-Aztecan,North America,0.0,0,Freq,0.7162137178776113
Uto-Aztecan,North America,0.0,0,T-CF,0.48807542983915697
Uto-Aztecan,North America,0.0,0,Learned,0.5165464965797745
Uto-Aztecan,North America,0.0,1,Freq,0.7149195784803106
Uto-Aztecan,North America,0.0,1,T-CF,0.47790719171750784
Uto-Aztecan,North America,0.0,1,Learned,0.48863006100942874
Uto-Aztecan,North America,0.0,2,Freq,0.7138103161397671
Uto-Aztecan,North America,0.0,2,T-CF,0.47957108522832315
Uto-Aztecan,North America,0.0,2,Learned,0.43353669809576634
Uto-Aztecan,North America,0.0,3,Freq,0.7125161767424663
Uto-Aztecan,North America,0.0,3,T-CF,0.48289887224995376
Uto-Aztecan,North America,0.0,3,Learned,0.5339249399149566
Uto-Aztecan,North America,0.0,4,Freq,0.7134405620262525
Uto-Aztecan,North America,0.0,4,T-CF,0.5135884636716583
Uto-Aztecan,North America,0.0,4,Learned,0.45941948604178223
Uto-Aztecan,North America,0.01,0,Freq,0.7162137178776113
Uto-Aztecan,North America,0.01,0,T-CF,0.6139767054908486
Uto-Aztecan,North America,0.01,0,Learned,0.633019042336846
Uto-Aztecan,North America,0.01,1,Freq,0.7149195784803106
Uto-Aztecan,North America,0.01,1,T-CF,0.6149010907746348
Uto-Aztecan,North America,0.01,1,Learned,0.627287853577371
Uto-Aztecan,North America,0.01,2,Freq,0.7138103161397671
Uto-Aztecan,North America,0.01,2,T-CF,0.6245146977260122
Uto-Aztecan,North America,0.01,2,Learned,0.6548345350342023
Uto-Aztecan,North America,0.01,3,Freq,0.7125161767424663
Uto-Aztecan,North America,0.01,3,T-CF,0.6415233869476797
Uto-Aztecan,North America,0.01,3,Learned,0.645960436309854
Uto-Aztecan,North America,0.01,4,Freq,0.7134405620262525
Uto-Aztecan,North America,0.01,4,T-CF,0.6054723608800148
Uto-Aztecan,North America,0.01,4,Learned,0.6076908855611018
Uto-Aztecan,North America,0.05,0,Freq,0.7162137178776113
Uto-Aztecan,North America,0.05,0,T-CF,0.6931040857829543
Uto-Aztecan,North America,0.05,0,Learned,0.7234239230911443
Uto-Aztecan,North America,0.05,1,Freq,0.7149195784803106
Uto-Aztecan,North America,0.05,1,T-CF,0.70012941393973
Uto-Aztecan,North America,0.05,1,Learned,0.714549824366796
Uto-Aztecan,North America,0.05,2,Freq,0.7138103161397671
Uto-Aztecan,North America,0.05,2,T-CF,0.7032723239046035
Uto-Aztecan,North America,0.05,2,Learned,0.7069698650397486
Uto-Aztecan,North America,0.05,3,Freq,0.7125161767424663
Uto-Aztecan,North America,0.05,3,T-CF,0.7114069144019227
Uto-Aztecan,North America,0.05,3,Learned,0.7121464226289518
Uto-Aztecan,North America,0.05,4,Freq,0.7134405620262525
Uto-Aztecan,North America,0.05,4,T-CF,0.7114069144019227
Uto-Aztecan,North America,0.05,4,Learned,0.7221297836938436
Uto-Aztecan,North America,0.1,0,Freq,0.7162137178776113
Uto-Aztecan,North America,0.1,0,T-CF,0.7104825291181365
Uto-Aztecan,North America,0.1,0,Learned,0.731743390645221
Uto-Aztecan,North America,0.1,1,Freq,0.7149195784803106
Uto-Aztecan,North America,0.1,1,T-CF,0.7223146607506008
Uto-Aztecan,North America,0.1,1,Learned,0.7417267517101128
Uto-Aztecan,North America,0.1,2,Freq,0.7138103161397671
Uto-Aztecan,North America,0.1,2,T-CF,0.7041967091883897
Uto-Aztecan,North America,0.1,2,Learned,0.7206507672397855
Uto-Aztecan,North America,0.1,3,Freq,0.7125161767424663
Uto-Aztecan,North America,0.1,3,T-CF,0.7186171196154557
Uto-Aztecan,North America,0.1,3,Learned,0.7328526529857645
Uto-Aztecan,North America,0.1,4,Freq,0.7134405620262525
Uto-Aztecan,North America,0.1,4,T-CF,0.7226844148641154
Uto-Aztecan,North America,0.1,4,Learned,0.7306341283046774
Uto-Aztecan,North America,0.2,0,Freq,0.7162137178776113
Uto-Aztecan,North America,0.2,0,T-CF,0.7234239230911443
Uto-Aztecan,North America,0.2,0,Learned,0.7481974486966168
Uto-Aztecan,North America,0.2,1,Freq,0.7149195784803106
Uto-Aztecan,North America,0.2,1,T-CF,0.7239785542614161
Uto-Aztecan,North America,0.2,1,Learned,0.7467184322425587
Uto-Aztecan,North America,0.2,2,Freq,0.7138103161397671
Uto-Aztecan,North America,0.2,2,T-CF,0.7160288408208542
Uto-Aztecan,North America,0.2,2,Learned,0.7487520798668885
Uto-Aztecan,North America,0.2,3,Freq,0.7125161767424663
Uto-Aztecan,North America,0.2,3,T-CF,0.7193566278424848
Uto-Aztecan,North America,0.2,3,Learned,0.7450545387317434
Uto-Aztecan,North America,0.2,4,Freq,0.7134405620262525
Uto-Aztecan,North America,0.2,4,T-CF,0.7208356442965428
Uto-Aztecan,North America,0.2,4,Learned,0.7459789240155297
Arawakan,South America,0.0,0,Freq,0.6444708680142688
Arawakan,South America,0.0,0,T-CF,0.5163495838287753
Arawakan,South America,0.0,0,Learned,0.48989298454221164
Arawakan,South America,0.0,1,Freq,0.6400118906064209
Arawakan,South America,0.0,1,T-CF,0.5074316290130797
Arawakan,South America,0.0,1,Learned,0.5098097502972652
Arawakan,South America,0.0,2,Freq,0.6441736028537456
Arawakan,South America,0.0,2,T-CF,0.48305588585017833
Arawakan,South America,0.0,2,Learned,0.5071343638525565
Arawakan,South America,0.0,3,Freq,0.6414982164090368
Arawakan,South America,0.0,3,T-CF,0.5044589774078478
Arawakan,South America,0.0,3,Learned,0.5466706302021404
Arawakan,South America,0.0,4,Freq,0.6423900118906064
Arawakan,South America,0.0,4,T-CF,0.44797859690844233
Arawakan,South America,0.0,4,Learned,0.4803804994054697
Arawakan,South America,0.01,0,Freq,0.6444708680142688
Arawakan,South America,0.01,0,T-CF,0.5514268727705113
Arawakan,South America,0.01,0,Learned,0.5627229488703924
Arawakan,South America,0.01,1,Freq,0.6400118906064209
Arawakan,South America,0.01,1,T-CF,0.5431034482758621
Arawakan,South America,0.01,1,Learned,0.5576694411414982
Arawakan,South America,0.01,2,Freq,0.6441736028537456
Arawakan,South America,0.01,2,T-CF,0.582936979785969
Arawakan,South America,0.01,2,Learned,0.5659928656361475
Arawakan,South America,0.01,3,Freq,0.6414982164090368
Arawakan,South America,0.01,3,T-CF,0.535077288941736
Arawakan,South America,0.01,3,Learned,0.5353745541022592
Arawakan,South America,0.01,4,Freq,0.6423900118906064
Arawakan,South America,0.01,4,T-CF,0.5217003567181926
Arawakan,South America,0.01,4,Learned,0.5267538644470868
Arawakan,South America,0.05,0,Freq,0.6444708680142688
Arawakan,South America,0.05,0,T-CF,0.6058263971462544
Arawakan,South America,0.05,0,Learned,0.6236623067776457
Arawakan,South America,0.05,1,Freq,0.6400118906064209
Arawakan,South America,0.05,1,T-CF,0.6117717003567182
Arawakan,South America,0.05,1,Learned,0.6174197384066588
Arawakan,South America,0.05,2,Freq,0.6441736028537456
Arawakan,South America,0.05,2,T-CF,0.633769322235434
Arawakan,South America,0.05,2,Learned,0.6331747919143876
Arawakan,South America,0.05,3,Freq,0.6414982164090368
Arawakan,South America,0.05,3,T-CF,0.6085017835909632
Arawakan,South America,0.05,3,Learned,0.6242568370986921
Arawakan,South America,0.05,4,Freq,0.6423900118906064
Arawakan,South America,0.05,4,T-CF,0.6064209274673008
Arawakan,South America,0.05,4,Learned,0.6183115338882283
Arawakan,South America,0.1,0,Freq,0.6444708680142688
Arawakan,South America,0.1,0,T-CF,0.6254458977407847
Arawakan,South America,0.1,0,Learned,0.6575505350772889
Arawakan,South America,0.1,1,Freq,0.6400118906064209
Arawakan,South America,0.1,1,T-CF,0.6474435196195006
Arawakan,South America,0.1,1,Learned,0.6667657550535078
Arawakan,South America,0.1,2,Freq,0.6441736028537456
Arawakan,South America,0.1,2,T-CF,0.6507134363852557
Arawakan,South America,0.1,2,Learned,0.6599286563614745
Arawakan,South America,0.1,3,Freq,0.6414982164090368
Arawakan,South America,0.1,3,T-CF,0.6269322235434007
Arawakan,South America,0.1,3,Learned,0.6489298454221165
Arawakan,South America,0.1,4,Freq,0.6423900118906064
Arawakan,South America,0.1,4,T-CF,0.6361474435196195
Arawakan,South America,0.1,4,Learned,0.6477407847800237
Arawakan,South America,0.2,0,Freq,0.6444708680142688
Arawakan,South America,0.2,0,T-CF,0.6504161712247325
Arawakan,South America,0.2,0,Learned,0.6718192627824019
Arawakan,South America,0.2,1,Freq,0.6400118906064209
Arawakan,South America,0.2,1,T-CF,0.6480380499405469
Arawakan,South America,0.2,1,Learned,0.6834126040428062
Arawakan,South America,0.2,2,Freq,0.6441736028537456
Arawakan,South America,0.2,2,T-CF,0.6459571938168847
Arawakan,South America,0.2,2,Learned,0.6712247324613555
Arawakan,South America,0.2,3,Freq,0.6414982164090368
Arawakan,South America,0.2,3,T-CF,0.6459571938168847
Arawakan,South America,0.2,3,Learned,0.6658739595719382
Arawakan,South America,0.2,4,Freq,0.6423900118906064
Arawakan,South America,0.2,4,T-CF,0.6548751486325802
Arawakan,South America,0.2,4,Learned,0.6605231866825209
Dravidian,Eurasia,0.0,0,Freq,0.7279177881086372
Dravidian,Eurasia,0.0,0,T-CF,0.4805480792757524
Dravidian,Eurasia,0.0,0,Learned,0.5316858331294348
Dravidian,Eurasia,0.0,1,Freq,0.7303645705896746
Dravidian,Eurasia,0.0,1,T-CF,0.4974308783949107
Dravidian,Eurasia,0.0,1,Learned,0.5011010521164668
Dravidian,Eurasia,0.0,2,Freq,0.7264497186200147
Dravidian,Eurasia,0.0,2,T-CF,0.5081967213114754
Dravidian,Eurasia,0.0,2,Learned,0.5133349645216541
Dravidian,Eurasia,0.0,3,Freq,0.7296305358453633
Dravidian,Eurasia,0.0,3,T-CF,0.4298996819182775
Dravidian,Eurasia,0.0,3,Learned,0.5091754343038903
Dravidian,Eurasia,0.0,4,Freq,0.7262050403719109
Dravidian,Eurasia,0.0,4,T-CF,0.48813310496696843
Dravidian,Eurasia,0.0,4,Learned,0.5106435037925129
Dravidian,Eurasia,0.01,0,Freq,0.7279177881086372
Dravidian,Eurasia,0.01,0,T-CF,0.6065573770491803
Dravidian,Eurasia,0.01,0,Learned,0.6234401761683387
Dravidian,Eurasia,0.01,1,Freq,0.7303645705896746
Dravidian,Eurasia,0.01,1,T-CF,0.7080988500122339
Dravidian,Eurasia,0.01,1,Learned,0.6980670418399805
Dravidian,Eurasia,0.01,2,Freq,0.7264497186200147
Dravidian,Eurasia,0.01,2,T-CF,0.5931000734034745
Dravidian,Eurasia,0.01,2,Learned,0.5931000734034745
Dravidian,Eurasia,0.01,3,Freq,0.7296305358453633
Dravidian,Eurasia,0.01,3,T-CF,0.6337166625886959
Dravidian,Eurasia,0.01,3,Learned,0.6723758257890874
Dravidian,Eurasia,0.01,4,Freq,0.7262050403719109
Dravidian,Eurasia,0.01,4,T-CF,0.692684120381698
Dravidian,Eurasia,0.01,4,Learned,0.7215561536579398
Dravidian,Eurasia,0.05,0,Freq,0.7279177881086372
Dravidian,Eurasia,0.05,0,T-CF,0.7477367262050404
Dravidian,Eurasia,0.05,0,Learned,0.780523611450942
Dravidian,Eurasia,0.05,1,Freq,0.7303645705896746
Dravidian,Eurasia,0.05,1,T-CF,0.7352581355517495
Dravidian,Eurasia,0.05,1,Learned,0.7646195253241986
Dravidian,Eurasia,0.05,2,Freq,0.7264497186200147
Dravidian,Eurasia,0.05,2,T-CF,0.746268656716418
Dravidian,Eurasia,0.05,2,Learned,0.7768534377293859
Dravidian,Eurasia,0.05,3,Freq,0.7296305358453633
Dravidian,Eurasia,0.05,3,T-CF,0.7367262050403719
Dravidian,Eurasia,0.05,3,Learned,0.7665769513090286
Dravidian,Eurasia,0.05,4,Freq,0.7262050403719109
Dravidian,Eurasia,0.05,4,T-CF,0.754832395400049
Dravidian,Eurasia,0.05,4,Learned,0.7812576461952533
Dravidian,Eurasia,0.1,0,Freq,0.7279177881086372
Dravidian,Eurasia,0.1,0,T-CF,0.7717151945192072
Dravidian,Eurasia,0.1,0,Learned,0.7983851235625153
Dravidian,Eurasia,0.1,1,Freq,0.7303645705896746
Dravidian,Eurasia,0.1,1,T-CF,0.746268656716418
Dravidian,Eurasia,0.1,1,Learned,0.7922681673599217
Dravidian,Eurasia,0.1,2,Freq,0.7264497186200147
Dravidian,Eurasia,0.1,2,T-CF,0.7489601174455591
Dravidian,Eurasia,0.1,2,Learned,0.7873746023978468
Dravidian,Eurasia,0.1,3,Freq,0.7296305358453633
Dravidian,Eurasia,0.1,3,T-CF,0.7582578908735014
Dravidian,Eurasia,0.1,3,Learned,0.789087350134573
Dravidian,Eurasia,0.1,4,Freq,0.7262050403719109
Dravidian,Eurasia,0.1,4,T-CF,0.7572791778810863
Dravidian,Eurasia,0.1,4,Learned,0.790066063126988
Dravidian,Eurasia,0.2,0,Freq,0.7279177881086372
Dravidian,Eurasia,0.2,0,T-CF,0.7783215072180083
Dravidian,Eurasia,0.2,0,Learned,0.819672131147541
Dravidian,Eurasia,0.2,1,Freq,0.7303645705896746
Dravidian,Eurasia,0.2,1,T-CF,0.7844384634206019
Dravidian,Eurasia,0.2,1,Learned,0.8199168093956447
Dravidian,Eurasia,0.2,2,Freq,0.7264497186200147
Dravidian,Eurasia,0.2,2,T-CF,0.7756300464888671
Dravidian,Eurasia,0.2,2,Learned,0.8096403229752875
Dravidian,Eurasia,0.2,3,Freq,0.7296305358453633
Dravidian,Eurasia,0.2,3,T-CF,0.7758747247369708
Dravidian,Eurasia,0.2,3,Learned,0.8182040616589186
Dravidian,Eurasia,0.2,4,Freq,0.7262050403719109
Dravidian,Eurasia,0.2,4,T-CF,0.7543430389038415
Dravidian,Eurasia,0.2,4,Learned,0.8079275752385613
Otomanguean,North America,0.0,0,Freq,0.7227406679764243
Otomanguean,North America,0.0,0,T-CF,0.4953339882121807
Otomanguean,North America,0.0,0,Learned,0.5444499017681729
Otomanguean,North America,0.0,1,Freq,0.725196463654224
Otomanguean,North America,0.0,1,T-CF,0.4454813359528487
Otomanguean,North America,0.0,1,Learned,0.4356581532416503
Otomanguean,North America,0.0,2,Freq,0.7244597249508841
Otomanguean,North America,0.0,2,T-CF,0.5100687622789783
Otomanguean,North America,0.0,2,Learned,0.450147347740668
Otomanguean,North America,0.0,3,Freq,0.7222495088408645
Otomanguean,North America,0.0,3,T-CF,0.474950884086444
Otomanguean,North America,0.0,3,Learned,0.4756876227897839
Otomanguean,North America,0.0,4,Freq,0.7227406679764243
Otomanguean,North America,0.0,4,T-CF,0.5682711198428291
Otomanguean,North America,0.0,4,Learned,0.45653241650294696
Otomanguean,North America,0.01,0,Freq,0.7227406679764243
Otomanguean,North America,0.01,0,T-CF,0.6574165029469549
Otomanguean,North America,0.01,0,Learned,0.6478388998035364
Otomanguean,North America,0.01,1,Freq,0.725196463654224
Otomanguean,North America,0.01,1,T-CF,0.5918467583497053
Otomanguean,North America,0.01,1,Learned,0.5852161100196464
Otomanguean,North America,0.01,2,Freq,0.7244597249508841
Otomanguean,North America,0.01,2,T-CF,0.6606090373280943
Otomanguean,North America,0.01,2,Learned,0.6660117878192534
Otomanguean,North America,0.01,3,Freq,0.7222495088408645
Otomanguean,North America,0.01,3,T-CF,0.599705304518664
Otomanguean,North America,0.01,3,Learned,0.5992141453831041
Otomanguean,North America,0.01,4,Freq,0.7227406679764243
Otomanguean,North America,0.01,4,T-CF,0.6564341846758349
Otomanguean,North America,0.01,4,Learned,0.6571709233791748
Otomanguean,North America,0.05,0,Freq,0.7227406679764243
Otomanguean,North America,0.05,0,T-CF,0.6790275049115914
Otomanguean,North America,0.05,0,Learned,0.6849214145383105
Otomanguean,North America,0.05,1,Freq,0.725196463654224
Otomanguean,North America,0.05,1,T-CF,0.6991650294695482
Otomanguean,North America,0.05,1,Learned,0.6967092337917485
Otomanguean,North America,0.05,2,Freq,0.7244597249508841
Otomanguean,North America,0.05,2,T-CF,0.7134086444007859
Otomanguean,North America,0.05,2,Learned,0.7026031434184676
Otomanguean,North America,0.05,3,Freq,0.7222495088408645
Otomanguean,North America,0.05,3,T-CF,0.6817288801571709
Otomanguean,North America,0.05,3,Learned,0.6807465618860511
Otomanguean,North America,0.05,4,Freq,0.7227406679764243
Otomanguean,North America,0.05,4,T-CF,0.7138998035363457
Otomanguean,North America,0.05,4,Learned,0.7021119842829077
Otomanguean,North America,0.1,0,Freq,0.7227406679764243
Otomanguean,North America,0.1,0,T-CF,0.6974459724950884
Otomanguean,North America,0.1,0,Learned,0.7035854616895875
Otomanguean,North America,0.1,1,Freq,0.725196463654224
Otomanguean,North America,0.1,1,T-CF,0.7276522593320236
Otomanguean,North America,0.1,1,Learned,0.7276522593320236
Otomanguean,North America,0.1,2,Freq,0.7244597249508841
Otomanguean,North America,0.1,2,T-CF,0.7202848722986247
Otomanguean,North America,0.1,2,Learned,0.7207760314341847
Otomanguean,North America,0.1,3,Freq,0.7222495088408645
Otomanguean,North America,0.1,3,T-CF,0.7099705304518664
Otomanguean,North America,0.1,3,Learned,0.7080058939096268
Otomanguean,North America,0.1,4,Freq,0.7227406679764243
Otomanguean,North America,0.1,4,T-CF,0.7220039292730844
Otomanguean,North America,0.1,4,Learned,0.7197937131630648
Otomanguean,North America,0.2,0,Freq,0.7227406679764243
Otomanguean,North America,0.2,0,T-CF,0.7178290766208252
Otomanguean,North America,0.2,0,Learned,0.7293713163064833
Otomanguean,North America,0.2,1,Freq,0.725196463654224
Otomanguean,North America,0.2,1,T-CF,0.7274066797642437
Otomanguean,North America,0.2,1,Learned,0.731827111984283
Otomanguean,North America,0.2,2,Freq,0.7244597249508841
Otomanguean,North America,0.2,2,T-CF,0.7261787819253438
Otomanguean,North America,0.2,2,Learned,0.7264243614931237
Otomanguean,North America,0.2,3,Freq,0.7222495088408645
Otomanguean,North America,0.2,3,T-CF,0.7161100196463654
Otomanguean,North America,0.2,3,Learned,0.7242141453831041
Otomanguean,North America,0.2,4,Freq,0.7227406679764243
Otomanguean,North America,0.2,4,T-CF,0.7175834970530451
Otomanguean,North America,0.2,4,Learned,0.7298624754420432
Uralic,Eurasia,0.0,0,Freq,0.7457111834961998
Uralic,Eurasia,0.0,0,T-CF,0.46688382193268185
Uralic,Eurasia,0.0,0,Learned,0.4269272529858849
Uralic,Eurasia,0.0,1,Freq,0.7381107491856678
Uralic,Eurasia,0.0,1,T-CF,0.48512486427795876
Uralic,Eurasia,0.0,1,Learned,0.4992399565689468
Uralic,Eurasia,0.0,2,Freq,0.7472312703583062
Uralic,Eurasia,0.0,2,T-CF,0.5011943539630836
Uralic,Eurasia,0.0,2,Learned,0.5500542888165038
Uralic,Eurasia,0.0,3,Freq,0.742671009771987
Uralic,Eurasia,0.0,3,T-CF,0.46644951140065144
Uralic,Eurasia,0.0,3,Learned,0.5051031487513572
Uralic,Eurasia,0.0,4,Freq,0.7400651465798046
Uralic,Eurasia,0.0,4,T-CF,0.5535287730727471
Uralic,Eurasia,0.0,4,Learned,0.48013029315960915
Uralic,Eurasia,0.01,0,Freq,0.7457111834961998
Uralic,Eurasia,0.01,0,T-CF,0.6694896851248643
Uralic,Eurasia,0.01,0,Learned,0.654071661237785
Uralic,Eurasia,0.01,1,Freq,0.7381107491856678
Uralic,Eurasia,0.01,1,T-CF,0.7359391965255158
Uralic,Eurasia,0.01,1,Learned,0.7148751357220413
Uralic,Eurasia,0.01,2,Freq,0.7472312703583062
Uralic,Eurasia,0.01,2,T-CF,0.6091205211726385
Uralic,Eurasia,0.01,2,Learned,0.641042345276873
Uralic,Eurasia,0.01,3,Freq,0.742671009771987
Uralic,Eurasia,0.01,3,T-CF,0.6264929424538545
Uralic,Eurasia,0.01,3,Learned,0.6304017372421281
Uralic,Eurasia,0.01,4,Freq,0.7400651465798046
Uralic,Eurasia,0.01,4,T-CF,0.7148751357220413
Uralic,Eurasia,0.01,4,Learned,0.7237785016286645
Uralic,Eurasia,0.05,0,Freq,0.7457111834961998
Uralic,Eurasia,0.05,0,T-CF,0.7337676438653638
Uralic,Eurasia,0.05,0,Learned,0.7520086862106407
Uralic,Eurasia,0.05,1,Freq,0.7381107491856678
Uralic,Eurasia,0.05,1,T-CF,0.7496199782844734
Uralic,Eurasia,0.05,1,Learned,0.7593919652551574
Uralic,Eurasia,0.05,2,Freq,0.7472312703583062
Uralic,Eurasia,0.05,2,T-CF,0.7226927252985885
Uralic,Eurasia,0.05,2,Learned,0.7418023887079261
Uralic,Eurasia,0.05,3,Freq,0.742671009771987
Uralic,Eurasia,0.05,3,T-CF,0.7339847991313789
Uralic,Eurasia,0.05,3,Learned,0.7509229098805646
Uralic,Eurasia,0.05,4,Freq,0.7400651465798046
Uralic,Eurasia,0.05,4,T-CF,0.7507057546145494
Uralic,Eurasia,0.05,4,Learned,0.7619978284473399
Uralic,Eurasia,0.1,0,Freq,0.7457111834961998
Uralic,Eurasia,0.1,0,T-CF,0.7735070575461455
Uralic,Eurasia,0.1,0,Learned,0.7819761129207383
Uralic,Eurasia,0.1,1,Freq,0.7381107491856678
Uralic,Eurasia,0.1,1,T-CF,0.7533116178067318
Uralic,Eurasia,0.1,1,Learned,0.7695982627578719
Uralic,Eurasia,0.1,2,Freq,0.7472312703583062
Uralic,Eurasia,0.1,2,T-CF,0.7706840390879479
Uralic,Eurasia,0.1,2,Learned,0.784799131378936
Uralic,Eurasia,0.1,3,Freq,0.742671009771987
Uralic,Eurasia,0.1,3,T-CF,0.7650380021715527
Uralic,Eurasia,0.1,3,Learned,0.7719869706840391
Uralic,Eurasia,0.1,4,Freq,0.7400651465798046
Uralic,Eurasia,0.1,4,T-CF,0.7543973941368078
Uralic,Eurasia,0.1,4,Learned,0.7735070575461455
Uralic,Eurasia,0.2,0,Freq,0.7457111834961998
Uralic,Eurasia,0.2,0,T-CF,0.7717698154180239
Uralic,Eurasia,0.2,0,Learned,0.79457111834962
Uralic,Eurasia,0.2,1,Freq,0.7381107491856678
Uralic,Eurasia,0.2,1,T-CF,0.7530944625407167
Uralic,Eurasia,0.2,1,Learned,0.7648208469055374
Uralic,Eurasia,0.2,2,Freq,0.7472312703583062
Uralic,Eurasia,0.2,2,T-CF,0.7643865363735071
Uralic,Eurasia,0.2,2,Learned,0.7895765472312704
Uralic,Eurasia,0.2,3,Freq,0.742671009771987
Uralic,Eurasia,0.2,3,T-CF,0.7565689467969599
Uralic,Eurasia,0.2,3,Learned,0.7767643865363735
Uralic,Eurasia,0.2,4,Freq,0.7400651465798046
Uralic,Eurasia,0.2,4,T-CF,0.7441910966340933
Uralic,Eurasia,0.2,4,Learned,0.779370249728556
Central Sudanic,Africa,0.0,0,Freq,0.7611150317572336
Central Sudanic,Africa,0.0,0,T-CF,0.536697247706422
Central Sudanic,Africa,0.0,0,Learned,0.5335215243472125
Central Sudanic,Africa,0.0,1,Freq,0.7582921665490473
Central Sudanic,Africa,0.0,1,T-CF,0.5225829216654905
Central Sudanic,Africa,0.0,1,Learned,0.49894142554693016
Central Sudanic,Africa,0.0,2,Freq,0.7635850388143967
Central Sudanic,Africa,0.0,2,T-CF,0.45942131263232183
Central Sudanic,Africa,0.0,2,Learned,0.4251940719830628
Central Sudanic,Africa,0.0,3,Freq,0.7558221594918842
Central Sudanic,Africa,0.0,3,T-CF,0.47071277346506707
Central Sudanic,Africa,0.0,3,Learned,0.4890613973182781
Central Sudanic,Africa,0.0,4,Freq,0.757939308398024
Central Sudanic,Africa,0.0,4,T-CF,0.5056457304163726
Central Sudanic,Africa,0.0,4,Learned,0.4809456598447424
Central Sudanic,Africa,0.01,0,Freq,0.7611150317572336
Central Sudanic,Africa,0.01,0,T-CF,0.7205363443895554
Central Sudanic,Africa,0.01,0,Learned,0.71030345800988
Central Sudanic,Africa,0.01,1,Freq,0.7582921665490473
Central Sudanic,Africa,0.01,1,T-CF,0.6316160903316866
Central Sudanic,Africa,0.01,1,Learned,0.6100917431192661
Central Sudanic,Africa,0.01,2,Freq,0.7635850388143967
Central Sudanic,Africa,0.01,2,T-CF,0.7095977417078334
Central Sudanic,Africa,0.01,2,Learned,0.7039520112914608
Central Sudanic,Africa,0.01,3,Freq,0.7558221594918842
Central Sudanic,Africa,0.01,3,T-CF,0.6566690190543402
Central Sudanic,Africa,0.01,3,Learned,0.6556104446012703
Central Sudanic,Africa,0.01,4,Freq,0.757939308398024
Central Sudanic,Africa,0.01,4,T-CF,0.6718419195483416
Central Sudanic,Africa,0.01,4,Learned,0.6979534227240649
Central Sudanic,Africa,0.05,0,Freq,0.7611150317572336
Central Sudanic,Africa,0.05,0,T-CF,0.7223006351446718
Central Sudanic,Africa,0.05,0,Learned,0.7406492589978828
Central Sudanic,Africa,0.05,1,Freq,0.7582921665490473
Central Sudanic,Africa,0.05,1,T-CF,0.7625264643613268
Central Sudanic,Africa,0.05,1,Learned,0.7671136203246295
Central Sudanic,Africa,0.05,2,Freq,0.760409315455187
Central Sudanic,Africa,0.05,2,T-CF,0.7759350741002117
Central Sudanic,Africa,0.05,2,Learned,0.7607621736062103
Central Sudanic,Africa,0.05,3,Freq,0.7558221594918842
Central Sudanic,Africa,0.05,3,T-CF,0.760409315455187
Central Sudanic,Africa,0.05,3,Learned,0.7515878616796048
Central Sudanic,Africa,0.05,4,Freq,0.757939308398024
Central Sudanic,Africa,0.05,4,T-CF,0.7392378263937897
Central Sudanic,Africa,0.05,4,Learned,0.7470007057163021
Central Sudanic,Africa,0.1,0,Freq,0.7611150317572336
Central Sudanic,Africa,0.1,0,T-CF,0.7618207480592801
Central Sudanic,Africa,0.1,0,Learned,0.7724064925899788
Central Sudanic,Africa,0.1,1,Freq,0.7582921665490473
Central Sudanic,Africa,0.1,1,T-CF,0.7776993648553282
Central Sudanic,Africa,0.1,1,Learned,0.7685250529287226
Central Sudanic,Africa,0.1,2,Freq,0.760409315455187
Central Sudanic,Africa,0.1,2,T-CF,0.7748764996471419
Central Sudanic,Africa,0.1,2,Learned,0.7808750882145378
Central Sudanic,Africa,0.1,3,Freq,0.7558221594918842
Central Sudanic,Africa,0.1,3,T-CF,0.7681721947776994
Central Sudanic,Africa,0.1,3,Learned,0.7674664784756527
Central Sudanic,Africa,0.1,4,Freq,0.757939308398024
Central Sudanic,Africa,0.1,4,T-CF,0.771347918136909
Central Sudanic,Africa,0.1,4,Learned,0.7692307692307693
Central Sudanic,Africa,0.2,0,Freq,0.7611150317572336
Central Sudanic,Africa,0.2,0,T-CF,0.7755822159491884
Central Sudanic,Africa,0.2,0,Learned,0.7836979534227241
Central Sudanic,Africa,0.2,1,Freq,0.7582921665490473
Central Sudanic,Africa,0.2,1,T-CF,0.7798165137614679
Central Sudanic,Africa,0.2,1,Learned,0.7773465067043048
Central Sudanic,Africa,0.2,2,Freq,0.760409315455187
Central Sudanic,Africa,0.2,2,T-CF,0.7709950599858857
Central Sudanic,Africa,0.2,2,Learned,0.7780522230063515
Central Sudanic,Africa,0.2,3,Freq,0.7558221594918842
Central Sudanic,Africa,0.2,3,T-CF,0.7791107974594214
Central Sudanic,Africa,0.2,3,Learned,0.7844036697247706
Central Sudanic,Africa,0.2,4,Freq,0.757939308398024
Central Sudanic,Africa,0.2,4,T-CF,0.7731122088920254
Central Sudanic,Africa,0.2,4,Learned,0.773817925194072
Nakh-Daghestanian,Eurasia,0.0,0,Freq,0.6760907504363002
Nakh-Daghestanian,Eurasia,0.0,0,T-CF,0.4111692844677138
Nakh-Daghestanian,Eurasia,0.0,0,Learned,0.4673647469458988
Nakh-Daghestanian,Eurasia,0.0,1,Freq,0.6746945898778359
Nakh-Daghestanian,Eurasia,0.0,1,T-CF,0.493891797556719
Nakh-Daghestanian,Eurasia,0.0,1,Learned,0.5549738219895288
Nakh-Daghestanian,Eurasia,0.0,2,Freq,0.6827225130890052
Nakh-Daghestanian,Eurasia,0.0,2,T-CF,0.5462478184991274
Nakh-Daghestanian,Eurasia,0.0,2,Learned,0.5092495636998254
Nakh-Daghestanian,Eurasia,0.0,3,Freq,0.6841186736474695
Nakh-Daghestanian,Eurasia,0.0,3,T-CF,0.4638743455497382
Nakh-Daghestanian,Eurasia,0.0,3,Learned,0.48900523560209425
Nakh-Daghestanian,Eurasia,0.0,4,Freq,0.6778359511343804
Nakh-Daghestanian,Eurasia,0.0,4,T-CF,0.49109947643979057
Nakh-Daghestanian,Eurasia,0.0,4,Learned,0.450261780104712
Nakh-Daghestanian,Eurasia,0.01,0,Freq,0.6760907504363002
Nakh-Daghestanian,Eurasia,0.01,0,T-CF,0.5549738219895288
Nakh-Daghestanian,Eurasia,0.01,0,Learned,0.5766143106457242
Nakh-Daghestanian,Eurasia,0.01,1,Freq,0.6746945898778359
Nakh-Daghestanian,Eurasia,0.01,1,T-CF,0.6205933682373473
Nakh-Daghestanian,Eurasia,0.01,1,Learned,0.6191972076788831
Nakh-Daghestanian,Eurasia,0.01,2,Freq,0.6827225130890052
Nakh-Daghestanian,Eurasia,0.01,2,T-CF,0.6265270506108203
Nakh-Daghestanian,Eurasia,0.01,2,Learned,0.6453752181500872
Nakh-Daghestanian,Eurasia,0.01,3,Freq,0.6841186736474695
Nakh-Daghestanian,Eurasia,0.01,3,T-CF,0.5860383944153578
Nakh-Daghestanian,Eurasia,0.01,3,Learned,0.6104712041884817
Nakh-Daghestanian,Eurasia,0.01,4,Freq,0.6778359511343804
Nakh-Daghestanian,Eurasia,0.01,4,T-CF,0.6603839441535777
Nakh-Daghestanian,Eurasia,0.01,4,Learned,0.675392670157068
Nakh-Daghestanian,Eurasia,0.05,0,Freq,0.6760907504363002
Nakh-Daghestanian,Eurasia,0.05,0,T-CF,0.6994764397905759
Nakh-Daghestanian,Eurasia,0.05,0,Learned,0.7183246073298429
Nakh-Daghestanian,Eurasia,0.05,1,Freq,0.6746945898778359
Nakh-Daghestanian,Eurasia,0.05,1,T-CF,0.6858638743455497
Nakh-Daghestanian,Eurasia,0.05,1,Learned,0.7109947643979058
Nakh-Daghestanian,Eurasia,0.05,2,Freq,0.6827225130890052
Nakh-Daghestanian,Eurasia,0.05,2,T-CF,0.7148342059336824
Nakh-Daghestanian,Eurasia,0.05,2,Learned,0.7211169284467713
Nakh-Daghestanian,Eurasia,0.05,3,Freq,0.6841186736474695
Nakh-Daghestanian,Eurasia,0.05,3,T-CF,0.6652705061082025
Nakh-Daghestanian,Eurasia,0.05,3,Learned,0.7148342059336824
Nakh-Daghestanian,Eurasia,0.05,4,Freq,0.6778359511343804
Nakh-Daghestanian,Eurasia,0.05,4,T-CF,0.7001745200698081
Nakh-Daghestanian,Eurasia,0.05,4,Learned,0.7228621291448517
Nakh-Daghestanian,Eurasia,0.1,0,Freq,0.6760907504363002
Nakh-Daghestanian,Eurasia,0.1,0,T-CF,0.7176265270506108
Nakh-Daghestanian,Eurasia,0.1,0,Learned,0.7364746945898778
Nakh-Daghestanian,Eurasia,0.1,1,Freq,0.6746945898778359
Nakh-Daghestanian,Eurasia,0.1,1,T-CF,0.7022687609075043
Nakh-Daghestanian,Eurasia,0.1,1,Learned,0.7368237347294939
Nakh-Daghestanian,Eurasia,0.1,2,Freq,0.6827225130890052
Nakh-Daghestanian,Eurasia,0.1,2,T-CF,0.7256544502617801
Nakh-Daghestanian,Eurasia,0.1,2,Learned,0.7469458987783595
Nakh-Daghestanian,Eurasia,0.1,3,Freq,0.6841186736474695
Nakh-Daghestanian,Eurasia,0.1,3,T-CF,0.7287958115183246
Nakh-Daghestanian,Eurasia,0.1,3,Learned,0.7507853403141361
Nakh-Daghestanian,Eurasia,0.1,4,Freq,0.6778359511343804
Nakh-Daghestanian,Eurasia,0.1,4,T-CF,0.724956369982548
Nakh-Daghestanian,Eurasia,0.1,4,Learned,0.731588132635253
Nakh-Daghestanian,Eurasia,0.2,0,Freq,0.6760907504363002
Nakh-Daghestanian,Eurasia,0.2,0,T-CF,0.737521815008726
Nakh-Daghestanian,Eurasia,0.2,0,Learned,0.7574171029668412
Nakh-Daghestanian,Eurasia,0.2,1,Freq,0.6746945898778359
Nakh-Daghestanian,Eurasia,0.2,1,T-CF,0.7270506108202444
Nakh-Daghestanian,Eurasia,0.2,1,Learned,0.7483420593368237
Nakh-Daghestanian,Eurasia,0.2,2,Freq,0.6827225130890052
Nakh-Daghestanian,Eurasia,0.2,2,T-CF,0.7235602094240837
Nakh-Daghestanian,Eurasia,0.2,2,Learned,0.7511343804537521
Nakh-Daghestanian,Eurasia,0.2,3,Freq,0.6841186736474695
Nakh-Daghestanian,Eurasia,0.2,3,T-CF,0.7322862129144851
Nakh-Daghestanian,Eurasia,0.2,3,Learned,0.7521815008726004
Nakh-Daghestanian,Eurasia,0.2,4,Freq,0.6778359511343804
Nakh-Daghestanian,Eurasia,0.2,4,T-CF,0.7256544502617801
Nakh-Daghestanian,Eurasia,0.2,4,Learned,0.743804537521815
Pano-Tacanan,South America,0.0,0,Freq,0.7009306260575296
Pano-Tacanan,South America,0.0,0,T-CF,0.4403553299492386
Pano-Tacanan,South America,0.0,0,Learned,0.5549915397631133
Pano-Tacanan,South America,0.0,1,Freq,0.7076988155668359
Pano-Tacanan,South America,0.0,1,T-CF,0.5583756345177665
Pano-Tacanan,South America,0.0,1,Learned,0.4906937394247039
Pano-Tacanan,South America,0.0,2,Freq,0.7089678510998308
Pano-Tacanan,South America,0.0,2,T-CF,0.5841793570219966
Pano-Tacanan,South America,0.0,2,Learned,0.4433164128595601
Pano-Tacanan,South America,0.0,3,Freq,0.7072758037225042
Pano-Tacanan,South America,0.0,3,T-CF,0.40651438240270726
Pano-Tacanan,South America,0.0,3,Learned,0.48307952622673433
Pano-Tacanan,South America,0.0,4,Freq,0.7089678510998308
Pano-Tacanan,South America,0.0,4,T-CF,0.4763113367174281
Pano-Tacanan,South America,0.0,4,Learned,0.44923857868020306
Pano-Tacanan,South America,0.01,0,Freq,0.7009306260575296
Pano-Tacanan,South America,0.01,0,T-CF,0.6095600676818951
Pano-Tacanan,South America,0.01,0,Learned,0.6095600676818951
Pano-Tacanan,South America,0.01,1,Freq,0.7076988155668359
Pano-Tacanan,South America,0.01,1,T-CF,0.6015228426395939
Pano-Tacanan,South America,0.01,1,Learned,0.5714890016920474
Pano-Tacanan,South America,0.01,2,Freq,0.7089678510998308
Pano-Tacanan,South America,0.01,2,T-CF,0.6235194585448393
Pano-Tacanan,South America,0.01,2,Learned,0.672165820642978
Pano-Tacanan,South America,0.01,3,Freq,0.7072758037225042
Pano-Tacanan,South America,0.01,3,T-CF,0.5854483925549916
Pano-Tacanan,South America,0.01,3,Learned,0.5799492385786802
Pano-Tacanan,South America,0.01,4,Freq,0.7089678510998308
Pano-Tacanan,South America,0.01,4,T-CF,0.6823181049069373
Pano-Tacanan,South America,0.01,4,Learned,0.6763959390862944
Pano-Tacanan,South America,0.05,0,Freq,0.7009306260575296
Pano-Tacanan,South America,0.05,0,T-CF,0.6937394247038917
Pano-Tacanan,South America,0.05,0,Learned,0.7174280879864636
Pano-Tacanan,South America,0.05,1,Freq,0.7076988155668359
Pano-Tacanan,South America,0.05,1,T-CF,0.7136209813874789
Pano-Tacanan,South America,0.05,1,Learned,0.7364636209813875
Pano-Tacanan,South America,0.05,2,Freq,0.7089678510998308
Pano-Tacanan,South America,0.05,2,T-CF,0.7199661590524534
Pano-Tacanan,South America,0.05,2,Learned,0.7406937394247038
Pano-Tacanan,South America,0.05,3,Freq,0.7072758037225042
Pano-Tacanan,South America,0.05,3,T-CF,0.6869712351945855
Pano-Tacanan,South America,0.05,3,Learned,0.7174280879864636
Pano-Tacanan,South America,0.05,4,Freq,0.7089678510998308
Pano-Tacanan,South America,0.05,4,T-CF,0.705160744500846
Pano-Tacanan,South America,0.05,4,Learned,0.7322335025380711
Pano-Tacanan,South America,0.1,0,Freq,0.7009306260575296
Pano-Tacanan,South America,0.1,0,T-CF,0.7115059221658206
Pano-Tacanan,South America,0.1,0,Learned,0.7419627749576988
Pano-Tacanan,South America,0.1,1,Freq,0.7076988155668359
Pano-Tacanan,South America,0.1,1,T-CF,0.7250423011844331
Pano-Tacanan,South America,0.1,1,Learned,0.7533840947546532
Pano-Tacanan,South America,0.1,2,Freq,0.7089678510998308
Pano-Tacanan,South America,0.1,2,T-CF,0.7504230118443317
Pano-Tacanan,South America,0.1,2,Learned,0.7631133671742809
Pano-Tacanan,South America,0.1,3,Freq,0.7072758037225042
Pano-Tacanan,South America,0.1,3,T-CF,0.7351945854483926
Pano-Tacanan,South America,0.1,3,Learned,0.7516920473773265
Pano-Tacanan,South America,0.1,4,Freq,0.7089678510998308
Pano-Tacanan,South America,0.1,4,T-CF,0.7428087986463621
Pano-Tacanan,South America,0.1,4,Learned,0.7631133671742809
Pano-Tacanan,South America,0.2,0,Freq,0.7009306260575296
Pano-Tacanan,South America,0.2,0,T-CF,0.7305414551607445
Pano-Tacanan,South America,0.2,0,Learned,0.761844331641286
Pano-Tacanan,South America,0.2,1,Freq,0.7076988155668359
Pano-Tacanan,South America,0.2,1,T-CF,0.7563451776649747
Pano-Tacanan,South America,0.2,1,Learned,0.7758037225042301
Pano-Tacanan,South America,0.2,2,Freq,0.7089678510998308
Pano-Tacanan,South America,0.2,2,T-CF,0.7554991539763113
Pano-Tacanan,South America,0.2,2,Learned,0.7758037225042301
Pano-Tacanan,South America,0.2,3,Freq,0.7072758037225042
Pano-Tacanan,South America,0.2,3,T-CF,0.7411167512690355
Pano-Tacanan,South America,0.2,3,Learned,0.7736886632825719
Pano-Tacanan,South America,0.2,4,Freq,0.7089678510998308
Pano-Tacanan,South America,0.2,4,T-CF,0.7529610829103215
Pano-Tacanan,South America,0.2,4,Learned,0.7681895093062606
Tupian,South America,0.0,0,Freq,0.7402728650833754
Tupian,South America,0.0,0,T-CF,0.5639211723092471
Tupian,South America,0.0,0,Learned,0.48357756442647803
Tupian,South America,0.0,1,Freq,0.7337038908539667
Tupian,South America,0.0,1,T-CF,0.4674077817079333
Tupian,South America,0.0,1,Learned,0.4881253158160687
Tupian,South America,0.0,2,Freq,0.7372410308236483
Tupian,South America,0.0,2,T-CF,0.45982819605861547
Tupian,South America,0.0,2,Learned,0.5603840323395655
Tupian,South America,0.0,3,Freq,0.7357251136937848
Tupian,South America,0.0,3,T-CF,0.43961596766043454
Tupian,South America,0.0,3,Learned,0.39262253663466395
Tupian,South America,0.0,4,Freq,0.7402728650833754
Tupian,South America,0.0,4,T-CF,0.48408287013643253
Tupian,South America,0.0,4,Learned,0.4987367357251137
Tupian,South America,0.01,0,Freq,0.7402728650833754
Tupian,South America,0.01,0,T-CF,0.6164729661445174
Tupian,South America,0.01,0,Learned,0.6124305204648812
Tupian,South America,0.01,1,Freq,0.7337038908539667
Tupian,South America,0.01,1,T-CF,0.6099039919151087
Tupian,South America,0.01,1,Learned,0.607377463365336
Tupian,South America,0.01,2,Freq,0.7372410308236483
Tupian,South America,0.01,2,T-CF,0.631632137443153
Tupian,South America,0.01,2,Learned,0.6366851945426983
Tupian,South America,0.01,3,Freq,0.7357251136937848
Tupian,South America,0.01,3,T-CF,0.6953006568974229
Tupian,South America,0.01,3,Learned,0.6755937342091966
Tupian,South America,0.01,4,Freq,0.7402728650833754
Tupian,South America,0.01,4,T-CF,0.6382011116725619
Tupian,South America,0.01,4,Learned,0.6513390601313794
Tupian,South America,0.05,0,Freq,0.7402728650833754
Tupian,South America,0.05,0,T-CF,0.7190500252652855
Tupian,South America,0.05,0,Learned,0.6730672056594239
Tupian,South America,0.05,1,Freq,0.7337038908539667
Tupian,South America,0.05,1,T-CF,0.7362304194037392
Tupian,South America,0.05,1,Learned,0.7241030823648307
Tupian,South America,0.05,2,Freq,0.7372410308236483
Tupian,South America,0.05,2,T-CF,0.7190500252652855
Tupian,South America,0.05,2,Learned,0.7362304194037392
Tupian,South America,0.05,3,Freq,0.7357251136937848
Tupian,South America,0.05,3,T-CF,0.7382516422435573
Tupian,South America,0.05,3,Learned,0.7220818595250126
Tupian,South America,0.05,4,Freq,0.7402728650833754
Tupian,South America,0.05,4,T-CF,0.7261243052046488
Tupian,South America,0.05,4,Learned,0.685699848408287
Tupian,South America,0.1,0,Freq,0.7402728650833754
Tupian,South America,0.1,0,T-CF,0.7498736735725113
Tupian,South America,0.1,0,Learned,0.7392622536634664
Tupian,South America,0.1,1,Freq,0.7357251136937848
Tupian,South America,0.1,1,T-CF,0.729156139464376
Tupian,South America,0.1,1,Learned,0.7367357251136938
Tupian,South America,0.1,2,Freq,0.7372410308236483
Tupian,South America,0.1,2,T-CF,0.7362304194037392
Tupian,South America,0.1,2,Learned,0.7367357251136938
Tupian,South America,0.1,3,Freq,0.7357251136937848
Tupian,South America,0.1,3,T-CF,0.7382516422435573
Tupian,South America,0.1,3,Learned,0.729156139464376
Tupian,South America,0.1,4,Freq,0.7402728650833754
Tupian,South America,0.1,4,T-CF,0.7518948964123294
Tupian,South America,0.1,4,Learned,0.7493683678625569
Tupian,South America,0.2,0,Freq,0.7402728650833754
Tupian,South America,0.2,0,T-CF,0.7443153107630116
Tupian,South America,0.2,0,Learned,0.7422940879231935
Tupian,South America,0.2,1,Freq,0.7357251136937848
Tupian,South America,0.2,1,T-CF,0.7316826680141486
Tupian,South America,0.2,1,Learned,0.7433046993431026
Tupian,South America,0.2,2,Freq,0.7397675593734209
Tupian,South America,0.2,2,T-CF,0.7372410308236483
Tupian,South America,0.2,2,Learned,0.7331985851440121
Tupian,South America,0.2,3,Freq,0.7357251136937848
Tupian,South America,0.2,3,T-CF,0.7367357251136938
Tupian,South America,0.2,3,Learned,0.7251136937847398
Tupian,South America,0.2,4,Freq,0.7402728650833754
Tupian,South America,0.2,4,T-CF,0.7468418393127843
Tupian,South America,0.2,4,Learned,0.7534108135421931
Chibchan,South America,0.0,0,Freq,0.7114404817044928
Chibchan,South America,0.0,0,T-CF,0.4636405743399722
Chibchan,South America,0.0,0,Learned,0.5576655859194072
Chibchan,South America,0.0,1,Freq,0.714682723483094
Chibchan,South America,0.0,1,T-CF,0.4381658175081056
Chibchan,South America,0.0,1,Learned,0.5062528948587309
Chibchan,South America,0.0,2,Freq,0.7105141269106068
Chibchan,South America,0.0,2,T-CF,0.5724872626215841
Chibchan,South America,0.0,2,Learned,0.46225104214914314
Chibchan,South America,0.0,3,Freq,0.7086614173228346
Chibchan,South America,0.0,3,T-CF,0.4650301065308013
Chibchan,South America,0.0,3,Learned,0.5169059749884206
Chibchan,South America,0.0,4,Freq,0.7109773043075498
Chibchan,South America,0.0,4,T-CF,0.5002315886984715
Chibchan,South America,0.0,4,Learned,0.444187123668365
Chibchan,South America,0.01,0,Freq,0.7114404817044928
Chibchan,South America,0.01,0,T-CF,0.5808244557665586
Chibchan,South America,0.01,0,Learned,0.6225104214914312
Chibchan,South America,0.01,1,Freq,0.714682723483094
Chibchan,South America,0.01,1,T-CF,0.6567855488652153
Chibchan,South America,0.01,1,Learned,0.6452061139416396
Chibchan,South America,0.01,2,Freq,0.7105141269106068
Chibchan,South America,0.01,2,T-CF,0.6632700324224178
Chibchan,South America,0.01,2,Learned,0.6799444187123669
Chibchan,South America,0.01,3,Freq,0.7086614173228346
Chibchan,South America,0.01,3,T-CF,0.5678554886521537
Chibchan,South America,0.01,3,Learned,0.5525706345530338
Chibchan,South America,0.01,4,Freq,0.7109773043075498
Chibchan,South America,0.01,4,T-CF,0.555349698934692
Chibchan,South America,0.01,4,Learned,0.5687818434460399
Chibchan,South America,0.05,0,Freq,0.7114404817044928
Chibchan,South America,0.05,0,T-CF,0.7086614173228346
Chibchan,South America,0.05,0,Learned,0.7072718851320056
Chibchan,South America,0.05,1,Freq,0.714682723483094
Chibchan,South America,0.05,1,T-CF,0.7044928207503474
Chibchan,South America,0.05,1,Learned,0.7262621584066697
Chibchan,South America,0.05,2,Freq,0.7105141269106068
Chibchan,South America,0.05,2,T-CF,0.7123668364983788
Chibchan,South America,0.05,2,Learned,0.7077350625289486
Chibchan,South America,0.05,3,Freq,0.7086614173228346
Chibchan,South America,0.05,3,T-CF,0.6868920796665122
Chibchan,South America,0.05,3,Learned,0.6961556276053729
Chibchan,South America,0.05,4,Freq,0.7109773043075498
Chibchan,South America,0.05,4,T-CF,0.7165354330708661
Chibchan,South America,0.05,4,Learned,0.7332098193608152
Chibchan,South America,0.1,0,Freq,0.7114404817044928
Chibchan,South America,0.1,0,T-CF,0.7234830940250115
Chibchan,South America,0.1,0,Learned,0.729967577582214
Chibchan,South America,0.1,1,Freq,0.714682723483094
Chibchan,South America,0.1,1,T-CF,0.7253358036127837
Chibchan,South America,0.1,1,Learned,0.7369152385363594
Chibchan,South America,0.1,2,Freq,0.7105141269106068
Chibchan,South America,0.1,2,T-CF,0.7327466419638722
Chibchan,South America,0.1,2,Learned,0.7350625289485873
Chibchan,South America,0.1,3,Freq,0.7086614173228346
Chibchan,South America,0.1,3,T-CF,0.7119036591014358
Chibchan,South America,0.1,3,Learned,0.7248726262158407
Chibchan,South America,0.1,4,Freq,0.7109773043075498
Chibchan,South America,0.1,4,T-CF,0.7244094488188977
Chibchan,South America,0.1,4,Learned,0.7392311255210746
Chibchan,South America,0.2,0,Freq,0.7114404817044928
Chibchan,South America,0.2,0,T-CF,0.729504400185271
Chibchan,South America,0.2,0,Learned,0.7457156090782769
Chibchan,South America,0.2,1,Freq,0.714682723483094
Chibchan,South America,0.2,1,T-CF,0.7336729967577582
Chibchan,South America,0.2,1,Learned,0.7383047707271885
Chibchan,South America,0.2,2,Freq,0.7105141269106068
Chibchan,South America,0.2,2,T-CF,0.7239462714219546
Chibchan,South America,0.2,2,Learned,0.7433997220935619
Chibchan,South America,0.2,3,Freq,0.7086614173228346
Chibchan,South America,0.2,3,T-CF,0.7174617878647522
Chibchan,South America,0.2,3,Learned,0.7332098193608152
Chibchan,South America,0.2,4,Freq,0.7109773043075498
Chibchan,South America,0.2,4,T-CF,0.7160722556739231
Chibchan,South America,0.2,4,Learned,0.7410838351088467
Tai-Kadai,Eurasia,0.0,0,Freq,0.7916666666666666
Tai-Kadai,Eurasia,0.0,0,T-CF,0.5294117647058824
Tai-Kadai,Eurasia,0.0,0,Learned,0.5790441176470589
Tai-Kadai,Eurasia,0.0,1,Freq,0.7873774509803921
Tai-Kadai,Eurasia,0.0,1,T-CF,0.43137254901960786
Tai-Kadai,Eurasia,0.0,1,Learned,0.4699754901960784
Tai-Kadai,Eurasia,0.0,2,Freq,0.7837009803921569
Tai-Kadai,Eurasia,0.0,2,T-CF,0.4638480392156863
Tai-Kadai,Eurasia,0.0,2,Learned,0.44362745098039214
Tai-Kadai,Eurasia,0.0,3,Freq,0.7837009803921569
Tai-Kadai,Eurasia,0.0,3,T-CF,0.5477941176470589
Tai-Kadai,Eurasia,0.0,3,Learned,0.39889705882352944
Tai-Kadai,Eurasia,0.0,4,Freq,0.7855392156862745
Tai-Kadai,Eurasia,0.0,4,T-CF,0.49080882352941174
Tai-Kadai,Eurasia,0.0,4,Learned,0.5686274509803921
Tai-Kadai,Eurasia,0.01,0,Freq,0.7916666666666666
Tai-Kadai,Eurasia,0.01,0,T-CF,0.6985294117647058
Tai-Kadai,Eurasia,0.01,0,Learned,0.7261029411764706
Tai-Kadai,Eurasia,0.01,1,Freq,0.7873774509803921
Tai-Kadai,Eurasia,0.01,1,T-CF,0.6102941176470589
Tai-Kadai,Eurasia,0.01,1,Learned,0.6415441176470589
Tai-Kadai,Eurasia,0.01,2,Freq,0.7837009803921569
Tai-Kadai,Eurasia,0.01,2,T-CF,0.7015931372549019
Tai-Kadai,Eurasia,0.01,2,Learned,0.7230392156862745
Tai-Kadai,Eurasia,0.01,3,Freq,0.7837009803921569
Tai-Kadai,Eurasia,0.01,3,T-CF,0.7089460784313726
Tai-Kadai,Eurasia,0.01,3,Learned,0.710171568627451
Tai-Kadai,Eurasia,0.01,4,Freq,0.7855392156862745
Tai-Kadai,Eurasia,0.01,4,T-CF,0.7254901960784313
Tai-Kadai,Eurasia,0.01,4,Learned,0.7279411764705882
Tai-Kadai,Eurasia,0.05,0,Freq,0.7916666666666666
Tai-Kadai,Eurasia,0.05,0,T-CF,0.7457107843137255
Tai-Kadai,Eurasia,0.05,0,Learned,0.7830882352941176
Tai-Kadai,Eurasia,0.05,1,Freq,0.7873774509803921
Tai-Kadai,Eurasia,0.05,1,T-CF,0.7732843137254902
Tai-Kadai,Eurasia,0.05,1,Learned,0.7867647058823529
Tai-Kadai,Eurasia,0.05,2,Freq,0.7837009803921569
Tai-Kadai,Eurasia,0.05,2,T-CF,0.8002450980392157
Tai-Kadai,Eurasia,0.05,2,Learned,0.8088235294117647
Tai-Kadai,Eurasia,0.05,3,Freq,0.7837009803921569
Tai-Kadai,Eurasia,0.05,3,T-CF,0.7886029411764706
Tai-Kadai,Eurasia,0.05,3,Learned,0.803921568627451
Tai-Kadai,Eurasia,0.05,4,Freq,0.7855392156862745
Tai-Kadai,Eurasia,0.05,4,T-CF,0.8020833333333334
Tai-Kadai,Eurasia,0.05,4,Learned,0.8008578431372549
Tai-Kadai,Eurasia,0.1,0,Freq,0.7916666666666666
Tai-Kadai,Eurasia,0.1,0,T-CF,0.7977941176470589
Tai-Kadai,Eurasia,0.1,0,Learned,0.8388480392156863
Tai-Kadai,Eurasia,0.1,1,Freq,0.7873774509803921
Tai-Kadai,Eurasia,0.1,1,T-CF,0.8014705882352942
Tai-Kadai,Eurasia,0.1,1,Learned,0.8149509803921569
Tai-Kadai,Eurasia,0.1,2,Freq,0.7837009803921569
Tai-Kadai,Eurasia,0.1,2,T-CF,0.7935049019607843
Tai-Kadai,Eurasia,0.1,2,Learned,0.8155637254901961
Tai-Kadai,Eurasia,0.1,3,Freq,0.7837009803921569
Tai-Kadai,Eurasia,0.1,3,T-CF,0.803921568627451
Tai-Kadai,Eurasia,0.1,3,Learned,0.8075980392156863
Tai-Kadai,Eurasia,0.1,4,Freq,0.7855392156862745
Tai-Kadai,Eurasia,0.1,4,T-CF,0.8057598039215687
Tai-Kadai,Eurasia,0.1,4,Learned,0.8088235294117647
Tai-Kadai,Eurasia,0.2,0,Freq,0.7916666666666666
Tai-Kadai,Eurasia,0.2,0,T-CF,0.8223039215686274
Tai-Kadai,Eurasia,0.2,0,Learned,0.8333333333333334
Tai-Kadai,Eurasia,0.2,1,Freq,0.7873774509803921
Tai-Kadai,Eurasia,0.2,1,T-CF,0.8008578431372549
Tai-Kadai,Eurasia,0.2,1,Learned,0.8278186274509803
Tai-Kadai,Eurasia,0.2,2,Freq,0.7837009803921569
Tai-Kadai,Eurasia,0.2,2,T-CF,0.8002450980392157
Tai-Kadai,Eurasia,0.2,2,Learned,0.8314950980392157
Tai-Kadai,Eurasia,0.2,3,Freq,0.7837009803921569
Tai-Kadai,Eurasia,0.2,3,T-CF,0.8033088235294118
Tai-Kadai,Eurasia,0.2,3,Learned,0.8229166666666666
Tai-Kadai,Eurasia,0.2,4,Freq,0.7855392156862745
Tai-Kadai,Eurasia,0.2,4,T-CF,0.8033088235294118
Tai-Kadai,Eurasia,0.2,4,Learned,0.821078431372549
Algic,North America,0.0,0,Freq,0.7096774193548387
Algic,North America,0.0,0,T-CF,0.5566959921798631
Algic,North America,0.0,0,Learned,0.4863147605083089
Algic,North America,0.0,1,Freq,0.7150537634408602
Algic,North America,0.0,1,T-CF,0.5254154447702835
Algic,North America,0.0,1,Learned,0.5268817204301075
Algic,North America,0.0,2,Freq,0.7111436950146628
Algic,North America,0.0,2,T-CF,0.5312805474095796
Algic,North America,0.0,2,Learned,0.4550342130987292
Algic,North America,0.0,3,Freq,0.7174975562072337
Algic,North America,0.0,3,T-CF,0.4897360703812317
Algic,North America,0.0,3,Learned,0.46774193548387094
Algic,North America,0.0,4,Freq,0.7082111436950147
Algic,North America,0.0,4,T-CF,0.4628543499511241
Algic,North America,0.0,4,Learned,0.5058651026392962
Algic,North America,0.01,0,Freq,0.7096774193548387
Algic,North America,0.01,0,T-CF,0.6627565982404692
Algic,North America,0.01,0,Learned,0.6500488758553274
Algic,North America,0.01,1,Freq,0.7150537634408602
Algic,North America,0.01,1,T-CF,0.6730205278592375
Algic,North America,0.01,1,Learned,0.6417399804496579
Algic,North America,0.01,2,Freq,0.7111436950146628
Algic,North America,0.01,2,T-CF,0.5992179863147605
Algic,North America,0.01,2,Learned,0.6358748778103617
Algic,North America,0.01,3,Freq,0.7174975562072337
Algic,North America,0.01,3,T-CF,0.6480938416422287
Algic,North America,0.01,3,Learned,0.6314760508308895
Algic,North America,0.01,4,Freq,0.7082111436950147
Algic,North America,0.01,4,T-CF,0.6456500488758553
Algic,North America,0.01,4,Learned,0.658357771260997
Algic,North America,0.05,0,Freq,0.7096774193548387
Algic,North America,0.05,0,T-CF,0.7179863147605083
Algic,North America,0.05,0,Learned,0.7306940371456501
Algic,North America,0.05,1,Freq,0.7150537634408602
Algic,North America,0.05,1,T-CF,0.7145650048875856
Algic,North America,0.05,1,Learned,0.7267839687194526
Algic,North America,0.05,2,Freq,0.7111436950146628
Algic,North America,0.05,2,T-CF,0.7258064516129032
Algic,North America,0.05,2,Learned,0.7267839687194526
Algic,North America,0.05,3,Freq,0.7174975562072337
Algic,North America,0.05,3,T-CF,0.7145650048875856
Algic,North America,0.05,3,Learned,0.7218963831867058
Algic,North America,0.05,4,Freq,0.7082111436950147
Algic,North America,0.05,4,T-CF,0.7106549364613881
Algic,North America,0.05,4,Learned,0.7233626588465298
Algic,North America,0.1,0,Freq,0.7096774193548387
Algic,North America,0.1,0,T-CF,0.7233626588465298
Algic,North America,0.1,0,Learned,0.7346041055718475
Algic,North America,0.1,1,Freq,0.7150537634408602
Algic,North America,0.1,1,T-CF,0.7209188660801564
Algic,North America,0.1,1,Learned,0.7272727272727273
Algic,North America,0.1,2,Freq,0.7111436950146628
Algic,North America,0.1,2,T-CF,0.7130987292277615
Algic,North America,0.1,2,Learned,0.7346041055718475
Algic,North America,0.1,3,Freq,0.7174975562072337
Algic,North America,0.1,3,T-CF,0.7199413489736071
Algic,North America,0.1,3,Learned,0.7521994134897361
Algic,North America,0.1,4,Freq,0.7082111436950147
Algic,North America,0.1,4,T-CF,0.7096774193548387
Algic,North America,0.1,4,Learned,0.7419354838709677
Algic,North America,0.2,0,Freq,0.7096774193548387
Algic,North America,0.2,0,T-CF,0.7214076246334311
Algic,North America,0.2,0,Learned,0.7487781036168133
Algic,North America,0.2,1,Freq,0.7150537634408602
Algic,North America,0.2,1,T-CF,0.7121212121212122
Algic,North America,0.2,1,Learned,0.749266862170088
Algic,North America,0.2,2,Freq,0.7111436950146628
Algic,North America,0.2,2,T-CF,0.706256109481916
Algic,North America,0.2,2,Learned,0.7404692082111437
Algic,North America,0.2,3,Freq,0.7174975562072337
Algic,North America,0.2,3,T-CF,0.7253176930596286
Algic,North America,0.2,3,Learned,0.7458455522971652
Algic,North America,0.2,4,Freq,0.7082111436950147
Algic,North America,0.2,4,T-CF,0.718475073313783
Algic,North America,0.2,4,Learned,0.7341153470185728
Mande,Africa,0.0,0,Freq,0.7595561035758323
Mande,Africa,0.0,0,T-CF,0.5369913686806412
Mande,Africa,0.0,0,Learned,0.5295930949445129
Mande,Africa,0.0,1,Freq,0.7484586929716399
Mande,Africa,0.0,1,T-CF,0.48643649815043155
Mande,Africa,0.0,1,Learned,0.47657213316892727
Mande,Africa,0.0,2,Freq,0.7583230579531443
Mande,Africa,0.0,2,T-CF,0.4401972872996301
Mande,Africa,0.0,2,Learned,0.4870530209617756
Mande,Africa,0.0,3,Freq,0.7429099876695437
Mande,Africa,0.0,3,T-CF,0.5474722564734895
Mande,Africa,0.0,3,Learned,0.4870530209617756
Mande,Africa,0.0,4,Freq,0.749691738594328
Mande,Africa,0.0,4,T-CF,0.5178791615289766
Mande,Africa,0.0,4,Learned,0.4956843403205919
Mande,Africa,0.01,0,Freq,0.7595561035758323
Mande,Africa,0.01,0,T-CF,0.6097410604192355
Mande,Africa,0.01,0,Learned,0.6220715166461159
Mande,Africa,0.01,1,Freq,0.7484586929716399
Mande,Africa,0.01,1,T-CF,0.6362515413070283
Mande,Africa,0.01,1,Learned,0.6245376078914919
Mande,Africa,0.01,2,Freq,0.7583230579531443
Mande,Africa,0.01,2,T-CF,0.688039457459926
Mande,Africa,0.01,2,Learned,0.6720098643649816
Mande,Africa,0.01,3,Freq,0.7429099876695437
Mande,Africa,0.01,3,T-CF,0.7151664611590629
Mande,Africa,0.01,3,Learned,0.7127003699136868
Mande,Africa,0.01,4,Freq,0.749691738594328
Mande,Africa,0.01,4,T-CF,0.6898890258939581
Mande,Africa,0.01,4,Learned,0.6818742293464858
Mande,Africa,0.05,0,Freq,0.7595561035758323
Mande,Africa,0.05,0,T-CF,0.7429099876695437
Mande,Africa,0.05,0,Learned,0.7416769420468557
Mande,Africa,0.05,1,Freq,0.7484586929716399
Mande,Africa,0.05,1,T-CF,0.7299630086313194
Mande,Africa,0.05,1,Learned,0.7244143033292232
Mande,Africa,0.05,2,Freq,0.7583230579531443
Mande,Africa,0.05,2,T-CF,0.7139334155363748
Mande,Africa,0.05,2,Learned,0.6757090012330457
Mande,Africa,0.05,3,Freq,0.7429099876695437
Mande,Africa,0.05,3,T-CF,0.7207151664611591
Mande,Africa,0.05,3,Learned,0.7194821208384711
Mande,Africa,0.05,4,Freq,0.749691738594328
Mande,Africa,0.05,4,T-CF,0.7447595561035758
Mande,Africa,0.05,4,Learned,0.7385943279901356
Mande,Africa,0.1,0,Freq,0.7595561035758323
Mande,Africa,0.1,0,T-CF,0.7570900123304563
Mande,Africa,0.1,0,Learned,0.7453760789149199
Mande,Africa,0.1,1,Freq,0.7484586929716399
Mande,Africa,0.1,1,T-CF,0.7262638717632552
Mande,Africa,0.1,1,Learned,0.7324290998766955
Mande,Africa,0.1,2,Freq,0.7583230579531443
Mande,Africa,0.1,2,T-CF,0.7441430332922319
Mande,Africa,0.1,2,Learned,0.7435265104808878
Mande,Africa,0.1,3,Freq,0.7429099876695437
Mande,Africa,0.1,3,T-CF,0.7379778051787916
Mande,Africa,0.1,3,Learned,0.7379778051787916
Mande,Africa,0.1,4,Freq,0.749691738594328
Mande,Africa,0.1,4,T-CF,0.7410604192355117
Mande,Africa,0.1,4,Learned,0.7379778051787916
Mande,Africa,0.2,0,Freq,0.7595561035758323
Mande,Africa,0.2,0,T-CF,0.752157829839704
Mande,Africa,0.2,0,Learned,0.7644882860665845
Mande,Africa,0.2,1,Freq,0.7484586929716399
Mande,Africa,0.2,1,T-CF,0.7422934648581998
Mande,Africa,0.2,1,Learned,0.7484586929716399
Mande,Africa,0.2,2,Freq,0.7583230579531443
Mande,Africa,0.2,2,T-CF,0.750924784217016
Mande,Africa,0.2,2,Learned,0.750308261405672
Mande,Africa,0.2,3,Freq,0.7429099876695437
Mande,Africa,0.2,3,T-CF,0.7287299630086314
Mande,Africa,0.2,3,Learned,0.7429099876695437
Mande,Africa,0.2,4,Freq,0.749691738594328
Mande,Africa,0.2,4,T-CF,0.7435265104808878
Mande,Africa,0.2,4,Learned,0.7453760789149199
Mayan,North America,0.0,0,Freq,0.7267967634459781
Mayan,North America,0.0,0,T-CF,0.4826273203236554
Mayan,North America,0.0,0,Learned,0.49214659685863876
Mayan,North America,0.0,1,Freq,0.7244169443122322
Mayan,North America,0.0,1,T-CF,0.3826749167063303
Mayan,North America,0.0,1,Learned,0.41266063779152784
Mayan,North America,0.0,2,Freq,0.7210851975249881
Mayan,North America,0.0,2,T-CF,0.5278438838648263
Mayan,North America,0.0,2,Learned,0.5159447881960971
Mayan,North America,0.0,3,Freq,0.7258448357924798
Mayan,North America,0.0,3,T-CF,0.5535459305092812
Mayan,North America,0.0,3,Learned,0.5283198476915755
Mayan,North America,0.0,4,Freq,0.7172774869109948
Mayan,North America,0.0,4,T-CF,0.5635411708710139
Mayan,North America,0.0,4,Learned,0.5716325559257497
Mayan,North America,0.01,0,Freq,0.7267967634459781
Mayan,North America,0.01,0,T-CF,0.5859114707282247
Mayan,North America,0.01,0,Learned,0.584007615421228
Mayan,North America,0.01,1,Freq,0.7244169443122322
Mayan,North America,0.01,1,T-CF,0.5801999048072346
Mayan,North America,0.01,1,Learned,0.5992384578772013
Mayan,North America,0.01,2,Freq,0.7210851975249881
Mayan,North America,0.01,2,T-CF,0.6330318895763922
Mayan,North America,0.01,2,Learned,0.6344597810566397
Mayan,North America,0.01,3,Freq,0.7258448357924798
Mayan,North America,0.01,3,T-CF,0.6458829128986197
Mayan,North America,0.01,3,Learned,0.6187529747739172
Mayan,North America,0.01,4,Freq,0.7172774869109948
Mayan,North America,0.01,4,T-CF,0.6554021894336031
Mayan,North America,0.01,4,Learned,0.6534983341266064
Mayan,North America,0.05,0,Freq,0.7267967634459781
Mayan,North America,0.05,0,T-CF,0.6920514040932889
Mayan,North America,0.05,0,Learned,0.6982389338410281
Mayan,North America,0.05,1,Freq,0.7244169443122322
Mayan,North America,0.05,1,T-CF,0.6796763445978106
Mayan,North America,0.05,1,Learned,0.7025226082817706
Mayan,North America,0.05,2,Freq,0.7210851975249881
Mayan,North America,0.05,2,T-CF,0.694907187053784
Mayan,North America,0.05,2,Learned,0.695383150880533
Mayan,North America,0.05,3,Freq,0.7258448357924798
Mayan,North America,0.05,3,T-CF,0.6877677296525464
Mayan,North America,0.05,3,Learned,0.6915754402665397
Mayan,North America,0.05,4,Freq,0.7172774869109948
Mayan,North America,0.05,4,T-CF,0.7129938124702523
Mayan,North America,0.05,4,Learned,0.7115659209900047
Mayan,North America,0.1,0,Freq,0.7267967634459781
Mayan,North America,0.1,0,T-CF,0.7225130890052356
Mayan,North America,0.1,0,Learned,0.7348881485007139
Mayan,North America,0.1,1,Freq,0.7244169443122322
Mayan,North America,0.1,1,T-CF,0.7172774869109948
Mayan,North America,0.1,1,Learned,0.732032365540219
Mayan,North America,0.1,2,Freq,0.7210851975249881
Mayan,North America,0.1,2,T-CF,0.7201332698714897
Mayan,North America,0.1,2,Learned,0.7244169443122322
Mayan,North America,0.1,3,Freq,0.7258448357924798
Mayan,North America,0.1,3,T-CF,0.6915754402665397
Mayan,North America,0.1,3,Learned,0.6968110423607806
Mayan,North America,0.1,4,Freq,0.7172774869109948
Mayan,North America,0.1,4,T-CF,0.7125178486435031
Mayan,North America,0.1,4,Learned,0.7134697762970015
Mayan,North America,0.2,0,Freq,0.7267967634459781
Mayan,North America,0.2,0,T-CF,0.723465016658734
Mayan,North America,0.2,0,Learned,0.7296525464064731
Mayan,North America,0.2,1,Freq,0.7244169443122322
Mayan,North America,0.2,1,T-CF,0.7182294145644931
Mayan,North America,0.2,1,Learned,0.7420276059019515
Mayan,North America,0.2,2,Freq,0.7210851975249881
Mayan,North America,0.2,2,T-CF,0.7201332698714897
Mayan,North America,0.2,2,Learned,0.7315564017134698
Mayan,North America,0.2,3,Freq,0.7258448357924798
Mayan,North America,0.2,3,T-CF,0.7225130890052356
Mayan,North America,0.2,3,Learned,0.7325083293669681
Mayan,North America,0.2,4,Freq,0.7172774869109948
Mayan,North America,0.2,4,T-CF,0.7106139933365064
Mayan,North America,0.2,4,Learned,0.7253688719657306
Nilotic,Africa,0.0,0,Freq,0.7210167389956602
Nilotic,Africa,0.0,0,T-CF,0.5021698698078115
Nilotic,Africa,0.0,0,Learned,0.5071295722256665
Nilotic,Africa,0.0,1,Freq,0.7278363298202107
Nilotic,Africa,0.0,1,T-CF,0.45257284562926225
Nilotic,Africa,0.0,1,Learned,0.5213887166769994
Nilotic,Africa,0.0,2,Freq,0.7135771853688778
Nilotic,Africa,0.0,2,T-CF,0.5517668939863608
Nilotic,Africa,0.0,2,Learned,0.4203347799132052
Nilotic,Africa,0.0,3,Freq,0.7135771853688778
Nilotic,Africa,0.0,3,T-CF,0.40173589584624925
Nilotic,Africa,0.0,3,Learned,0.5244885306881587
Nilotic,Africa,0.0,4,Freq,0.7241165530068195
Nilotic,Africa,0.0,4,T-CF,0.5089894606323621
Nilotic,Africa,0.0,4,Learned,0.555486670799752
Nilotic,Africa,0.01,0,Freq,0.7210167389956602
Nilotic,Africa,0.01,0,T-CF,0.6212027278363298
Nilotic,Africa,0.01,0,Learned,0.6236825790452573
Nilotic,Africa,0.01,1,Freq,0.7278363298202107
Nilotic,Africa,0.01,1,T-CF,0.6044637321760694
Nilotic,Africa,0.01,1,Learned,0.6050836949783013
Nilotic,Africa,0.01,2,Freq,0.7135771853688778
Nilotic,Africa,0.01,2,T-CF,0.6590204587724736
Nilotic,Africa,0.01,2,Learned,0.6441413515189088
Nilotic,Africa,0.01,3,Freq,0.7135771853688778
Nilotic,Africa,0.01,3,T-CF,0.5895846249225046
Nilotic,Africa,0.01,3,Learned,0.56478611283323
Nilotic,Africa,0.01,4,Freq,0.7241165530068195
Nilotic,Africa,0.01,4,T-CF,0.6707997520148791
Nilotic,Africa,0.01,4,Learned,0.6689398636081835
Nilotic,Africa,0.05,0,Freq,0.7210167389956602
Nilotic,Africa,0.05,0,T-CF,0.6639801611903285
Nilotic,Africa,0.05,0,Learned,0.6714197148171109
Nilotic,Africa,0.05,1,Freq,0.7278363298202107
Nilotic,Africa,0.05,1,T-CF,0.6999380037197768
Nilotic,Africa,0.05,1,Learned,0.7092374457532548
Nilotic,Africa,0.05,2,Freq,0.7135771853688778
Nilotic,Africa,0.05,2,T-CF,0.7024178549287042
Nilotic,Africa,0.05,2,Learned,0.7067575945443273
Nilotic,Africa,0.05,3,Freq,0.7135771853688778
Nilotic,Africa,0.05,3,T-CF,0.6577805331680099
Nilotic,Africa,0.05,3,Learned,0.6875387476751394
Nilotic,Africa,0.05,4,Freq,0.7241165530068195
Nilotic,Africa,0.05,4,T-CF,0.6937383756974581
Nilotic,Africa,0.05,4,Learned,0.6999380037197768
Nilotic,Africa,0.1,0,Freq,0.7210167389956602
Nilotic,Africa,0.1,0,T-CF,0.6862988220706757
Nilotic,Africa,0.1,0,Learned,0.6831990080595164
Nilotic,Africa,0.1,1,Freq,0.7278363298202107
Nilotic,Africa,0.1,1,T-CF,0.7290762554246745
Nilotic,Africa,0.1,1,Learned,0.7383756974581525
Nilotic,Africa,0.1,2,Freq,0.7135771853688778
Nilotic,Africa,0.1,2,T-CF,0.7117172969621822
Nilotic,Africa,0.1,2,Learned,0.712957222566646
Nilotic,Africa,0.1,3,Freq,0.7135771853688778
Nilotic,Africa,0.1,3,T-CF,0.7024178549287042
Nilotic,Africa,0.1,3,Learned,0.7160570365778053
Nilotic,Africa,0.1,4,Freq,0.7241165530068195
Nilotic,Africa,0.1,4,T-CF,0.707997520148791
Nilotic,Africa,0.1,4,Learned,0.7092374457532548
Nilotic,Africa,0.2,0,Freq,0.7210167389956602
Nilotic,Africa,0.2,0,T-CF,0.7290762554246745
Nilotic,Africa,0.2,0,Learned,0.7383756974581525
Nilotic,Africa,0.2,1,Freq,0.7278363298202107
Nilotic,Africa,0.2,1,T-CF,0.7228766274023558
Nilotic,Africa,0.2,1,Learned,0.7278363298202107
Nilotic,Africa,0.2,2,Freq,0.7135771853688778
Nilotic,Africa,0.2,2,T-CF,0.7191568505889646
Nilotic,Africa,0.2,2,Learned,0.7371357718536887
Nilotic,Africa,0.2,3,Freq,0.7135771853688778
Nilotic,Africa,0.2,3,T-CF,0.7179169249845009
Nilotic,Africa,0.2,3,Learned,0.7222566646001239
Nilotic,Africa,0.2,4,Freq,0.7241165530068195
Nilotic,Africa,0.2,4,T-CF,0.7203967761934283
Nilotic,Africa,0.2,4,Learned,0.7445753254804711
Ta-Ne-Omotic,Africa,0.0,0,Freq,0.7309486780715396
Ta-Ne-Omotic,Africa,0.0,0,T-CF,0.45878693623639194
Ta-Ne-Omotic,Africa,0.0,0,Learned,0.4572317262830482
Ta-Ne-Omotic,Africa,0.0,1,Freq,0.7356143079315708
Ta-Ne-Omotic,Africa,0.0,1,T-CF,0.5349922239502333
Ta-Ne-Omotic,Africa,0.0,1,Learned,0.5531363400725765
Ta-Ne-Omotic,Africa,0.0,2,Freq,0.7330222913426646
Ta-Ne-Omotic,Africa,0.0,2,T-CF,0.5723172628304821
Ta-Ne-Omotic,Africa,0.0,2,Learned,0.4344219803006739
Ta-Ne-Omotic,Africa,0.0,3,Freq,0.7262830482115086
Ta-Ne-Omotic,Africa,0.0,3,T-CF,0.4416796267496112
Ta-Ne-Omotic,Africa,0.0,3,Learned,0.4188698807672369
Ta-Ne-Omotic,Africa,0.0,4,Freq,0.7309486780715396
Ta-Ne-Omotic,Africa,0.0,4,T-CF,0.5329186106791084
Ta-Ne-Omotic,Africa,0.0,4,Learned,0.4297563504406428
Ta-Ne-Omotic,Africa,0.01,0,Freq,0.7309486780715396
Ta-Ne-Omotic,Africa,0.01,0,T-CF,0.5935717988595127
Ta-Ne-Omotic,Africa,0.01,0,Learned,0.6625194401244168
Ta-Ne-Omotic,Africa,0.01,1,Freq,0.7356143079315708
Ta-Ne-Omotic,Africa,0.01,1,T-CF,0.6625194401244168
Ta-Ne-Omotic,Africa,0.01,1,Learned,0.6635562467599793
Ta-Ne-Omotic,Africa,0.01,2,Freq,0.7330222913426646
Ta-Ne-Omotic,Africa,0.01,2,T-CF,0.6060134784862623
Ta-Ne-Omotic,Africa,0.01,2,Learned,0.6283048211508554
Ta-Ne-Omotic,Africa,0.01,3,Freq,0.7262830482115086
Ta-Ne-Omotic,Africa,0.01,3,T-CF,0.6086054950751685
Ta-Ne-Omotic,Africa,0.01,3,Learned,0.5790565059616382
Ta-Ne-Omotic,Africa,0.01,4,Freq,0.7309486780715396
Ta-Ne-Omotic,Africa,0.01,4,T-CF,0.6272680145152929
Ta-Ne-Omotic,Africa,0.01,4,Learned,0.6568170036288232
Ta-Ne-Omotic,Africa,0.05,0,Freq,0.7309486780715396
Ta-Ne-Omotic,Africa,0.05,0,T-CF,0.7594608605495076
Ta-Ne-Omotic,Africa,0.05,0,Learned,0.7703473302229135
Ta-Ne-Omotic,Africa,0.05,1,Freq,0.7356143079315708
Ta-Ne-Omotic,Africa,0.05,1,T-CF,0.7304302747537584
Ta-Ne-Omotic,Africa,0.05,1,Learned,0.7407983411093831
Ta-Ne-Omotic,Africa,0.05,2,Freq,0.7330222913426646
Ta-Ne-Omotic,Africa,0.05,2,T-CF,0.7470191809227579
Ta-Ne-Omotic,Africa,0.05,2,Learned,0.7724209434940383
Ta-Ne-Omotic,Africa,0.05,3,Freq,0.7262830482115086
Ta-Ne-Omotic,Africa,0.05,3,T-CF,0.7470191809227579
Ta-Ne-Omotic,Africa,0.05,3,Learned,0.7594608605495076
Ta-Ne-Omotic,Africa,0.05,4,Freq,0.7309486780715396
Ta-Ne-Omotic,Africa,0.05,4,T-CF,0.7579056505961638
Ta-Ne-Omotic,Africa,0.05,4,Learned,0.7568688439606014
Ta-Ne-Omotic,Africa,0.1,0,Freq,0.7309486780715396
Ta-Ne-Omotic,Africa,0.1,0,T-CF,0.7553136340072576
Ta-Ne-Omotic,Africa,0.1,0,Learned,0.7921202695697253
Ta-Ne-Omotic,Africa,0.1,1,Freq,0.7356143079315708
Ta-Ne-Omotic,Africa,0.1,1,T-CF,0.7812337998963194
Ta-Ne-Omotic,Africa,0.1,1,Learned,0.7884914463452566
Ta-Ne-Omotic,Africa,0.1,2,Freq,0.7330222913426646
Ta-Ne-Omotic,Africa,0.1,2,T-CF,0.749611197511664
Ta-Ne-Omotic,Africa,0.1,2,Learned,0.7817522032141005
Ta-Ne-Omotic,Africa,0.1,3,Freq,0.7262830482115086
Ta-Ne-Omotic,Africa,0.1,3,T-CF,0.7677553136340073
Ta-Ne-Omotic,Africa,0.1,3,Learned,0.7853810264385692
Ta-Ne-Omotic,Africa,0.1,4,Freq,0.7309486780715396
Ta-Ne-Omotic,Africa,0.1,4,T-CF,0.7490927941938829
Ta-Ne-Omotic,Africa,0.1,4,Learned,0.7630896837739761
Ta-Ne-Omotic,Africa,0.2,0,Freq,0.7309486780715396
Ta-Ne-Omotic,Africa,0.2,0,T-CF,0.773976153447382
Ta-Ne-Omotic,Africa,0.2,0,Learned,0.7952306894764126
Ta-Ne-Omotic,Africa,0.2,1,Freq,0.7356143079315708
Ta-Ne-Omotic,Africa,0.2,1,T-CF,0.782789009849663
Ta-Ne-Omotic,Africa,0.2,1,Learned,0.800414722654225
Ta-Ne-Omotic,Africa,0.2,2,Freq,0.7330222913426646
Ta-Ne-Omotic,Africa,0.2,2,T-CF,0.7553136340072576
Ta-Ne-Omotic,Africa,0.2,2,Learned,0.7916018662519441
Ta-Ne-Omotic,Africa,0.2,3,Freq,0.7262830482115086
Ta-Ne-Omotic,Africa,0.2,3,T-CF,0.7579056505961638
Ta-Ne-Omotic,Africa,0.2,3,Learned,0.7796785899429757
Ta-Ne-Omotic,Africa,0.2,4,Freq,0.7309486780715396
Ta-Ne-Omotic,Africa,0.2,4,T-CF,0.7729393468118196
Ta-Ne-Omotic,Africa,0.2,4,Learned,0.7983411093831001
Worrorran,Australia,0.0,0,Freq,0.6876750700280112
Worrorran,Australia,0.0,0,T-CF,0.5651260504201681
Worrorran,Australia,0.0,0,Learned,0.49859943977591037
Worrorran,Australia,0.0,1,Freq,0.6841736694677871
Worrorran,Australia,0.0,1,T-CF,0.5651260504201681
Worrorran,Australia,0.0,1,Learned,0.49719887955182074
Worrorran,Australia,0.0,2,Freq,0.6834733893557423
Worrorran,Australia,0.0,2,T-CF,0.4733893557422969
Worrorran,Australia,0.0,2,Learned,0.4649859943977591
Worrorran,Australia,0.0,3,Freq,0.6855742296918768
Worrorran,Australia,0.0,3,T-CF,0.5182072829131653
Worrorran,Australia,0.0,3,Learned,0.5091036414565826
Worrorran,Australia,0.0,4,Freq,0.6827731092436975
Worrorran,Australia,0.0,4,T-CF,0.5777310924369747
Worrorran,Australia,0.0,4,Learned,0.4852941176470588
Worrorran,Australia,0.01,0,Freq,0.6876750700280112
Worrorran,Australia,0.01,0,T-CF,0.49789915966386555
Worrorran,Australia,0.01,0,Learned,0.5280112044817927
Worrorran,Australia,0.01,1,Freq,0.6841736694677871
Worrorran,Australia,0.01,1,T-CF,0.6260504201680672
Worrorran,Australia,0.01,1,Learned,0.6190476190476191
Worrorran,Australia,0.01,2,Freq,0.6834733893557423
Worrorran,Australia,0.01,2,T-CF,0.5749299719887955
Worrorran,Australia,0.01,2,Learned,0.5889355742296919
Worrorran,Australia,0.01,3,Freq,0.6855742296918768
Worrorran,Australia,0.01,3,T-CF,0.5217086834733894
Worrorran,Australia,0.01,3,Learned,0.4887955182072829
Worrorran,Australia,0.01,4,Freq,0.6827731092436975
Worrorran,Australia,0.01,4,T-CF,0.49719887955182074
Worrorran,Australia,0.01,4,Learned,0.4992997198879552
Worrorran,Australia,0.05,0,Freq,0.6876750700280112
Worrorran,Australia,0.05,0,T-CF,0.6162464985994398
Worrorran,Australia,0.05,0,Learned,0.6456582633053222
Worrorran,Australia,0.05,1,Freq,0.6841736694677871
Worrorran,Australia,0.05,1,T-CF,0.6204481792717087
Worrorran,Australia,0.05,1,Learned,0.6533613445378151
Worrorran,Australia,0.05,2,Freq,0.6834733893557423
Worrorran,Australia,0.05,2,T-CF,0.6421568627450981
Worrorran,Australia,0.05,2,Learned,0.6631652661064426
Worrorran,Australia,0.05,3,Freq,0.6855742296918768
Worrorran,Australia,0.05,3,T-CF,0.6372549019607843
Worrorran,Australia,0.05,3,Learned,0.6505602240896359
Worrorran,Australia,0.05,4,Freq,0.6827731092436975
Worrorran,Australia,0.05,4,T-CF,0.626750700280112
Worrorran,Australia,0.05,4,Learned,0.6778711484593838
Worrorran,Australia,0.1,0,Freq,0.6911764705882353
Worrorran,Australia,0.1,0,T-CF,0.6855742296918768
Worrorran,Australia,0.1,0,Learned,0.6953781512605042
Worrorran,Australia,0.1,1,Freq,0.6841736694677871
Worrorran,Australia,0.1,1,T-CF,0.6435574229691877
Worrorran,Australia,0.1,1,Learned,0.6666666666666666
Worrorran,Australia,0.1,2,Freq,0.6834733893557423
Worrorran,Australia,0.1,2,T-CF,0.6260504201680672
Worrorran,Australia,0.1,2,Learned,0.6841736694677871
Worrorran,Australia,0.1,3,Freq,0.6855742296918768
Worrorran,Australia,0.1,3,T-CF,0.688375350140056
Worrorran,Australia,0.1,3,Learned,0.7044817927170869
Worrorran,Australia,0.1,4,Freq,0.6827731092436975
Worrorran,Australia,0.1,4,T-CF,0.6596638655462185
Worrorran,Australia,0.1,4,Learned,0.6701680672268907
Worrorran,Australia,0.2,0,Freq,0.6911764705882353
Worrorran,Australia,0.2,0,T-CF,0.6736694677871149
Worrorran,Australia,0.2,0,Learned,0.7037815126050421
Worrorran,Australia,0.2,1,Freq,0.6876750700280112
Worrorran,Australia,0.2,1,T-CF,0.6708683473389355
Worrorran,Australia,0.2,1,Learned,0.7072829131652661
Worrorran,Australia,0.2,2,Freq,0.6834733893557423
Worrorran,Australia,0.2,2,T-CF,0.6939775910364145
Worrorran,Australia,0.2,2,Learned,0.7058823529411765
Worrorran,Australia,0.2,3,Freq,0.6855742296918768
Worrorran,Australia,0.2,3,T-CF,0.680672268907563
Worrorran,Australia,0.2,3,Learned,0.711484593837535
Worrorran,Australia,0.2,4,Freq,0.6862745098039216
Worrorran,Australia,0.2,4,T-CF,0.6855742296918768
Worrorran,Australia,0.2,4,Learned,0.7051820728291317
Turkic,Eurasia,0.0,0,Freq,0.7230070635721494
Turkic,Eurasia,0.0,0,T-CF,0.4656912209889001
Turkic,Eurasia,0.0,0,Learned,0.42330978809283554
Turkic,Eurasia,0.0,1,Freq,0.7093844601412714
Turkic,Eurasia,0.0,1,T-CF,0.5610494450050454
Turkic,Eurasia,0.0,1,Learned,0.3920282542885974
Turkic,Eurasia,0.0,2,Freq,0.7078708375378405
Turkic,Eurasia,0.0,2,T-CF,0.5176589303733602
Turkic,Eurasia,0.0,2,Learned,0.529263370332997
Turkic,Eurasia,0.0,3,Freq,0.7240161453077699
Turkic,Eurasia,0.0,3,T-CF,0.4682139253279516
Turkic,Eurasia,0.0,3,Learned,0.4581231079717457
Turkic,Eurasia,0.0,4,Freq,0.7214934409687185
Turkic,Eurasia,0.0,4,T-CF,0.46064581231079715
Turkic,Eurasia,0.0,4,Learned,0.4228052472250252
Turkic,Eurasia,0.01,0,Freq,0.7230070635721494
Turkic,Eurasia,0.01,0,T-CF,0.7265388496468214
Turkic,Eurasia,0.01,0,Learned,0.7174571140262361
Turkic,Eurasia,0.01,1,Freq,0.7093844601412714
Turkic,Eurasia,0.01,1,T-CF,0.7023208879919274
Turkic,Eurasia,0.01,1,Learned,0.7053481331987891
Turkic,Eurasia,0.01,2,Freq,0.7078708375378405
Turkic,Eurasia,0.01,2,T-CF,0.6730575176589304
Turkic,Eurasia,0.01,2,Learned,0.7028254288597376
Turkic,Eurasia,0.01,3,Freq,0.7240161453077699
Turkic,Eurasia,0.01,3,T-CF,0.5923309788092835
Turkic,Eurasia,0.01,3,Learned,0.6084762865792129
Turkic,Eurasia,0.01,4,Freq,0.7214934409687185
Turkic,Eurasia,0.01,4,T-CF,0.6417759838546923
Turkic,Eurasia,0.01,4,Learned,0.6266397578203835
Turkic,Eurasia,0.05,0,Freq,0.7230070635721494
Turkic,Eurasia,0.05,0,T-CF,0.756811301715439
Turkic,Eurasia,0.05,0,Learned,0.7759838546922301
Turkic,Eurasia,0.05,1,Freq,0.7093844601412714
Turkic,Eurasia,0.05,1,T-CF,0.7366296670030272
Turkic,Eurasia,0.05,1,Learned,0.7633703329969728
Turkic,Eurasia,0.05,2,Freq,0.7078708375378405
Turkic,Eurasia,0.05,2,T-CF,0.722502522704339
Turkic,Eurasia,0.05,2,Learned,0.7391523713420787
Turkic,Eurasia,0.05,3,Freq,0.7240161453077699
Turkic,Eurasia,0.05,3,T-CF,0.7452068617558022
Turkic,Eurasia,0.05,3,Learned,0.7785065590312815
Turkic,Eurasia,0.05,4,Freq,0.7214934409687185
Turkic,Eurasia,0.05,4,T-CF,0.7578203834510595
Turkic,Eurasia,0.05,4,Learned,0.7648839556004037
Turkic,Eurasia,0.1,0,Freq,0.7230070635721494
Turkic,Eurasia,0.1,0,T-CF,0.7542885973763875
Turkic,Eurasia,0.1,0,Learned,0.8037336024217961
Turkic,Eurasia,0.1,1,Freq,0.7093844601412714
Turkic,Eurasia,0.1,1,T-CF,0.756811301715439
Turkic,Eurasia,0.1,1,Learned,0.7805247225025227
Turkic,Eurasia,0.1,2,Freq,0.7078708375378405
Turkic,Eurasia,0.1,2,T-CF,0.7578203834510595
Turkic,Eurasia,0.1,2,Learned,0.7835519677093845
Turkic,Eurasia,0.1,3,Freq,0.7240161453077699
Turkic,Eurasia,0.1,3,T-CF,0.7820383451059536
Turkic,Eurasia,0.1,3,Learned,0.8037336024217961
Turkic,Eurasia,0.1,4,Freq,0.7214934409687185
Turkic,Eurasia,0.1,4,T-CF,0.7653884964682139
Turkic,Eurasia,0.1,4,Learned,0.7875882946518667
Turkic,Eurasia,0.2,0,Freq,0.7230070635721494
Turkic,Eurasia,0.2,0,T-CF,0.7729566094853683
Turkic,Eurasia,0.2,0,Learned,0.822401614530777
Turkic,Eurasia,0.2,1,Freq,0.7129162462159435
Turkic,Eurasia,0.2,1,T-CF,0.7573158425832492
Turkic,Eurasia,0.2,1,Learned,0.806760847628658
Turkic,Eurasia,0.2,2,Freq,0.7078708375378405
Turkic,Eurasia,0.2,2,T-CF,0.7497477295660948
Turkic,Eurasia,0.2,2,Learned,0.7896064581231079
Turkic,Eurasia,0.2,3,Freq,0.7240161453077699
Turkic,Eurasia,0.2,3,T-CF,0.777497477295661
Turkic,Eurasia,0.2,3,Learned,0.8249243188698284
Turkic,Eurasia,0.2,4,Freq,0.7214934409687185
Turkic,Eurasia,0.2,4,T-CF,0.772452068617558
Turkic,Eurasia,0.2,4,Learned,0.813824419778002
Nuclear-Macro-Je,South America,0.0,0,Freq,0.7136871508379888
Nuclear-Macro-Je,South America,0.0,0,T-CF,0.48114525139664804
Nuclear-Macro-Je,South America,0.0,0,Learned,0.5523743016759777
Nuclear-Macro-Je,South America,0.0,1,Freq,0.7136871508379888
Nuclear-Macro-Je,South America,0.0,1,T-CF,0.5272346368715084
Nuclear-Macro-Je,South America,0.0,1,Learned,0.46298882681564246
Nuclear-Macro-Je,South America,0.0,2,Freq,0.7115921787709497
Nuclear-Macro-Je,South America,0.0,2,T-CF,0.513268156424581
Nuclear-Macro-Je,South America,0.0,2,Learned,0.547486033519553
Nuclear-Macro-Je,South America,0.0,3,Freq,0.7122905027932961
Nuclear-Macro-Je,South America,0.0,3,T-CF,0.5412011173184358
Nuclear-Macro-Je,South America,0.0,3,Learned,0.5412011173184358
Nuclear-Macro-Je,South America,0.0,4,Freq,0.7067039106145251
Nuclear-Macro-Je,South America,0.0,4,T-CF,0.4755586592178771
Nuclear-Macro-Je,South America,0.0,4,Learned,0.5614525139664804
Nuclear-Macro-Je,South America,0.01,0,Freq,0.7136871508379888
Nuclear-Macro-Je,South America,0.01,0,T-CF,0.6668994413407822
Nuclear-Macro-Je,South America,0.01,0,Learned,0.645949720670391
Nuclear-Macro-Je,South America,0.01,1,Freq,0.7136871508379888
Nuclear-Macro-Je,South America,0.01,1,T-CF,0.630586592178771
Nuclear-Macro-Je,South America,0.01,1,Learned,0.659217877094972
Nuclear-Macro-Je,South America,0.01,2,Freq,0.7115921787709497
Nuclear-Macro-Je,South America,0.01,2,T-CF,0.5677374301675978
Nuclear-Macro-Je,South America,0.01,2,Learned,0.5593575418994413
Nuclear-Macro-Je,South America,0.01,3,Freq,0.7122905027932961
Nuclear-Macro-Je,South America,0.01,3,T-CF,0.6410614525139665
Nuclear-Macro-Je,South America,0.01,3,Learned,0.61731843575419
Nuclear-Macro-Je,South America,0.01,4,Freq,0.7067039106145251
Nuclear-Macro-Je,South America,0.01,4,T-CF,0.6410614525139665
Nuclear-Macro-Je,South America,0.01,4,Learned,0.6487430167597765
Nuclear-Macro-Je,South America,0.05,0,Freq,0.7136871508379888
Nuclear-Macro-Je,South America,0.05,0,T-CF,0.6445530726256983
Nuclear-Macro-Je,South America,0.05,0,Learned,0.6606145251396648
Nuclear-Macro-Je,South America,0.05,1,Freq,0.7136871508379888
Nuclear-Macro-Je,South America,0.05,1,T-CF,0.7213687150837989
Nuclear-Macro-Je,South America,0.05,1,Learned,0.6997206703910615
Nuclear-Macro-Je,South America,0.05,2,Freq,0.7115921787709497
Nuclear-Macro-Je,South America,0.05,2,T-CF,0.6745810055865922
Nuclear-Macro-Je,South America,0.05,2,Learned,0.6291899441340782
Nuclear-Macro-Je,South America,0.05,3,Freq,0.7122905027932961
Nuclear-Macro-Je,South America,0.05,3,T-CF,0.7074022346368715
Nuclear-Macro-Je,South America,0.05,3,Learned,0.6892458100558659
Nuclear-Macro-Je,South America,0.05,4,Freq,0.7067039106145251
Nuclear-Macro-Je,South America,0.05,4,T-CF,0.710195530726257
Nuclear-Macro-Je,South America,0.05,4,Learned,0.7046089385474861
Nuclear-Macro-Je,South America,0.1,0,Freq,0.7136871508379888
Nuclear-Macro-Je,South America,0.1,0,T-CF,0.7067039106145251
Nuclear-Macro-Je,South America,0.1,0,Learned,0.7129888268156425
Nuclear-Macro-Je,South America,0.1,1,Freq,0.7136871508379888
Nuclear-Macro-Je,South America,0.1,1,T-CF,0.7206703910614525
Nuclear-Macro-Je,South America,0.1,1,Learned,0.7199720670391061
Nuclear-Macro-Je,South America,0.1,2,Freq,0.7115921787709497
Nuclear-Macro-Je,South America,0.1,2,T-CF,0.7213687150837989
Nuclear-Macro-Je,South America,0.1,2,Learned,0.7206703910614525
Nuclear-Macro-Je,South America,0.1,3,Freq,0.7122905027932961
Nuclear-Macro-Je,South America,0.1,3,T-CF,0.7164804469273743
Nuclear-Macro-Je,South America,0.1,3,Learned,0.7206703910614525
Nuclear-Macro-Je,South America,0.1,4,Freq,0.7067039106145251
Nuclear-Macro-Je,South America,0.1,4,T-CF,0.715782122905028
Nuclear-Macro-Je,South America,0.1,4,Learned,0.7122905027932961
Nuclear-Macro-Je,South America,0.2,0,Freq,0.7136871508379888
Nuclear-Macro-Je,South America,0.2,0,T-CF,0.7262569832402235
Nuclear-Macro-Je,South America,0.2,0,Learned,0.7227653631284916
Nuclear-Macro-Je,South America,0.2,1,Freq,0.7136871508379888
Nuclear-Macro-Je,South America,0.2,1,T-CF,0.7206703910614525
Nuclear-Macro-Je,South America,0.2,1,Learned,0.7339385474860335
Nuclear-Macro-Je,South America,0.2,2,Freq,0.7115921787709497
Nuclear-Macro-Je,South America,0.2,2,T-CF,0.7241620111731844
Nuclear-Macro-Je,South America,0.2,2,Learned,0.729050279329609
Nuclear-Macro-Je,South America,0.2,3,Freq,0.7122905027932961
Nuclear-Macro-Je,South America,0.2,3,T-CF,0.7276536312849162
Nuclear-Macro-Je,South America,0.2,3,Learned,0.7192737430167597
Nuclear-Macro-Je,South America,0.2,4,Freq,0.7067039106145251
Nuclear-Macro-Je,South America,0.2,4,T-CF,0.7199720670391061
Nuclear-Macro-Je,South America,0.2,4,Learned,0.7136871508379888
Salishan,North America,0.0,0,Freq,0.6898954703832753
Salishan,North America,0.0,0,T-CF,0.48257839721254353
Salishan,North America,0.0,0,Learned,0.4610917537746806
Salishan,North America,0.0,1,Freq,0.6869918699186992
Salishan,North America,0.0,1,T-CF,0.46689895470383275
Salishan,North America,0.0,1,Learned,0.5046457607433217
Salishan,North America,0.0,2,Freq,0.6869918699186992
Salishan,North America,0.0,2,T-CF,0.4912891986062718
Salishan,North America,0.0,2,Learned,0.4605110336817654
Salishan,North America,0.0,3,Freq,0.6869918699186992
Salishan,North America,0.0,3,T-CF,0.5174216027874564
Salishan,North America,0.0,3,Learned,0.3803716608594657
Salishan,North America,0.0,4,Freq,0.6927990708478513
Salishan,North America,0.0,4,T-CF,0.5127758420441347
Salishan,North America,0.0,4,Learned,0.5121951219512195
Salishan,North America,0.01,0,Freq,0.6898954703832753
Salishan,North America,0.01,0,T-CF,0.6051103368176539
Salishan,North America,0.01,0,Learned,0.6074332171893148
Salishan,North America,0.01,1,Freq,0.6869918699186992
Salishan,North America,0.01,1,T-CF,0.5644599303135889
Salishan,North America,0.01,1,Learned,0.5743321718931476
Salishan,North America,0.01,2,Freq,0.6869918699186992
Salishan,North America,0.01,2,T-CF,0.5940766550522648
Salishan,North America,0.01,2,Learned,0.6144018583042973
Salishan,North America,0.01,3,Freq,0.6869918699186992
Salishan,North America,0.01,3,T-CF,0.6707317073170732
Salishan,North America,0.01,3,Learned,0.6910569105691057
Salishan,North America,0.01,4,Freq,0.6927990708478513
Salishan,North America,0.01,4,T-CF,0.6312427409988386
Salishan,North America,0.01,4,Learned,0.670150987224158
Salishan,North America,0.05,0,Freq,0.6898954703832753
Salishan,North America,0.05,0,T-CF,0.6579558652729385
Salishan,North America,0.05,0,Learned,0.6835075493612079
Salishan,North America,0.05,1,Freq,0.6869918699186992
Salishan,North America,0.05,1,T-CF,0.6672473867595818
Salishan,North America,0.05,1,Learned,0.7044134727061556
Salishan,North America,0.05,2,Freq,0.6869918699186992
Salishan,North America,0.05,2,T-CF,0.6718931475029036
Salishan,North America,0.05,2,Learned,0.6759581881533101
Salishan,North America,0.05,3,Freq,0.6869918699186992
Salishan,North America,0.05,3,T-CF,0.6806039488966318
Salishan,North America,0.05,3,Learned,0.6962833914053427
Salishan,North America,0.05,4,Freq,0.6927990708478513
Salishan,North America,0.05,4,T-CF,0.6835075493612079
Salishan,North America,0.05,4,Learned,0.6957026713124274
Salishan,North America,0.1,0,Freq,0.6898954703832753
Salishan,North America,0.1,0,T-CF,0.6939605110336817
Salishan,North America,0.1,0,Learned,0.7032520325203252
Salishan,North America,0.1,1,Freq,0.6869918699186992
Salishan,North America,0.1,1,T-CF,0.6806039488966318
Salishan,North America,0.1,1,Learned,0.7113821138211383
Salishan,North America,0.1,2,Freq,0.6869918699186992
Salishan,North America,0.1,2,T-CF,0.6753774680603949
Salishan,North America,0.1,2,Learned,0.6991869918699187
Salishan,North America,0.1,3,Freq,0.6869918699186992
Salishan,North America,0.1,3,T-CF,0.6916376306620209
Salishan,North America,0.1,3,Learned,0.6887340301974448
Salishan,North America,0.1,4,Freq,0.6927990708478513
Salishan,North America,0.1,4,T-CF,0.6869918699186992
Salishan,North America,0.1,4,Learned,0.7195121951219512
Salishan,North America,0.2,0,Freq,0.6898954703832753
Salishan,North America,0.2,0,T-CF,0.6916376306620209
Salishan,North America,0.2,0,Learned,0.7137049941927991
Salishan,North America,0.2,1,Freq,0.6869918699186992
Salishan,North America,0.2,1,T-CF,0.6829268292682927
Salishan,North America,0.2,1,Learned,0.7212543554006968
Salishan,North America,0.2,2,Freq,0.6869918699186992
Salishan,North America,0.2,2,T-CF,0.6875725900116144
Salishan,North America,0.2,2,Learned,0.7137049941927991
Salishan,North America,0.2,3,Freq,0.6869918699186992
Salishan,North America,0.2,3,T-CF,0.6858304297328688
Salishan,North America,0.2,3,Learned,0.7078977932636469
Salishan,North America,0.2,4,Freq,0.6927990708478513
Salishan,North America,0.2,4,T-CF,0.6858304297328688
Salishan,North America,0.2,4,Learned,0.7247386759581882
Tungusic,Eurasia,0.0,0,Freq,0.7046511627906977
Tungusic,Eurasia,0.0,0,T-CF,0.536046511627907
Tungusic,Eurasia,0.0,0,Learned,0.43546511627906975
Tungusic,Eurasia,0.0,1,Freq,0.713953488372093
Tungusic,Eurasia,0.0,1,T-CF,0.4796511627906977
Tungusic,Eurasia,0.0,1,Learned,0.5395348837209303
Tungusic,Eurasia,0.0,2,Freq,0.7116279069767442
Tungusic,Eurasia,0.0,2,T-CF,0.5319767441860465
Tungusic,Eurasia,0.0,2,Learned,0.5598837209302325
Tungusic,Eurasia,0.0,3,Freq,0.7046511627906977
Tungusic,Eurasia,0.0,3,T-CF,0.5918604651162791
Tungusic,Eurasia,0.0,3,Learned,0.5587209302325581
Tungusic,Eurasia,0.0,4,Freq,0.7197674418604652
Tungusic,Eurasia,0.0,4,T-CF,0.47325581395348837
Tungusic,Eurasia,0.0,4,Learned,0.5215116279069767
Tungusic,Eurasia,0.01,0,Freq,0.7046511627906977
Tungusic,Eurasia,0.01,0,T-CF,0.7
Tungusic,Eurasia,0.01,0,Learned,0.7127906976744186
Tungusic,Eurasia,0.01,1,Freq,0.713953488372093
Tungusic,Eurasia,0.01,1,T-CF,0.6151162790697674
Tungusic,Eurasia,0.01,1,Learned,0.5773255813953488
Tungusic,Eurasia,0.01,2,Freq,0.7116279069767442
Tungusic,Eurasia,0.01,2,T-CF,0.688953488372093
Tungusic,Eurasia,0.01,2,Learned,0.6959302325581396
Tungusic,Eurasia,0.01,3,Freq,0.7046511627906977
Tungusic,Eurasia,0.01,3,T-CF,0.7116279069767442
Tungusic,Eurasia,0.01,3,Learned,0.7174418604651163
Tungusic,Eurasia,0.01,4,Freq,0.7197674418604652
Tungusic,Eurasia,0.01,4,T-CF,0.6174418604651163
Tungusic,Eurasia,0.01,4,Learned,0.588953488372093
Tungusic,Eurasia,0.05,0,Freq,0.7046511627906977
Tungusic,Eurasia,0.05,0,T-CF,0.7459302325581395
Tungusic,Eurasia,0.05,0,Learned,0.7784883720930232
Tungusic,Eurasia,0.05,1,Freq,0.713953488372093
Tungusic,Eurasia,0.05,1,T-CF,0.7063953488372093
Tungusic,Eurasia,0.05,1,Learned,0.7017441860465117
Tungusic,Eurasia,0.05,2,Freq,0.7116279069767442
Tungusic,Eurasia,0.05,2,T-CF,0.7325581395348837
Tungusic,Eurasia,0.05,2,Learned,0.7715116279069767
Tungusic,Eurasia,0.05,3,Freq,0.7046511627906977
Tungusic,Eurasia,0.05,3,T-CF,0.7156976744186047
Tungusic,Eurasia,0.05,3,Learned,0.7424418604651163
Tungusic,Eurasia,0.05,4,Freq,0.7197674418604652
Tungusic,Eurasia,0.05,4,T-CF,0.7674418604651163
Tungusic,Eurasia,0.05,4,Learned,0.7651162790697674
Tungusic,Eurasia,0.1,0,Freq,0.7046511627906977
Tungusic,Eurasia,0.1,0,T-CF,0.7412790697674418
Tungusic,Eurasia,0.1,0,Learned,0.8011627906976744
Tungusic,Eurasia,0.1,1,Freq,0.713953488372093
Tungusic,Eurasia,0.1,1,T-CF,0.7616279069767442
Tungusic,Eurasia,0.1,1,Learned,0.8052325581395349
Tungusic,Eurasia,0.1,2,Freq,0.7116279069767442
Tungusic,Eurasia,0.1,2,T-CF,0.7552325581395349
Tungusic,Eurasia,0.1,2,Learned,0.7738372093023256
Tungusic,Eurasia,0.1,3,Freq,0.7046511627906977
Tungusic,Eurasia,0.1,3,T-CF,0.7354651162790697
Tungusic,Eurasia,0.1,3,Learned,0.7854651162790698
Tungusic,Eurasia,0.1,4,Freq,0.7197674418604652
Tungusic,Eurasia,0.1,4,T-CF,0.7691860465116279
Tungusic,Eurasia,0.1,4,Learned,0.788953488372093
Tungusic,Eurasia,0.2,0,Freq,0.7046511627906977
Tungusic,Eurasia,0.2,0,T-CF,0.747093023255814
Tungusic,Eurasia,0.2,0,Learned,0.7988372093023256
Tungusic,Eurasia,0.2,1,Freq,0.713953488372093
Tungusic,Eurasia,0.2,1,T-CF,0.7715116279069767
Tungusic,Eurasia,0.2,1,Learned,0.8029069767441861
Tungusic,Eurasia,0.2,2,Freq,0.7116279069767442
Tungusic,Eurasia,0.2,2,T-CF,0.7563953488372093
Tungusic,Eurasia,0.2,2,Learned,0.7994186046511628
Tungusic,Eurasia,0.2,3,Freq,0.7046511627906977
Tungusic,Eurasia,0.2,3,T-CF,0.7540697674418605
Tungusic,Eurasia,0.2,3,Learned,0.7976744186046512
Tungusic,Eurasia,0.2,4,Freq,0.7197674418604652
Tungusic,Eurasia,0.2,4,T-CF,0.7819767441860465
Tungusic,Eurasia,0.2,4,Learned,0.8261627906976744
Cariban,South America,0.0,0,Freq,0.7044952100221076
Cariban,South America,0.0,0,T-CF,0.4627855563743552
Cariban,South America,0.0,0,Learned,0.6145910095799558
Cariban,South America,0.0,1,Freq,0.707442888725129
Cariban,South America,0.0,1,T-CF,0.5880619012527635
Cariban,South America,0.0,1,Learned,0.4524686809137804
Cariban,South America,0.0,2,Freq,0.705232129697863
Cariban,South America,0.0,2,T-CF,0.38909358879882094
Cariban,South America,0.0,2,Learned,0.4937361827560796
Cariban,South America,0.0,3,Freq,0.7140751658069271
Cariban,South America,0.0,3,T-CF,0.5313190862196021
Cariban,South America,0.0,3,Learned,0.5394252026529108
Cariban,South America,0.0,4,Freq,0.6971260132645541
Cariban,South America,0.0,4,T-CF,0.5711127487103905
Cariban,South America,0.0,4,Learned,0.4509948415622697
Cariban,South America,0.01,0,Freq,0.7044952100221076
Cariban,South America,0.01,0,T-CF,0.6153279292557111
Cariban,South America,0.01,0,Learned,0.6293294030950627
Cariban,South America,0.01,1,Freq,0.707442888725129
Cariban,South America,0.01,1,T-CF,0.6941783345615328
Cariban,South America,0.01,1,Learned,0.6720707442888725
Cariban,South America,0.01,2,Freq,0.705232129697863
Cariban,South America,0.01,2,T-CF,0.58069270449521
Cariban,South America,0.01,2,Learned,0.5991156963890936
Cariban,South America,0.01,3,Freq,0.7140751658069271
Cariban,South America,0.01,3,T-CF,0.6529108327192336
Cariban,South America,0.01,3,Learned,0.653647752394989
Cariban,South America,0.01,4,Freq,0.6971260132645541
Cariban,South America,0.01,4,T-CF,0.6529108327192336
Cariban,South America,0.01,4,Learned,0.664701547531319
Cariban,South America,0.05,0,Freq,0.7044952100221076
Cariban,South America,0.05,0,T-CF,0.6322770817980841
Cariban,South America,0.05,0,Learned,0.6418570375829035
Cariban,South America,0.05,1,Freq,0.707442888725129
Cariban,South America,0.05,1,T-CF,0.7133382461311717
Cariban,South America,0.05,1,Learned,0.711864406779661
Cariban,South America,0.05,2,Freq,0.705232129697863
Cariban,South America,0.05,2,T-CF,0.6845983787767134
Cariban,South America,0.05,2,Learned,0.6985998526160648
Cariban,South America,0.05,3,Freq,0.7140751658069271
Cariban,South America,0.05,3,T-CF,0.6492262343404569
Cariban,South America,0.05,3,Learned,0.6897568165070007
Cariban,South America,0.05,4,Freq,0.6971260132645541
Cariban,South America,0.05,4,T-CF,0.7015475313190862
Cariban,South America,0.05,4,Learned,0.6993367722918202
Cariban,South America,0.1,0,Freq,0.7044952100221076
Cariban,South America,0.1,0,T-CF,0.6978629329403095
Cariban,South America,0.1,0,Learned,0.7273397199705232
Cariban,South America,0.1,1,Freq,0.707442888725129
Cariban,South America,0.1,1,T-CF,0.6809137803979366
Cariban,South America,0.1,1,Learned,0.6985998526160648
Cariban,South America,0.1,2,Freq,0.705232129697863
Cariban,South America,0.1,2,T-CF,0.7008106116433309
Cariban,South America,0.1,2,Learned,0.7059690493736183
Cariban,South America,0.1,3,Freq,0.7140751658069271
Cariban,South America,0.1,3,T-CF,0.7302873986735445
Cariban,South America,0.1,3,Learned,0.7184966838614592
Cariban,South America,0.1,4,Freq,0.6971260132645541
Cariban,South America,0.1,4,T-CF,0.7030213706705969
Cariban,South America,0.1,4,Learned,0.6985998526160648
Cariban,South America,0.2,0,Freq,0.7044952100221076
Cariban,South America,0.2,0,T-CF,0.7170228445099485
Cariban,South America,0.2,0,Learned,0.7177597641857038
Cariban,South America,0.2,1,Freq,0.707442888725129
Cariban,South America,0.2,1,T-CF,0.7081798084008843
Cariban,South America,0.2,1,Learned,0.7310243183492999
Cariban,South America,0.2,2,Freq,0.705232129697863
Cariban,South America,0.2,2,T-CF,0.7059690493736183
Cariban,South America,0.2,2,Learned,0.711864406779661
Cariban,South America,0.2,3,Freq,0.7140751658069271
Cariban,South America,0.2,3,T-CF,0.7162859248341931
Cariban,South America,0.2,3,Learned,0.7435519528371407
Cariban,South America,0.2,4,Freq,0.6971260132645541
Cariban,South America,0.2,4,T-CF,0.707442888725129
Cariban,South America,0.2,4,Learned,0.7184966838614592
Athabaskan-Eyak-Tlingit,North America,0.0,0,Freq,0.7157464212678937
Athabaskan-Eyak-Tlingit,North America,0.0,0,T-CF,0.4396728016359918
Athabaskan-Eyak-Tlingit,North America,0.0,0,Learned,0.5480572597137015
Athabaskan-Eyak-Tlingit,North America,0.0,1,Freq,0.7130197682344922
Athabaskan-Eyak-Tlingit,North America,0.0,1,T-CF,0.4383094751192911
Athabaskan-Eyak-Tlingit,North America,0.0,1,Learned,0.5460122699386503
Athabaskan-Eyak-Tlingit,North America,0.0,2,Freq,0.7177914110429447
Athabaskan-Eyak-Tlingit,North America,0.0,2,T-CF,0.45194274028629855
Athabaskan-Eyak-Tlingit,North America,0.0,2,Learned,0.6012269938650306
Athabaskan-Eyak-Tlingit,North America,0.0,3,Freq,0.7137014314928425
Athabaskan-Eyak-Tlingit,North America,0.0,3,T-CF,0.5882753919563736
Athabaskan-Eyak-Tlingit,North America,0.0,3,Learned,0.4239945466939332
Athabaskan-Eyak-Tlingit,North America,0.0,4,Freq,0.7089297886843899
Athabaskan-Eyak-Tlingit,North America,0.0,4,T-CF,0.6032719836400818
Athabaskan-Eyak-Tlingit,North America,0.0,4,Learned,0.5064758009543285
Athabaskan-Eyak-Tlingit,North America,0.01,0,Freq,0.7157464212678937
Athabaskan-Eyak-Tlingit,North America,0.01,0,T-CF,0.6802999318336742
Athabaskan-Eyak-Tlingit,North America,0.01,0,Learned,0.6768916155419223
Athabaskan-Eyak-Tlingit,North America,0.01,1,Freq,0.7130197682344922
Athabaskan-Eyak-Tlingit,North America,0.01,1,T-CF,0.6298568507157464
Athabaskan-Eyak-Tlingit,North America,0.01,1,Learned,0.6066802999318337
Athabaskan-Eyak-Tlingit,North America,0.01,2,Freq,0.7177914110429447
Athabaskan-Eyak-Tlingit,North America,0.01,2,T-CF,0.6509884117246081
Athabaskan-Eyak-Tlingit,North America,0.01,2,Learned,0.6482617586912065
Athabaskan-Eyak-Tlingit,North America,0.01,3,Freq,0.7137014314928425
Athabaskan-Eyak-Tlingit,North America,0.01,3,T-CF,0.5753237900477164
Athabaskan-Eyak-Tlingit,North America,0.01,3,Learned,0.6114519427402862
Athabaskan-Eyak-Tlingit,North America,0.01,4,Freq,0.7089297886843899
Athabaskan-Eyak-Tlingit,North America,0.01,4,T-CF,0.6775732788002726
Athabaskan-Eyak-Tlingit,North America,0.01,4,Learned,0.6666666666666666
Athabaskan-Eyak-Tlingit,North America,0.05,0,Freq,0.7157464212678937
Athabaskan-Eyak-Tlingit,North America,0.05,0,T-CF,0.7171097477845945
Athabaskan-Eyak-Tlingit,North America,0.05,0,Learned,0.7137014314928425
Athabaskan-Eyak-Tlingit,North America,0.05,1,Freq,0.7130197682344922
Athabaskan-Eyak-Tlingit,North America,0.05,1,T-CF,0.7116564417177914
Athabaskan-Eyak-Tlingit,North America,0.05,1,Learned,0.7089297886843899
Athabaskan-Eyak-Tlingit,North America,0.05,2,Freq,0.7177914110429447
Athabaskan-Eyak-Tlingit,North America,0.05,2,T-CF,0.7293796864349011
Athabaskan-Eyak-Tlingit,North America,0.05,2,Learned,0.7184730743012951
Athabaskan-Eyak-Tlingit,North America,0.05,3,Freq,0.7137014314928425
Athabaskan-Eyak-Tlingit,North America,0.05,3,T-CF,0.7027948193592365
Athabaskan-Eyak-Tlingit,North America,0.05,3,Learned,0.6877982276755283
Athabaskan-Eyak-Tlingit,North America,0.05,4,Freq,0.7089297886843899
Athabaskan-Eyak-Tlingit,North America,0.05,4,T-CF,0.7157464212678937
Athabaskan-Eyak-Tlingit,North America,0.05,4,Learned,0.7102931152010906
Athabaskan-Eyak-Tlingit,North America,0.1,0,Freq,0.7157464212678937
Athabaskan-Eyak-Tlingit,North America,0.1,0,T-CF,0.7280163599182005
Athabaskan-Eyak-Tlingit,North America,0.1,0,Learned,0.7164280845262441
Athabaskan-Eyak-Tlingit,North America,0.1,1,Freq,0.7130197682344922
Athabaskan-Eyak-Tlingit,North America,0.1,1,T-CF,0.7171097477845945
Athabaskan-Eyak-Tlingit,North America,0.1,1,Learned,0.7164280845262441
Athabaskan-Eyak-Tlingit,North America,0.1,2,Freq,0.7177914110429447
Athabaskan-Eyak-Tlingit,North America,0.1,2,T-CF,0.7252897068847989
Athabaskan-Eyak-Tlingit,North America,0.1,2,Learned,0.7361963190184049
Athabaskan-Eyak-Tlingit,North America,0.1,3,Freq,0.7137014314928425
Athabaskan-Eyak-Tlingit,North America,0.1,3,T-CF,0.7116564417177914
Athabaskan-Eyak-Tlingit,North America,0.1,3,Learned,0.6993865030674846
Athabaskan-Eyak-Tlingit,North America,0.1,4,Freq,0.7089297886843899
Athabaskan-Eyak-Tlingit,North America,0.1,4,T-CF,0.7143830947511929
Athabaskan-Eyak-Tlingit,North America,0.1,4,Learned,0.7232447171097478
Athabaskan-Eyak-Tlingit,North America,0.2,0,Freq,0.7157464212678937
Athabaskan-Eyak-Tlingit,North America,0.2,0,T-CF,0.7232447171097478
Athabaskan-Eyak-Tlingit,North America,0.2,0,Learned,0.7341513292433538
Athabaskan-Eyak-Tlingit,North America,0.2,1,Freq,0.7130197682344922
Athabaskan-Eyak-Tlingit,North America,0.2,1,T-CF,0.7198364008179959
Athabaskan-Eyak-Tlingit,North America,0.2,1,Learned,0.7184730743012951
Athabaskan-Eyak-Tlingit,North America,0.2,2,Freq,0.7177914110429447
Athabaskan-Eyak-Tlingit,North America,0.2,2,T-CF,0.721881390593047
Athabaskan-Eyak-Tlingit,North America,0.2,2,Learned,0.732788002726653
Athabaskan-Eyak-Tlingit,North America,0.2,3,Freq,0.7137014314928425
Athabaskan-Eyak-Tlingit,North America,0.2,3,T-CF,0.7075664621676891
Athabaskan-Eyak-Tlingit,North America,0.2,3,Learned,0.7048398091342877
Athabaskan-Eyak-Tlingit,North America,0.2,4,Freq,0.7089297886843899
Athabaskan-Eyak-Tlingit,North America,0.2,4,T-CF,0.7137014314928425
Athabaskan-Eyak-Tlingit,North America,0.2,4,Learned,0.7089297886843899
Tucanoan,South America,0.0,0,Freq,0.6088840736728061
Tucanoan,South America,0.0,0,T-CF,0.5677139761646804
Tucanoan,South America,0.0,0,Learned,0.5742145178764897
Tucanoan,South America,0.0,1,Freq,0.6153846153846154
Tucanoan,South America,0.0,1,T-CF,0.5525460455037919
Tucanoan,South America,0.0,1,Learned,0.514626218851571
Tucanoan,South America,0.0,2,Freq,0.6045503791982665
Tucanoan,South America,0.0,2,T-CF,0.600216684723727
Tucanoan,South America,0.0,2,Learned,0.4517876489707476
Tucanoan,South America,0.0,3,Freq,0.6078006500541712
Tucanoan,South America,0.0,3,T-CF,0.43661971830985913
Tucanoan,South America,0.0,3,Learned,0.447453954496208
Tucanoan,South America,0.0,4,Freq,0.6045503791982665
Tucanoan,South America,0.0,4,T-CF,0.4442036836403034
Tucanoan,South America,0.0,4,Learned,0.4723726977248104
Tucanoan,South America,0.01,0,Freq,0.6088840736728061
Tucanoan,South America,0.01,0,T-CF,0.49729144095341277
Tucanoan,South America,0.01,0,Learned,0.49729144095341277
Tucanoan,South America,0.01,1,Freq,0.6153846153846154
Tucanoan,South America,0.01,1,T-CF,0.5536294691224268
Tucanoan,South America,0.01,1,Learned,0.5579631635969664
Tucanoan,South America,0.01,2,Freq,0.6045503791982665
Tucanoan,South America,0.01,2,T-CF,0.5373781148429035
Tucanoan,South America,0.01,2,Learned,0.5102925243770314
Tucanoan,South America,0.01,3,Freq,0.6078006500541712
Tucanoan,South America,0.01,3,T-CF,0.5785482123510293
Tucanoan,South America,0.01,3,Learned,0.5872156013001083
Tucanoan,South America,0.01,4,Freq,0.6045503791982665
Tucanoan,South America,0.01,4,T-CF,0.5482123510292525
Tucanoan,South America,0.01,4,Learned,0.6034669555796316
Tucanoan,South America,0.05,0,Freq,0.6088840736728061
Tucanoan,South America,0.05,0,T-CF,0.5742145178764897
Tucanoan,South America,0.05,0,Learned,0.6424702058504875
Tucanoan,South America,0.05,1,Freq,0.6153846153846154
Tucanoan,South America,0.05,1,T-CF,0.628385698808234
Tucanoan,South America,0.05,1,Learned,0.6143011917659805
Tucanoan,South America,0.05,2,Freq,0.6045503791982665
Tucanoan,South America,0.05,2,T-CF,0.5872156013001083
Tucanoan,South America,0.05,2,Learned,0.6164680390032503
Tucanoan,South America,0.05,3,Freq,0.6078006500541712
Tucanoan,South America,0.05,3,T-CF,0.6034669555796316
Tucanoan,South America,0.05,3,Learned,0.628385698808234
Tucanoan,South America,0.05,4,Freq,0.6045503791982665
Tucanoan,South America,0.05,4,T-CF,0.6500541711809318
Tucanoan,South America,0.05,4,Learned,0.6543878656554712
Tucanoan,South America,0.1,0,Freq,0.6088840736728061
Tucanoan,South America,0.1,0,T-CF,0.6262188515709642
Tucanoan,South America,0.1,0,Learned,0.6608884073672806
Tucanoan,South America,0.1,1,Freq,0.6153846153846154
Tucanoan,South America,0.1,1,T-CF,0.6435536294691224
Tucanoan,South America,0.1,1,Learned,0.6522210184182016
Tucanoan,South America,0.1,2,Freq,0.6045503791982665
Tucanoan,South America,0.1,2,T-CF,0.6078006500541712
Tucanoan,South America,0.1,2,Learned,0.66738894907909
Tucanoan,South America,0.1,3,Freq,0.6078006500541712
Tucanoan,South America,0.1,3,T-CF,0.628385698808234
Tucanoan,South America,0.1,3,Learned,0.6511375947995667
Tucanoan,South America,0.1,4,Freq,0.6045503791982665
Tucanoan,South America,0.1,4,T-CF,0.6370530877573131
Tucanoan,South America,0.1,4,Learned,0.6500541711809318
Tucanoan,South America,0.2,0,Freq,0.6088840736728061
Tucanoan,South America,0.2,0,T-CF,0.6630552546045504
Tucanoan,South America,0.2,0,Learned,0.7031419284940412
Tucanoan,South America,0.2,1,Freq,0.6153846153846154
Tucanoan,South America,0.2,1,T-CF,0.6587215601300108
Tucanoan,South America,0.2,1,Learned,0.6825568797399784
Tucanoan,South America,0.2,2,Freq,0.6045503791982665
Tucanoan,South America,0.2,2,T-CF,0.6598049837486457
Tucanoan,South America,0.2,2,Learned,0.6684723726977249
Tucanoan,South America,0.2,3,Freq,0.6078006500541712
Tucanoan,South America,0.2,3,T-CF,0.6435536294691224
Tucanoan,South America,0.2,3,Learned,0.6717226435536294
Tucanoan,South America,0.2,4,Freq,0.6045503791982665
Tucanoan,South America,0.2,4,T-CF,0.6294691224268689
Tucanoan,South America,0.2,4,Learned,0.66738894907909
Hmong-Mien,Eurasia,0.0,0,Freq,0.8080877313228239
Hmong-Mien,Eurasia,0.0,0,T-CF,0.4270047978067169
Hmong-Mien,Eurasia,0.0,0,Learned,0.5572309801233721
Hmong-Mien,Eurasia,0.0,1,Freq,0.8197395476353667
Hmong-Mien,Eurasia,0.0,1,T-CF,0.5558601782042495
Hmong-Mien,Eurasia,0.0,1,Learned,0.5339273474982865
Hmong-Mien,Eurasia,0.0,2,Freq,0.8053461274845785
Hmong-Mien,Eurasia,0.0,2,T-CF,0.49691569568197397
Hmong-Mien,Eurasia,0.0,2,Learned,0.4838930774503084
Hmong-Mien,Eurasia,0.0,3,Freq,0.8122001370801919
Hmong-Mien,Eurasia,0.0,3,T-CF,0.5161069225496916
Hmong-Mien,Eurasia,0.0,3,Learned,0.5894448252227553
Hmong-Mien,Eurasia,0.0,4,Freq,0.8169979437971213
Hmong-Mien,Eurasia,0.0,4,T-CF,0.47978067169294036
Hmong-Mien,Eurasia,0.0,4,Learned,0.5825908156271419
Hmong-Mien,Eurasia,0.01,0,Freq,0.8080877313228239
Hmong-Mien,Eurasia,0.01,0,T-CF,0.6758053461274846
Hmong-Mien,Eurasia,0.01,0,Learned,0.7368060315284441
Hmong-Mien,Eurasia,0.01,1,Freq,0.8197395476353667
Hmong-Mien,Eurasia,0.01,1,T-CF,0.7587388622344071
Hmong-Mien,Eurasia,0.01,1,Learned,0.744345442083619
Hmong-Mien,Eurasia,0.01,2,Freq,0.8053461274845785
Hmong-Mien,Eurasia,0.01,2,T-CF,0.6949965729952022
Hmong-Mien,Eurasia,0.01,2,Learned,0.7087045921864291
Hmong-Mien,Eurasia,0.01,3,Freq,0.8122001370801919
Hmong-Mien,Eurasia,0.01,3,T-CF,0.8087731322823852
Hmong-Mien,Eurasia,0.01,3,Learned,0.8080877313228239
Hmong-Mien,Eurasia,0.01,4,Freq,0.8169979437971213
Hmong-Mien,Eurasia,0.01,4,T-CF,0.8163125428375599
Hmong-Mien,Eurasia,0.01,4,Learned,0.8190541466758053
Hmong-Mien,Eurasia,0.05,0,Freq,0.8080877313228239
Hmong-Mien,Eurasia,0.05,0,T-CF,0.8211103495544894
Hmong-Mien,Eurasia,0.05,0,Learned,0.8217957505140507
Hmong-Mien,Eurasia,0.05,1,Freq,0.8197395476353667
Hmong-Mien,Eurasia,0.05,1,T-CF,0.8211103495544894
Hmong-Mien,Eurasia,0.05,1,Learned,0.8341329677861549
Hmong-Mien,Eurasia,0.05,2,Freq,0.8053461274845785
Hmong-Mien,Eurasia,0.05,2,T-CF,0.8156271418779987
Hmong-Mien,Eurasia,0.05,2,Learned,0.8375599725839616
Hmong-Mien,Eurasia,0.05,3,Freq,0.8122001370801919
Hmong-Mien,Eurasia,0.05,3,T-CF,0.8135709389993147
Hmong-Mien,Eurasia,0.05,3,Learned,0.8320767649074708
Hmong-Mien,Eurasia,0.05,4,Freq,0.8169979437971213
Hmong-Mien,Eurasia,0.05,4,T-CF,0.8176833447566827
Hmong-Mien,Eurasia,0.05,4,Learned,0.8396161754626457
Hmong-Mien,Eurasia,0.1,0,Freq,0.8080877313228239
Hmong-Mien,Eurasia,0.1,0,T-CF,0.8224811514736121
Hmong-Mien,Eurasia,0.1,0,Learned,0.8430431802604523
Hmong-Mien,Eurasia,0.1,1,Freq,0.8197395476353667
Hmong-Mien,Eurasia,0.1,1,T-CF,0.8286497601096642
Hmong-Mien,Eurasia,0.1,1,Learned,0.8382453735435229
Hmong-Mien,Eurasia,0.1,2,Freq,0.8053461274845785
Hmong-Mien,Eurasia,0.1,2,T-CF,0.8115147361206305
Hmong-Mien,Eurasia,0.1,2,Learned,0.8245373543522961
Hmong-Mien,Eurasia,0.1,3,Freq,0.8122001370801919
Hmong-Mien,Eurasia,0.1,3,T-CF,0.8231665524331734
Hmong-Mien,Eurasia,0.1,3,Learned,0.8334475668265936
Hmong-Mien,Eurasia,0.1,4,Freq,0.8169979437971213
Hmong-Mien,Eurasia,0.1,4,T-CF,0.8211103495544894
Hmong-Mien,Eurasia,0.1,4,Learned,0.8293351610692254
Hmong-Mien,Eurasia,0.2,0,Freq,0.8080877313228239
Hmong-Mien,Eurasia,0.2,0,T-CF,0.8197395476353667
Hmong-Mien,Eurasia,0.2,0,Learned,0.8478409869773817
Hmong-Mien,Eurasia,0.2,1,Freq,0.8197395476353667
Hmong-Mien,Eurasia,0.2,1,T-CF,0.818368745716244
Hmong-Mien,Eurasia,0.2,1,Learned,0.8485263879369431
Hmong-Mien,Eurasia,0.2,2,Freq,0.8053461274845785
Hmong-Mien,Eurasia,0.2,2,T-CF,0.8169979437971213
Hmong-Mien,Eurasia,0.2,2,Learned,0.8368745716244003
Hmong-Mien,Eurasia,0.2,3,Freq,0.8122001370801919
Hmong-Mien,Eurasia,0.2,3,T-CF,0.8163125428375599
Hmong-Mien,Eurasia,0.2,3,Learned,0.8444139821795751
Hmong-Mien,Eurasia,0.2,4,Freq,0.8169979437971213
Hmong-Mien,Eurasia,0.2,4,T-CF,0.8265935572309802
Hmong-Mien,Eurasia,0.2,4,Learned,0.8396161754626457
Japonic,Eurasia,0.0,0,Freq,0.7146263910969793
Japonic,Eurasia,0.0,0,T-CF,0.4364069952305246
Japonic,Eurasia,0.0,0,Learned,0.534181240063593
Japonic,Eurasia,0.0,1,Freq,0.7233704292527822
Japonic,Eurasia,0.0,1,T-CF,0.4411764705882353
Japonic,Eurasia,0.0,1,Learned,0.5
Japonic,Eurasia,0.0,2,Freq,0.7217806041335453
Japonic,Eurasia,0.0,2,T-CF,0.643879173290938
Japonic,Eurasia,0.0,2,Learned,0.5039745627980922
Japonic,Eurasia,0.0,3,Freq,0.7146263910969793
Japonic,Eurasia,0.0,3,T-CF,0.5294117647058824
Japonic,Eurasia,0.0,3,Learned,0.4220985691573927
Japonic,Eurasia,0.0,4,Freq,0.7233704292527822
Japonic,Eurasia,0.0,4,T-CF,0.5961844197138315
Japonic,Eurasia,0.0,4,Learned,0.5659777424483307
Japonic,Eurasia,0.01,0,Freq,0.7146263910969793
Japonic,Eurasia,0.01,0,T-CF,0.6875993640699523
Japonic,Eurasia,0.01,0,Learned,0.7114467408585056
Japonic,Eurasia,0.01,1,Freq,0.7233704292527822
Japonic,Eurasia,0.01,1,T-CF,0.6621621621621622
Japonic,Eurasia,0.01,1,Learned,0.724960254372019
Japonic,Eurasia,0.01,2,Freq,0.7217806041335453
Japonic,Eurasia,0.01,2,T-CF,0.6828298887122417
Japonic,Eurasia,0.01,2,Learned,0.6883942766295708
Japonic,Eurasia,0.01,3,Freq,0.7146263910969793
Japonic,Eurasia,0.01,3,T-CF,0.7480127186009539
Japonic,Eurasia,0.01,3,Learned,0.7615262321144675
Japonic,Eurasia,0.01,4,Freq,0.7233704292527822
Japonic,Eurasia,0.01,4,T-CF,0.5747217806041336
Japonic,Eurasia,0.01,4,Learned,0.6216216216216216
Japonic,Eurasia,0.05,0,Freq,0.7146263910969793
Japonic,Eurasia,0.05,0,T-CF,0.7416534181240063
Japonic,Eurasia,0.05,0,Learned,0.7678855325914149
Japonic,Eurasia,0.05,1,Freq,0.7233704292527822
Japonic,Eurasia,0.05,1,T-CF,0.7480127186009539
Japonic,Eurasia,0.05,1,Learned,0.7782193958664547
Japonic,Eurasia,0.05,2,Freq,0.7217806041335453
Japonic,Eurasia,0.05,2,T-CF,0.7567567567567568
Japonic,Eurasia,0.05,2,Learned,0.7790143084260731
Japonic,Eurasia,0.05,3,Freq,0.7146263910969793
Japonic,Eurasia,0.05,3,T-CF,0.760731319554849
Japonic,Eurasia,0.05,3,Learned,0.7726550079491256
Japonic,Eurasia,0.05,4,Freq,0.7233704292527822
Japonic,Eurasia,0.05,4,T-CF,0.7321144674085851
Japonic,Eurasia,0.05,4,Learned,0.7488076311605724
Japonic,Eurasia,0.1,0,Freq,0.7146263910969793
Japonic,Eurasia,0.1,0,T-CF,0.739268680445151
Japonic,Eurasia,0.1,0,Learned,0.78060413354531
Japonic,Eurasia,0.1,1,Freq,0.7233704292527822
Japonic,Eurasia,0.1,1,T-CF,0.7496025437201908
Japonic,Eurasia,0.1,1,Learned,0.7893481717011129
Japonic,Eurasia,0.1,2,Freq,0.7217806041335453
Japonic,Eurasia,0.1,2,T-CF,0.7376788553259142
Japonic,Eurasia,0.1,2,Learned,0.7941176470588235
Japonic,Eurasia,0.1,3,Freq,0.7146263910969793
Japonic,Eurasia,0.1,3,T-CF,0.7480127186009539
Japonic,Eurasia,0.1,3,Learned,0.7694753577106518
Japonic,Eurasia,0.1,4,Freq,0.7233704292527822
Japonic,Eurasia,0.1,4,T-CF,0.7567567567567568
Japonic,Eurasia,0.1,4,Learned,0.8036565977742448
Japonic,Eurasia,0.2,0,Freq,0.7146263910969793
Japonic,Eurasia,0.2,0,T-CF,0.7551669316375199
Japonic,Eurasia,0.2,0,Learned,0.7798092209856916
Japonic,Eurasia,0.2,1,Freq,0.7233704292527822
Japonic,Eurasia,0.2,1,T-CF,0.7686804451510334
Japonic,Eurasia,0.2,1,Learned,0.7758346581875993
Japonic,Eurasia,0.2,2,Freq,0.7217806041335453
Japonic,Eurasia,0.2,2,T-CF,0.7559618441971383
Japonic,Eurasia,0.2,2,Learned,0.8076311605723371
Japonic,Eurasia,0.2,3,Freq,0.7146263910969793
Japonic,Eurasia,0.2,3,T-CF,0.753577106518283
Japonic,Eurasia,0.2,3,Learned,0.7933227344992051
Japonic,Eurasia,0.2,4,Freq,0.7233704292527822
Japonic,Eurasia,0.2,4,T-CF,0.760731319554849
Japonic,Eurasia,0.2,4,Learned,0.7869634340222575
Sepik,Papunesia,0.0,0,Freq,0.7003654080389768
Sepik,Papunesia,0.0,0,T-CF,0.46528623629719856
Sepik,Papunesia,0.0,0,Learned,0.5006090133982948
Sepik,Papunesia,0.0,1,Freq,0.7088915956151035
Sepik,Papunesia,0.0,1,T-CF,0.5578562728380024
Sepik,Papunesia,0.0,1,Learned,0.5578562728380024
Sepik,Papunesia,0.0,2,Freq,0.707673568818514
Sepik,Papunesia,0.0,2,T-CF,0.4482338611449452
Sepik,Papunesia,0.0,2,Learned,0.4981729598051157
Sepik,Papunesia,0.0,3,Freq,0.707673568818514
Sepik,Papunesia,0.0,3,T-CF,0.5176613885505481
Sepik,Papunesia,0.0,3,Learned,0.4835566382460414
Sepik,Papunesia,0.0,4,Freq,0.6979293544457978
Sepik,Papunesia,0.0,4,T-CF,0.5334957369062119
Sepik,Papunesia,0.0,4,Learned,0.415347137637028
Sepik,Papunesia,0.01,0,Freq,0.7003654080389768
Sepik,Papunesia,0.01,0,T-CF,0.6492082825822169
Sepik,Papunesia,0.01,0,Learned,0.6869671132764921
Sepik,Papunesia,0.01,1,Freq,0.7088915956151035
Sepik,Papunesia,0.01,1,T-CF,0.6857490864799025
Sepik,Papunesia,0.01,1,Learned,0.6760048721071864
Sepik,Papunesia,0.01,2,Freq,0.707673568818514
Sepik,Papunesia,0.01,2,T-CF,0.5395858708891595
Sepik,Papunesia,0.01,2,Learned,0.5676004872107187
Sepik,Papunesia,0.01,3,Freq,0.707673568818514
Sepik,Papunesia,0.01,3,T-CF,0.6065773447015834
Sepik,Papunesia,0.01,3,Learned,0.6017052375152253
Sepik,Papunesia,0.01,4,Freq,0.6979293544457978
Sepik,Papunesia,0.01,4,T-CF,0.6394640682095006
Sepik,Papunesia,0.01,4,Learned,0.6516443361753959
Sepik,Papunesia,0.05,0,Freq,0.7003654080389768
Sepik,Papunesia,0.05,0,T-CF,0.6869671132764921
Sepik,Papunesia,0.05,0,Learned,0.6954933008526187
Sepik,Papunesia,0.05,1,Freq,0.7088915956151035
Sepik,Papunesia,0.05,1,T-CF,0.6967113276492083
Sepik,Papunesia,0.05,1,Learned,0.6979293544457978
Sepik,Papunesia,0.05,2,Freq,0.707673568818514
Sepik,Papunesia,0.05,2,T-CF,0.6187576126674786
Sepik,Papunesia,0.05,2,Learned,0.630937880633374
Sepik,Papunesia,0.05,3,Freq,0.707673568818514
Sepik,Papunesia,0.05,3,T-CF,0.6967113276492083
Sepik,Papunesia,0.05,3,Learned,0.7015834348355664
Sepik,Papunesia,0.05,4,Freq,0.6979293544457978
Sepik,Papunesia,0.05,4,T-CF,0.6492082825822169
Sepik,Papunesia,0.05,4,Learned,0.6772228989037758
Sepik,Papunesia,0.1,0,Freq,0.7003654080389768
Sepik,Papunesia,0.1,0,T-CF,0.6918392204628502
Sepik,Papunesia,0.1,0,Learned,0.6991473812423873
Sepik,Papunesia,0.1,1,Freq,0.7088915956151035
Sepik,Papunesia,0.1,1,T-CF,0.6699147381242387
Sepik,Papunesia,0.1,1,Learned,0.6674786845310596
Sepik,Papunesia,0.1,2,Freq,0.707673568818514
Sepik,Papunesia,0.1,2,T-CF,0.6991473812423873
Sepik,Papunesia,0.1,2,Learned,0.6954933008526187
Sepik,Papunesia,0.1,3,Freq,0.707673568818514
Sepik,Papunesia,0.1,3,T-CF,0.7003654080389768
Sepik,Papunesia,0.1,3,Learned,0.6869671132764921
Sepik,Papunesia,0.1,4,Freq,0.6979293544457978
Sepik,Papunesia,0.1,4,T-CF,0.702801461632156
Sepik,Papunesia,0.1,4,Learned,0.7015834348355664
Sepik,Papunesia,0.2,0,Freq,0.7003654080389768
Sepik,Papunesia,0.2,0,T-CF,0.705237515225335
Sepik,Papunesia,0.2,0,Learned,0.7113276492082826
Sepik,Papunesia,0.2,1,Freq,0.7088915956151035
Sepik,Papunesia,0.2,1,T-CF,0.6930572472594397
Sepik,Papunesia,0.2,1,Learned,0.705237515225335
Sepik,Papunesia,0.2,2,Freq,0.707673568818514
Sepik,Papunesia,0.2,2,T-CF,0.7161997563946407
Sepik,Papunesia,0.2,2,Learned,0.7356881851400731
Sepik,Papunesia,0.2,3,Freq,0.707673568818514
Sepik,Papunesia,0.2,3,T-CF,0.7149817295980512
Sepik,Papunesia,0.2,3,Learned,0.7393422655298416
Sepik,Papunesia,0.2,4,Freq,0.6979293544457978
Sepik,Papunesia,0.2,4,T-CF,0.7101096224116931
Sepik,Papunesia,0.2,4,Learned,0.7186358099878197
Quechuan,South America,0.0,0,Freq,0.7251512532411409
Quechuan,South America,0.0,0,T-CF,0.5341400172860847
Quechuan,South America,0.0,0,Learned,0.41227312013828865
Quechuan,South America,0.0,1,Freq,0.7216940363007779
Quechuan,South America,0.0,1,T-CF,0.45980985306828004
Quechuan,South America,0.0,1,Learned,0.45635263612791704
Quechuan,South America,0.0,2,Freq,0.7208297320656871
Quechuan,South America,0.0,2,T-CF,0.5496974935177182
Quechuan,South America,0.0,2,Learned,0.44165946413137425
Quechuan,South America,0.0,3,Freq,0.7147796024200519
Quechuan,South America,0.0,3,T-CF,0.4658599827139153
Quechuan,South America,0.0,3,Learned,0.5488331892826275
Quechuan,South America,0.0,4,Freq,0.7104580812445981
Quechuan,South America,0.0,4,T-CF,0.5911840968020743
Quechuan,South America,0.0,4,Learned,0.5133967156439067
Quechuan,South America,0.01,0,Freq,0.7251512532411409
Quechuan,South America,0.01,0,T-CF,0.675885911840968
Quechuan,South America,0.01,0,Learned,0.6274848746758859
Quechuan,South America,0.01,1,Freq,0.7216940363007779
Quechuan,South America,0.01,1,T-CF,0.5669835782195333
Quechuan,South America,0.01,1,Learned,0.5566119273984442
Quechuan,South America,0.01,2,Freq,0.7208297320656871
Quechuan,South America,0.01,2,T-CF,0.634399308556612
Quechuan,South America,0.01,2,Learned,0.6032843560933449
Quechuan,South America,0.01,3,Freq,0.7147796024200519
Quechuan,South America,0.01,3,T-CF,0.7381158167675022
Quechuan,South America,0.01,3,Learned,0.700086430423509
Quechuan,South America,0.01,4,Freq,0.7104580812445981
Quechuan,South America,0.01,4,T-CF,0.6637856525496975
Quechuan,South America,0.01,4,Learned,0.6802074330164217
Quechuan,South America,0.05,0,Freq,0.7251512532411409
Quechuan,South America,0.05,0,T-CF,0.7199654278305964
Quechuan,South America,0.05,0,Learned,0.7242869490060502
Quechuan,South America,0.05,1,Freq,0.7216940363007779
Quechuan,South America,0.05,1,T-CF,0.7640449438202247
Quechuan,South America,0.05,1,Learned,0.7796024200518582
Quechuan,South America,0.05,2,Freq,0.7208297320656871
Quechuan,South America,0.05,2,T-CF,0.7545375972342264
Quechuan,South America,0.05,2,Learned,0.7683664649956785
Quechuan,South America,0.05,3,Freq,0.7147796024200519
Quechuan,South America,0.05,3,T-CF,0.7450302506482281
Quechuan,South America,0.05,3,Learned,0.7649092480553155
Quechuan,South America,0.05,4,Freq,0.7104580812445981
Quechuan,South America,0.05,4,T-CF,0.7389801210025929
Quechuan,South America,0.05,4,Learned,0.7623163353500432
Quechuan,South America,0.1,0,Freq,0.7251512532411409
Quechuan,South America,0.1,0,T-CF,0.7675021607605877
Quechuan,South America,0.1,0,Learned,0.7640449438202247
Quechuan,South America,0.1,1,Freq,0.7216940363007779
Quechuan,South America,0.1,1,T-CF,0.7709593777009507
Quechuan,South America,0.1,1,Learned,0.7821953327571305
Quechuan,South America,0.1,2,Freq,0.7208297320656871
Quechuan,South America,0.1,2,T-CF,0.7614520311149524
Quechuan,South America,0.1,2,Learned,0.7934312878133103
Quechuan,South America,0.1,3,Freq,0.7147796024200519
Quechuan,South America,0.1,3,T-CF,0.7433016421780466
Quechuan,South America,0.1,3,Learned,0.7718236819360415
Quechuan,South America,0.1,4,Freq,0.7104580812445981
Quechuan,South America,0.1,4,T-CF,0.7502160760587727
Quechuan,South America,0.1,4,Learned,0.773552290406223
Quechuan,South America,0.2,0,Freq,0.7251512532411409
Quechuan,South America,0.2,0,T-CF,0.7752808988764045
Quechuan,South America,0.2,0,Learned,0.8029386343993086
Quechuan,South America,0.2,1,Freq,0.7216940363007779
Quechuan,South America,0.2,1,T-CF,0.766637856525497
Quechuan,South America,0.2,1,Learned,0.8029386343993086
Quechuan,South America,0.2,2,Freq,0.7208297320656871
Quechuan,South America,0.2,2,T-CF,0.7675021607605877
Quechuan,South America,0.2,2,Learned,0.808124459809853
Quechuan,South America,0.2,3,Freq,0.7147796024200519
Quechuan,South America,0.2,3,T-CF,0.7554019014693172
Quechuan,South America,0.2,3,Learned,0.790838375108038
Quechuan,South America,0.2,4,Freq,0.7104580812445981
Quechuan,South America,0.2,4,T-CF,0.7554019014693172
Quechuan,South America,0.2,4,Learned,0.8003457216940363
Mongolic-Khitan,Eurasia,0.0,0,Freq,0.7826923076923077
Mongolic-Khitan,Eurasia,0.0,0,T-CF,0.5057692307692307
Mongolic-Khitan,Eurasia,0.0,0,Learned,0.40384615384615385
Mongolic-Khitan,Eurasia,0.0,1,Freq,0.7807692307692308
Mongolic-Khitan,Eurasia,0.0,1,T-CF,0.325
Mongolic-Khitan,Eurasia,0.0,1,Learned,0.5009615384615385
Mongolic-Khitan,Eurasia,0.0,2,Freq,0.7826923076923077
Mongolic-Khitan,Eurasia,0.0,2,T-CF,0.4721153846153846
Mongolic-Khitan,Eurasia,0.0,2,Learned,0.5913461538461539
Mongolic-Khitan,Eurasia,0.0,3,Freq,0.7865384615384615
Mongolic-Khitan,Eurasia,0.0,3,T-CF,0.3644230769230769
Mongolic-Khitan,Eurasia,0.0,3,Learned,0.5673076923076923
Mongolic-Khitan,Eurasia,0.0,4,Freq,0.7903846153846154
Mongolic-Khitan,Eurasia,0.0,4,T-CF,0.6153846153846154
Mongolic-Khitan,Eurasia,0.0,4,Learned,0.39134615384615384
Mongolic-Khitan,Eurasia,0.01,0,Freq,0.7826923076923077
Mongolic-Khitan,Eurasia,0.01,0,T-CF,0.7884615384615384
Mongolic-Khitan,Eurasia,0.01,0,Learned,0.7586538461538461
Mongolic-Khitan,Eurasia,0.01,1,Freq,0.7807692307692308
Mongolic-Khitan,Eurasia,0.01,1,T-CF,0.7201923076923077
Mongolic-Khitan,Eurasia,0.01,1,Learned,0.7355769230769231
Mongolic-Khitan,Eurasia,0.01,2,Freq,0.7826923076923077
Mongolic-Khitan,Eurasia,0.01,2,T-CF,0.7125
Mongolic-Khitan,Eurasia,0.01,2,Learned,0.6836538461538462
Mongolic-Khitan,Eurasia,0.01,3,Freq,0.7865384615384615
Mongolic-Khitan,Eurasia,0.01,3,T-CF,0.7182692307692308
Mongolic-Khitan,Eurasia,0.01,3,Learned,0.7269230769230769
Mongolic-Khitan,Eurasia,0.01,4,Freq,0.7903846153846154
Mongolic-Khitan,Eurasia,0.01,4,T-CF,0.7125
Mongolic-Khitan,Eurasia,0.01,4,Learned,0.7009615384615384
Mongolic-Khitan,Eurasia,0.05,0,Freq,0.7826923076923077
Mongolic-Khitan,Eurasia,0.05,0,T-CF,0.8038461538461539
Mongolic-Khitan,Eurasia,0.05,0,Learned,0.8038461538461539
Mongolic-Khitan,Eurasia,0.05,1,Freq,0.7807692307692308
Mongolic-Khitan,Eurasia,0.05,1,T-CF,0.7211538461538461
Mongolic-Khitan,Eurasia,0.05,1,Learned,0.7538461538461538
Mongolic-Khitan,Eurasia,0.05,2,Freq,0.7826923076923077
Mongolic-Khitan,Eurasia,0.05,2,T-CF,0.7875
Mongolic-Khitan,Eurasia,0.05,2,Learned,0.7932692307692307
Mongolic-Khitan,Eurasia,0.05,3,Freq,0.7865384615384615
Mongolic-Khitan,Eurasia,0.05,3,T-CF,0.8028846153846154
Mongolic-Khitan,Eurasia,0.05,3,Learned,0.8057692307692308
Mongolic-Khitan,Eurasia,0.05,4,Freq,0.7903846153846154
Mongolic-Khitan,Eurasia,0.05,4,T-CF,0.7288461538461538
Mongolic-Khitan,Eurasia,0.05,4,Learned,0.7682692307692308
Mongolic-Khitan,Eurasia,0.1,0,Freq,0.7826923076923077
Mongolic-Khitan,Eurasia,0.1,0,T-CF,0.8076923076923077
Mongolic-Khitan,Eurasia,0.1,0,Learned,0.825
Mongolic-Khitan,Eurasia,0.1,1,Freq,0.7807692307692308
Mongolic-Khitan,Eurasia,0.1,1,T-CF,0.8105769230769231
Mongolic-Khitan,Eurasia,0.1,1,Learned,0.8153846153846154
Mongolic-Khitan,Eurasia,0.1,2,Freq,0.7826923076923077
Mongolic-Khitan,Eurasia,0.1,2,T-CF,0.7971153846153847
Mongolic-Khitan,Eurasia,0.1,2,Learned,0.8182692307692307
Mongolic-Khitan,Eurasia,0.1,3,Freq,0.7865384615384615
Mongolic-Khitan,Eurasia,0.1,3,T-CF,0.8153846153846154
Mongolic-Khitan,Eurasia,0.1,3,Learned,0.8278846153846153
Mongolic-Khitan,Eurasia,0.1,4,Freq,0.7903846153846154
Mongolic-Khitan,Eurasia,0.1,4,T-CF,0.8105769230769231
Mongolic-Khitan,Eurasia,0.1,4,Learned,0.823076923076923
Mongolic-Khitan,Eurasia,0.2,0,Freq,0.7826923076923077
Mongolic-Khitan,Eurasia,0.2,0,T-CF,0.8086538461538462
Mongolic-Khitan,Eurasia,0.2,0,Learned,0.8365384615384616
Mongolic-Khitan,Eurasia,0.2,1,Freq,0.7807692307692308
Mongolic-Khitan,Eurasia,0.2,1,T-CF,0.801923076923077
Mongolic-Khitan,Eurasia,0.2,1,Learned,0.8298076923076924
Mongolic-Khitan,Eurasia,0.2,2,Freq,0.7826923076923077
Mongolic-Khitan,Eurasia,0.2,2,T-CF,0.8028846153846154
Mongolic-Khitan,Eurasia,0.2,2,Learned,0.8384615384615385
Mongolic-Khitan,Eurasia,0.2,3,Freq,0.7865384615384615
Mongolic-Khitan,Eurasia,0.2,3,T-CF,0.8009615384615385
Mongolic-Khitan,Eurasia,0.2,3,Learned,0.8221153846153846
Mongolic-Khitan,Eurasia,0.2,4,Freq,0.7903846153846154
Mongolic-Khitan,Eurasia,0.2,4,T-CF,0.823076923076923
Mongolic-Khitan,Eurasia,0.2,4,Learned,0.8375
Nuclear Torricelli,Papunesia,0.0,0,Freq,0.7387606318347509
Nuclear Torricelli,Papunesia,0.0,0,T-CF,0.4046172539489672
Nuclear Torricelli,Papunesia,0.0,0,Learned,0.5540704738760632
Nuclear Torricelli,Papunesia,0.0,1,Freq,0.7314702308626975
Nuclear Torricelli,Papunesia,0.0,1,T-CF,0.4131227217496962
Nuclear Torricelli,Papunesia,0.0,1,Learned,0.4835965978128797
Nuclear Torricelli,Papunesia,0.0,2,Freq,0.7387606318347509
Nuclear Torricelli,Papunesia,0.0,2,T-CF,0.543134872417983
Nuclear Torricelli,Papunesia,0.0,2,Learned,0.4459295261239368
Nuclear Torricelli,Papunesia,0.0,3,Freq,0.7217496962332929
Nuclear Torricelli,Papunesia,0.0,3,T-CF,0.4629404617253949
Nuclear Torricelli,Papunesia,0.0,3,Learned,0.4726609963547995
Nuclear Torricelli,Papunesia,0.0,4,Freq,0.7302551640340219
Nuclear Torricelli,Papunesia,0.0,4,T-CF,0.6670716889428918
Nuclear Torricelli,Papunesia,0.0,4,Learned,0.560145808019441
Nuclear Torricelli,Papunesia,0.01,0,Freq,0.7387606318347509
Nuclear Torricelli,Papunesia,0.01,0,T-CF,0.6792223572296476
Nuclear Torricelli,Papunesia,0.01,0,Learned,0.6537059538274606
Nuclear Torricelli,Papunesia,0.01,1,Freq,0.7314702308626975
Nuclear Torricelli,Papunesia,0.01,1,T-CF,0.6281895504252734
Nuclear Torricelli,Papunesia,0.01,1,Learned,0.6962332928311057
Nuclear Torricelli,Papunesia,0.01,2,Freq,0.7387606318347509
Nuclear Torricelli,Papunesia,0.01,2,T-CF,0.5783718104495748
Nuclear Torricelli,Papunesia,0.01,2,Learned,0.574726609963548
Nuclear Torricelli,Papunesia,0.01,3,Freq,0.7217496962332929
Nuclear Torricelli,Papunesia,0.01,3,T-CF,0.5589307411907655
Nuclear Torricelli,Papunesia,0.01,3,Learned,0.5650060753341434
Nuclear Torricelli,Papunesia,0.01,4,Freq,0.7302551640340219
Nuclear Torricelli,Papunesia,0.01,4,T-CF,0.5565006075334143
Nuclear Torricelli,Papunesia,0.01,4,Learned,0.5358444714459295
Nuclear Torricelli,Papunesia,0.05,0,Freq,0.7387606318347509
Nuclear Torricelli,Papunesia,0.05,0,T-CF,0.6962332928311057
Nuclear Torricelli,Papunesia,0.05,0,Learned,0.669501822600243
Nuclear Torricelli,Papunesia,0.05,1,Freq,0.7314702308626975
Nuclear Torricelli,Papunesia,0.05,1,T-CF,0.7144592952612394
Nuclear Torricelli,Papunesia,0.05,1,Learned,0.7181044957472661
Nuclear Torricelli,Papunesia,0.05,2,Freq,0.7387606318347509
Nuclear Torricelli,Papunesia,0.05,2,T-CF,0.6767922235722965
Nuclear Torricelli,Papunesia,0.05,2,Learned,0.6646415552855407
Nuclear Torricelli,Papunesia,0.05,3,Freq,0.7217496962332929
Nuclear Torricelli,Papunesia,0.05,3,T-CF,0.7363304981773997
Nuclear Torricelli,Papunesia,0.05,3,Learned,0.724179829890644
Nuclear Torricelli,Papunesia,0.05,4,Freq,0.7302551640340219
Nuclear Torricelli,Papunesia,0.05,4,T-CF,0.7083839611178615
Nuclear Torricelli,Papunesia,0.05,4,Learned,0.6950182260024301
Nuclear Torricelli,Papunesia,0.1,0,Freq,0.7387606318347509
Nuclear Torricelli,Papunesia,0.1,0,T-CF,0.7375455650060754
Nuclear Torricelli,Papunesia,0.1,0,Learned,0.7375455650060754
Nuclear Torricelli,Papunesia,0.1,1,Freq,0.7314702308626975
Nuclear Torricelli,Papunesia,0.1,1,T-CF,0.707168894289186
Nuclear Torricelli,Papunesia,0.1,1,Learned,0.7132442284325637
Nuclear Torricelli,Papunesia,0.1,2,Freq,0.7387606318347509
Nuclear Torricelli,Papunesia,0.1,2,T-CF,0.7424058323207776
Nuclear Torricelli,Papunesia,0.1,2,Learned,0.7205346294046172
Nuclear Torricelli,Papunesia,0.1,3,Freq,0.7217496962332929
Nuclear Torricelli,Papunesia,0.1,3,T-CF,0.7266099635479951
Nuclear Torricelli,Papunesia,0.1,3,Learned,0.7290400972053463
Nuclear Torricelli,Papunesia,0.1,4,Freq,0.7302551640340219
Nuclear Torricelli,Papunesia,0.1,4,T-CF,0.6901579586877278
Nuclear Torricelli,Papunesia,0.1,4,Learned,0.707168894289186
Nuclear Torricelli,Papunesia,0.2,0,Freq,0.7387606318347509
Nuclear Torricelli,Papunesia,0.2,0,T-CF,0.7290400972053463
Nuclear Torricelli,Papunesia,0.2,0,Learned,0.7217496962332929
Nuclear Torricelli,Papunesia,0.2,1,Freq,0.7314702308626975
Nuclear Torricelli,Papunesia,0.2,1,T-CF,0.7375455650060754
Nuclear Torricelli,Papunesia,0.2,1,Learned,0.732685297691373
Nuclear Torricelli,Papunesia,0.2,2,Freq,0.7387606318347509
Nuclear Torricelli,Papunesia,0.2,2,T-CF,0.7436208991494532
Nuclear Torricelli,Papunesia,0.2,2,Learned,0.7521263669501823
Nuclear Torricelli,Papunesia,0.2,3,Freq,0.7217496962332929
Nuclear Torricelli,Papunesia,0.2,3,T-CF,0.7266099635479951
Nuclear Torricelli,Papunesia,0.2,3,Learned,0.732685297691373
Nuclear Torricelli,Papunesia,0.2,4,Freq,0.7302551640340219
Nuclear Torricelli,Papunesia,0.2,4,T-CF,0.7339003645200486
Nuclear Torricelli,Papunesia,0.2,4,Learned,0.7363304981773997
North Halmahera,Papunesia,0.0,0,Freq,0.8049065420560748
North Halmahera,Papunesia,0.0,0,T-CF,0.4649532710280374
North Halmahera,Papunesia,0.0,0,Learned,0.5677570093457944
North Halmahera,Papunesia,0.0,1,Freq,0.8107476635514018
North Halmahera,Papunesia,0.0,1,T-CF,0.4287383177570093
North Halmahera,Papunesia,0.0,1,Learned,0.677570093457944
North Halmahera,Papunesia,0.0,2,Freq,0.8200934579439252
North Halmahera,Papunesia,0.0,2,T-CF,0.34345794392523366
North Halmahera,Papunesia,0.0,2,Learned,0.441588785046729
North Halmahera,Papunesia,0.0,3,Freq,0.8014018691588785
North Halmahera,Papunesia,0.0,3,T-CF,0.5630841121495327
North Halmahera,Papunesia,0.0,3,Learned,0.44042056074766356
North Halmahera,Papunesia,0.0,4,Freq,0.8084112149532711
North Halmahera,Papunesia,0.0,4,T-CF,0.5280373831775701
North Halmahera,Papunesia,0.0,4,Learned,0.6728971962616822
North Halmahera,Papunesia,0.01,0,Freq,0.8049065420560748
North Halmahera,Papunesia,0.01,0,T-CF,0.7406542056074766
North Halmahera,Papunesia,0.01,0,Learned,0.7126168224299065
North Halmahera,Papunesia,0.01,1,Freq,0.8107476635514018
North Halmahera,Papunesia,0.01,1,T-CF,0.7114485981308412
North Halmahera,Papunesia,0.01,1,Learned,0.697429906542056
North Halmahera,Papunesia,0.01,2,Freq,0.8200934579439252
North Halmahera,Papunesia,0.01,2,T-CF,0.7897196261682243
North Halmahera,Papunesia,0.01,2,Learned,0.7663551401869159
North Halmahera,Papunesia,0.01,3,Freq,0.8014018691588785
North Halmahera,Papunesia,0.01,3,T-CF,0.7126168224299065
North Halmahera,Papunesia,0.01,3,Learned,0.6904205607476636
North Halmahera,Papunesia,0.01,4,Freq,0.8084112149532711
North Halmahera,Papunesia,0.01,4,T-CF,0.8095794392523364
North Halmahera,Papunesia,0.01,4,Learned,0.7873831775700935
North Halmahera,Papunesia,0.05,0,Freq,0.8049065420560748
North Halmahera,Papunesia,0.05,0,T-CF,0.7932242990654206
North Halmahera,Papunesia,0.05,0,Learned,0.7710280373831776
North Halmahera,Papunesia,0.05,1,Freq,0.8107476635514018
North Halmahera,Papunesia,0.05,1,T-CF,0.7464953271028038
North Halmahera,Papunesia,0.05,1,Learned,0.7523364485981309
North Halmahera,Papunesia,0.05,2,Freq,0.8200934579439252
North Halmahera,Papunesia,0.05,2,T-CF,0.8095794392523364
North Halmahera,Papunesia,0.05,2,Learned,0.7897196261682243
North Halmahera,Papunesia,0.05,3,Freq,0.8014018691588785
North Halmahera,Papunesia,0.05,3,T-CF,0.7978971962616822
North Halmahera,Papunesia,0.05,3,Learned,0.7815420560747663
North Halmahera,Papunesia,0.05,4,Freq,0.8084112149532711
North Halmahera,Papunesia,0.05,4,T-CF,0.7441588785046729
North Halmahera,Papunesia,0.05,4,Learned,0.7242990654205608
North Halmahera,Papunesia,0.1,0,Freq,0.8049065420560748
North Halmahera,Papunesia,0.1,0,T-CF,0.741822429906542
North Halmahera,Papunesia,0.1,0,Learned,0.7488317757009346
North Halmahera,Papunesia,0.1,1,Freq,0.8107476635514018
North Halmahera,Papunesia,0.1,1,T-CF,0.802570093457944
North Halmahera,Papunesia,0.1,1,Learned,0.7920560747663551
North Halmahera,Papunesia,0.1,2,Freq,0.8200934579439252
North Halmahera,Papunesia,0.1,2,T-CF,0.8119158878504673
North Halmahera,Papunesia,0.1,2,Learned,0.8014018691588785
North Halmahera,Papunesia,0.1,3,Freq,0.8014018691588785
North Halmahera,Papunesia,0.1,3,T-CF,0.794392523364486
North Halmahera,Papunesia,0.1,3,Learned,0.794392523364486
North Halmahera,Papunesia,0.1,4,Freq,0.8084112149532711
North Halmahera,Papunesia,0.1,4,T-CF,0.7990654205607477
North Halmahera,Papunesia,0.1,4,Learned,0.8095794392523364
North Halmahera,Papunesia,0.2,0,Freq,0.8049065420560748
North Halmahera,Papunesia,0.2,0,T-CF,0.7990654205607477
North Halmahera,Papunesia,0.2,0,Learned,0.7908878504672897
North Halmahera,Papunesia,0.2,1,Freq,0.8107476635514018
North Halmahera,Papunesia,0.2,1,T-CF,0.8154205607476636
North Halmahera,Papunesia,0.2,1,Learned,0.8095794392523364
North Halmahera,Papunesia,0.2,2,Freq,0.8200934579439252
North Halmahera,Papunesia,0.2,2,T-CF,0.8247663551401869
North Halmahera,Papunesia,0.2,2,Learned,0.8119158878504673
North Halmahera,Papunesia,0.2,3,Freq,0.8014018691588785
North Halmahera,Papunesia,0.2,3,T-CF,0.7978971962616822
North Halmahera,Papunesia,0.2,3,Learned,0.8002336448598131
North Halmahera,Papunesia,0.2,4,Freq,0.8084112149532711
North Halmahera,Papunesia,0.2,4,T-CF,0.7967289719626168
North Halmahera,Papunesia,0.2,4,Learned,0.8095794392523364
Siouan,North America,0.0,0,Freq,0.6911357340720221
Siouan,North America,0.0,0,T-CF,0.47229916897506924
Siouan,North America,0.0,0,Learned,0.4667590027700831
Siouan,North America,0.0,1,Freq,0.6717451523545707
Siouan,North America,0.0,1,T-CF,0.5013850415512465
Siouan,North America,0.0,1,Learned,0.46121883656509693
Siouan,North America,0.0,2,Freq,0.6869806094182825
Siouan,North America,0.0,2,T-CF,0.4778393351800554
Siouan,North America,0.0,2,Learned,0.37534626038781166
Siouan,North America,0.0,3,Freq,0.682825484764543
Siouan,North America,0.0,3,T-CF,0.481994459833795
Siouan,North America,0.0,3,Learned,0.5249307479224377
Siouan,North America,0.0,4,Freq,0.682825484764543
Siouan,North America,0.0,4,T-CF,0.5969529085872576
Siouan,North America,0.0,4,Learned,0.5207756232686981
Siouan,North America,0.01,0,Freq,0.6911357340720221
Siouan,North America,0.01,0,T-CF,0.631578947368421
Siouan,North America,0.01,0,Learned,0.6274238227146814
Siouan,North America,0.01,1,Freq,0.6717451523545707
Siouan,North America,0.01,1,T-CF,0.5152354570637119
Siouan,North America,0.01,1,Learned,0.5872576177285319
Siouan,North America,0.01,2,Freq,0.6869806094182825
Siouan,North America,0.01,2,T-CF,0.6925207756232687
Siouan,North America,0.01,2,Learned,0.6703601108033241
Siouan,North America,0.01,3,Freq,0.682825484764543
Siouan,North America,0.01,3,T-CF,0.5249307479224377
Siouan,North America,0.01,3,Learned,0.5318559556786704
Siouan,North America,0.01,4,Freq,0.682825484764543
Siouan,North America,0.01,4,T-CF,0.6925207756232687
Siouan,North America,0.01,4,Learned,0.6883656509695291
Siouan,North America,0.05,0,Freq,0.6911357340720221
Siouan,North America,0.05,0,T-CF,0.6869806094182825
Siouan,North America,0.05,0,Learned,0.6939058171745153
Siouan,North America,0.05,1,Freq,0.6717451523545707
Siouan,North America,0.05,1,T-CF,0.667590027700831
Siouan,North America,0.05,1,Learned,0.6551246537396122
Siouan,North America,0.05,2,Freq,0.6869806094182825
Siouan,North America,0.05,2,T-CF,0.6869806094182825
Siouan,North America,0.05,2,Learned,0.6814404432132964
Siouan,North America,0.05,3,Freq,0.682825484764543
Siouan,North America,0.05,3,T-CF,0.6842105263157895
Siouan,North America,0.05,3,Learned,0.6800554016620498
Siouan,North America,0.05,4,Freq,0.682825484764543
Siouan,North America,0.05,4,T-CF,0.6869806094182825
Siouan,North America,0.05,4,Learned,0.682825484764543
Siouan,North America,0.1,0,Freq,0.6911357340720221
Siouan,North America,0.1,0,T-CF,0.703601108033241
Siouan,North America,0.1,0,Learned,0.6966759002770083
Siouan,North America,0.1,1,Freq,0.6717451523545707
Siouan,North America,0.1,1,T-CF,0.6662049861495845
Siouan,North America,0.1,1,Learned,0.6689750692520776
Siouan,North America,0.1,2,Freq,0.6869806094182825
Siouan,North America,0.1,2,T-CF,0.6869806094182825
Siouan,North America,0.1,2,Learned,0.7022160664819944
Siouan,North America,0.1,3,Freq,0.682825484764543
Siouan,North America,0.1,3,T-CF,0.6883656509695291
Siouan,North America,0.1,3,Learned,0.6869806094182825
Siouan,North America,0.1,4,Freq,0.682825484764543
Siouan,North America,0.1,4,T-CF,0.6925207756232687
Siouan,North America,0.1,4,Learned,0.7008310249307479
Siouan,North America,0.2,0,Freq,0.6911357340720221
Siouan,North America,0.2,0,T-CF,0.703601108033241
Siouan,North America,0.2,0,Learned,0.7229916897506925
Siouan,North America,0.2,1,Freq,0.6717451523545707
Siouan,North America,0.2,1,T-CF,0.6814404432132964
Siouan,North America,0.2,1,Learned,0.685595567867036
Siouan,North America,0.2,2,Freq,0.6869806094182825
Siouan,North America,0.2,2,T-CF,0.6869806094182825
Siouan,North America,0.2,2,Learned,0.7063711911357341
Siouan,North America,0.2,3,Freq,0.682825484764543
Siouan,North America,0.2,3,T-CF,0.7008310249307479
Siouan,North America,0.2,3,Learned,0.6883656509695291
Siouan,North America,0.2,4,Freq,0.682825484764543
Siouan,North America,0.2,4,T-CF,0.6939058171745153
Siouan,North America,0.2,4,Learned,0.6800554016620498
Iroquoian,North America,0.0,0,Freq,0.6854838709677419
Iroquoian,North America,0.0,0,T-CF,0.5255376344086021
Iroquoian,North America,0.0,0,Learned,0.4717741935483871
Iroquoian,North America,0.0,1,Freq,0.6733870967741935
Iroquoian,North America,0.0,1,T-CF,0.3924731182795699
Iroquoian,North America,0.0,1,Learned,0.5793010752688172
Iroquoian,North America,0.0,2,Freq,0.6801075268817204
Iroquoian,North America,0.0,2,T-CF,0.3279569892473118
Iroquoian,North America,0.0,2,Learned,0.47043010752688175
Iroquoian,North America,0.0,3,Freq,0.6881720430107527
Iroquoian,North America,0.0,3,T-CF,0.5053763440860215
Iroquoian,North America,0.0,3,Learned,0.44086021505376344
Iroquoian,North America,0.0,4,Freq,0.6841397849462365
Iroquoian,North America,0.0,4,T-CF,0.32526881720430106
Iroquoian,North America,0.0,4,Learned,0.3655913978494624
Iroquoian,North America,0.01,0,Freq,0.6854838709677419
Iroquoian,North America,0.01,0,T-CF,0.4220430107526882
Iroquoian,North America,0.01,0,Learned,0.4475806451612903
Iroquoian,North America,0.01,1,Freq,0.6733870967741935
Iroquoian,North America,0.01,1,T-CF,0.5860215053763441
Iroquoian,North America,0.01,1,Learned,0.5887096774193549
Iroquoian,North America,0.01,2,Freq,0.6801075268817204
Iroquoian,North America,0.01,2,T-CF,0.5349462365591398
Iroquoian,North America,0.01,2,Learned,0.5120967741935484
Iroquoian,North America,0.01,3,Freq,0.6881720430107527
Iroquoian,North America,0.01,3,T-CF,0.6693548387096774
Iroquoian,North America,0.01,3,Learned,0.5658602150537635
Iroquoian,North America,0.01,4,Freq,0.6841397849462365
Iroquoian,North America,0.01,4,T-CF,0.6854838709677419
Iroquoian,North America,0.01,4,Learned,0.6303763440860215
Iroquoian,North America,0.05,0,Freq,0.6854838709677419
Iroquoian,North America,0.05,0,T-CF,0.5887096774193549
Iroquoian,North America,0.05,0,Learned,0.6061827956989247
Iroquoian,North America,0.05,1,Freq,0.6733870967741935
Iroquoian,North America,0.05,1,T-CF,0.5981182795698925
Iroquoian,North America,0.05,1,Learned,0.592741935483871
Iroquoian,North America,0.05,2,Freq,0.6801075268817204
Iroquoian,North America,0.05,2,T-CF,0.6330645161290323
Iroquoian,North America,0.05,2,Learned,0.7002688172043011
Iroquoian,North America,0.05,3,Freq,0.6881720430107527
Iroquoian,North America,0.05,3,T-CF,0.6801075268817204
Iroquoian,North America,0.05,3,Learned,0.6868279569892473
Iroquoian,North America,0.05,4,Freq,0.6841397849462365
Iroquoian,North America,0.05,4,T-CF,0.6720430107526881
Iroquoian,North America,0.05,4,Learned,0.6814516129032258
Iroquoian,North America,0.1,0,Freq,0.6854838709677419
Iroquoian,North America,0.1,0,T-CF,0.6115591397849462
Iroquoian,North America,0.1,0,Learned,0.6653225806451613
Iroquoian,North America,0.1,1,Freq,0.6733870967741935
Iroquoian,North America,0.1,1,T-CF,0.6706989247311828
Iroquoian,North America,0.1,1,Learned,0.6760752688172043
Iroquoian,North America,0.1,2,Freq,0.6801075268817204
Iroquoian,North America,0.1,2,T-CF,0.6706989247311828
Iroquoian,North America,0.1,2,Learned,0.6841397849462365
Iroquoian,North America,0.1,3,Freq,0.6881720430107527
Iroquoian,North America,0.1,3,T-CF,0.6612903225806451
Iroquoian,North America,0.1,3,Learned,0.6639784946236559
Iroquoian,North America,0.1,4,Freq,0.6841397849462365
Iroquoian,North America,0.1,4,T-CF,0.678763440860215
Iroquoian,North America,0.1,4,Learned,0.7002688172043011
Iroquoian,North America,0.2,0,Freq,0.6854838709677419
Iroquoian,North America,0.2,0,T-CF,0.6693548387096774
Iroquoian,North America,0.2,0,Learned,0.6841397849462365
Iroquoian,North America,0.2,1,Freq,0.6733870967741935
Iroquoian,North America,0.2,1,T-CF,0.6733870967741935
Iroquoian,North America,0.2,1,Learned,0.696236559139785
Iroquoian,North America,0.2,2,Freq,0.6801075268817204
Iroquoian,North America,0.2,2,T-CF,0.6626344086021505
Iroquoian,North America,0.2,2,Learned,0.6747311827956989
Iroquoian,North America,0.2,3,Freq,0.6881720430107527
Iroquoian,North America,0.2,3,T-CF,0.6841397849462365
Iroquoian,North America,0.2,3,Learned,0.7137096774193549
Iroquoian,North America,0.2,4,Freq,0.6841397849462365
Iroquoian,North America,0.2,4,T-CF,0.6827956989247311
Iroquoian,North America,0.2,4,Learned,0.6989247311827957
Koiarian,Papunesia,0.0,0,Freq,0.7236641221374046
Koiarian,Papunesia,0.0,0,T-CF,0.665648854961832
Koiarian,Papunesia,0.0,0,Learned,0.4778625954198473
Koiarian,Papunesia,0.0,1,Freq,0.7358778625954199
Koiarian,Papunesia,0.0,1,T-CF,0.4366412213740458
Koiarian,Papunesia,0.0,1,Learned,0.4152671755725191
Koiarian,Papunesia,0.0,2,Freq,0.7267175572519083
Koiarian,Papunesia,0.0,2,T-CF,0.549618320610687
Koiarian,Papunesia,0.0,2,Learned,0.4717557251908397
Koiarian,Papunesia,0.0,3,Freq,0.7267175572519083
Koiarian,Papunesia,0.0,3,T-CF,0.5221374045801527
Koiarian,Papunesia,0.0,3,Learned,0.4870229007633588
Koiarian,Papunesia,0.0,4,Freq,0.7282442748091603
Koiarian,Papunesia,0.0,4,T-CF,0.26564885496183205
Koiarian,Papunesia,0.0,4,Learned,0.5862595419847328
Koiarian,Papunesia,0.01,0,Freq,0.7236641221374046
Koiarian,Papunesia,0.01,0,T-CF,0.7053435114503817
Koiarian,Papunesia,0.01,0,Learned,0.683969465648855
Koiarian,Papunesia,0.01,1,Freq,0.7358778625954199
Koiarian,Papunesia,0.01,1,T-CF,0.6702290076335878
Koiarian,Papunesia,0.01,1,Learned,0.6717557251908397
Koiarian,Papunesia,0.01,2,Freq,0.7267175572519083
Koiarian,Papunesia,0.01,2,T-CF,0.601526717557252
Koiarian,Papunesia,0.01,2,Learned,0.6381679389312978
Koiarian,Papunesia,0.01,3,Freq,0.7267175572519083
Koiarian,Papunesia,0.01,3,T-CF,0.6732824427480916
Koiarian,Papunesia,0.01,3,Learned,0.6580152671755726
Koiarian,Papunesia,0.01,4,Freq,0.7282442748091603
Koiarian,Papunesia,0.01,4,T-CF,0.6152671755725191
Koiarian,Papunesia,0.01,4,Learned,0.6076335877862595
Koiarian,Papunesia,0.05,0,Freq,0.7236641221374046
Koiarian,Papunesia,0.05,0,T-CF,0.7068702290076336
Koiarian,Papunesia,0.05,0,Learned,0.6931297709923664
Koiarian,Papunesia,0.05,1,Freq,0.7358778625954199
Koiarian,Papunesia,0.05,1,T-CF,0.7419847328244275
Koiarian,Papunesia,0.05,1,Learned,0.7435114503816794
Koiarian,Papunesia,0.05,2,Freq,0.7267175572519083
Koiarian,Papunesia,0.05,2,T-CF,0.7526717557251908
Koiarian,Papunesia,0.05,2,Learned,0.751145038167939
Koiarian,Papunesia,0.05,3,Freq,0.7267175572519083
Koiarian,Papunesia,0.05,3,T-CF,0.6916030534351145
Koiarian,Papunesia,0.05,3,Learned,0.6809160305343511
Koiarian,Papunesia,0.05,4,Freq,0.7282442748091603
Koiarian,Papunesia,0.05,4,T-CF,0.6259541984732825
Koiarian,Papunesia,0.05,4,Learned,0.6625954198473283
Koiarian,Papunesia,0.1,0,Freq,0.7236641221374046
Koiarian,Papunesia,0.1,0,T-CF,0.716030534351145
Koiarian,Papunesia,0.1,0,Learned,0.7053435114503817
Koiarian,Papunesia,0.1,1,Freq,0.7358778625954199
Koiarian,Papunesia,0.1,1,T-CF,0.7450381679389313
Koiarian,Papunesia,0.1,1,Learned,0.7633587786259542
Koiarian,Papunesia,0.1,2,Freq,0.7267175572519083
Koiarian,Papunesia,0.1,2,T-CF,0.7419847328244275
Koiarian,Papunesia,0.1,2,Learned,0.7587786259541984
Koiarian,Papunesia,0.1,3,Freq,0.7267175572519083
Koiarian,Papunesia,0.1,3,T-CF,0.7358778625954199
Koiarian,Papunesia,0.1,3,Learned,0.7282442748091603
Koiarian,Papunesia,0.1,4,Freq,0.7282442748091603
Koiarian,Papunesia,0.1,4,T-CF,0.76793893129771
Koiarian,Papunesia,0.1,4,Learned,0.7740458015267175
Koiarian,Papunesia,0.2,0,Freq,0.7236641221374046
Koiarian,Papunesia,0.2,0,T-CF,0.7358778625954199
Koiarian,Papunesia,0.2,0,Learned,0.7572519083969466
Koiarian,Papunesia,0.2,1,Freq,0.7358778625954199
Koiarian,Papunesia,0.2,1,T-CF,0.7526717557251908
Koiarian,Papunesia,0.2,1,Learned,0.7572519083969466
Koiarian,Papunesia,0.2,2,Freq,0.7267175572519083
Koiarian,Papunesia,0.2,2,T-CF,0.751145038167939
Koiarian,Papunesia,0.2,2,Learned,0.7633587786259542
Koiarian,Papunesia,0.2,3,Freq,0.7267175572519083
Koiarian,Papunesia,0.2,3,T-CF,0.7297709923664122
Koiarian,Papunesia,0.2,3,Learned,0.7206106870229008
Koiarian,Papunesia,0.2,4,Freq,0.7282442748091603
Koiarian,Papunesia,0.2,4,T-CF,0.732824427480916
Koiarian,Papunesia,0.2,4,Learned,0.7725190839694657
Timor-Alor-Pantar,Papunesia,0.0,0,Freq,0.7082294264339152
Timor-Alor-Pantar,Papunesia,0.0,0,T-CF,0.3566084788029925
Timor-Alor-Pantar,Papunesia,0.0,0,Learned,0.7007481296758105
Timor-Alor-Pantar,Papunesia,0.0,1,Freq,0.7057356608478803
Timor-Alor-Pantar,Papunesia,0.0,1,T-CF,0.5486284289276808
Timor-Alor-Pantar,Papunesia,0.0,1,Learned,0.5810473815461347
Timor-Alor-Pantar,Papunesia,0.0,2,Freq,0.7206982543640897
Timor-Alor-Pantar,Papunesia,0.0,2,T-CF,0.5187032418952618
Timor-Alor-Pantar,Papunesia,0.0,2,Learned,0.44389027431421446
Timor-Alor-Pantar,Papunesia,0.0,3,Freq,0.7057356608478803
Timor-Alor-Pantar,Papunesia,0.0,3,T-CF,0.4139650872817955
Timor-Alor-Pantar,Papunesia,0.0,3,Learned,0.5885286783042394
Timor-Alor-Pantar,Papunesia,0.0,4,Freq,0.713216957605985
Timor-Alor-Pantar,Papunesia,0.0,4,T-CF,0.543640897755611
Timor-Alor-Pantar,Papunesia,0.0,4,Learned,0.543640897755611
Timor-Alor-Pantar,Papunesia,0.01,0,Freq,0.7082294264339152
Timor-Alor-Pantar,Papunesia,0.01,0,T-CF,0.6807980049875312
Timor-Alor-Pantar,Papunesia,0.01,0,Learned,0.6458852867830424
Timor-Alor-Pantar,Papunesia,0.01,1,Freq,0.7057356608478803
Timor-Alor-Pantar,Papunesia,0.01,1,T-CF,0.42144638403990026
Timor-Alor-Pantar,Papunesia,0.01,1,Learned,0.4239401496259352
Timor-Alor-Pantar,Papunesia,0.01,2,Freq,0.7206982543640897
Timor-Alor-Pantar,Papunesia,0.01,2,T-CF,0.5760598503740648
Timor-Alor-Pantar,Papunesia,0.01,2,Learned,0.5935162094763092
Timor-Alor-Pantar,Papunesia,0.01,3,Freq,0.7057356608478803
Timor-Alor-Pantar,Papunesia,0.01,3,T-CF,0.7082294264339152
Timor-Alor-Pantar,Papunesia,0.01,3,Learned,0.6359102244389028
Timor-Alor-Pantar,Papunesia,0.01,4,Freq,0.713216957605985
Timor-Alor-Pantar,Papunesia,0.01,4,T-CF,0.6134663341645885
Timor-Alor-Pantar,Papunesia,0.01,4,Learned,0.6084788029925187
Timor-Alor-Pantar,Papunesia,0.05,0,Freq,0.7082294264339152
Timor-Alor-Pantar,Papunesia,0.05,0,T-CF,0.6134663341645885
Timor-Alor-Pantar,Papunesia,0.05,0,Learned,0.6608478802992519
Timor-Alor-Pantar,Papunesia,0.05,1,Freq,0.7057356608478803
Timor-Alor-Pantar,Papunesia,0.05,1,T-CF,0.6807980049875312
Timor-Alor-Pantar,Papunesia,0.05,1,Learned,0.655860349127182
Timor-Alor-Pantar,Papunesia,0.05,2,Freq,0.7206982543640897
Timor-Alor-Pantar,Papunesia,0.05,2,T-CF,0.6882793017456359
Timor-Alor-Pantar,Papunesia,0.05,2,Learned,0.685785536159601
Timor-Alor-Pantar,Papunesia,0.05,3,Freq,0.7057356608478803
Timor-Alor-Pantar,Papunesia,0.05,3,T-CF,0.6932668329177057
Timor-Alor-Pantar,Papunesia,0.05,3,Learned,0.6708229426433915
Timor-Alor-Pantar,Papunesia,0.05,4,Freq,0.713216957605985
Timor-Alor-Pantar,Papunesia,0.05,4,T-CF,0.6259351620947631
Timor-Alor-Pantar,Papunesia,0.05,4,Learned,0.6408977556109726
Timor-Alor-Pantar,Papunesia,0.1,0,Freq,0.7082294264339152
Timor-Alor-Pantar,Papunesia,0.1,0,T-CF,0.713216957605985
Timor-Alor-Pantar,Papunesia,0.1,0,Learned,0.7281795511221946
Timor-Alor-Pantar,Papunesia,0.1,1,Freq,0.7057356608478803
Timor-Alor-Pantar,Papunesia,0.1,1,T-CF,0.685785536159601
Timor-Alor-Pantar,Papunesia,0.1,1,Learned,0.6683291770573566
Timor-Alor-Pantar,Papunesia,0.1,2,Freq,0.7206982543640897
Timor-Alor-Pantar,Papunesia,0.1,2,T-CF,0.7256857855361596
Timor-Alor-Pantar,Papunesia,0.1,2,Learned,0.71571072319202
Timor-Alor-Pantar,Papunesia,0.1,3,Freq,0.7057356608478803
Timor-Alor-Pantar,Papunesia,0.1,3,T-CF,0.7082294264339152
Timor-Alor-Pantar,Papunesia,0.1,3,Learned,0.6882793017456359
Timor-Alor-Pantar,Papunesia,0.1,4,Freq,0.713216957605985
Timor-Alor-Pantar,Papunesia,0.1,4,T-CF,0.6982543640897756
Timor-Alor-Pantar,Papunesia,0.1,4,Learned,0.7256857855361596
Timor-Alor-Pantar,Papunesia,0.2,0,Freq,0.7082294264339152
Timor-Alor-Pantar,Papunesia,0.2,0,T-CF,0.713216957605985
Timor-Alor-Pantar,Papunesia,0.2,0,Learned,0.7381546134663342
Timor-Alor-Pantar,Papunesia,0.2,1,Freq,0.7057356608478803
Timor-Alor-Pantar,Papunesia,0.2,1,T-CF,0.7007481296758105
Timor-Alor-Pantar,Papunesia,0.2,1,Learned,0.7206982543640897
Timor-Alor-Pantar,Papunesia,0.2,2,Freq,0.7206982543640897
Timor-Alor-Pantar,Papunesia,0.2,2,T-CF,0.6932668329177057
Timor-Alor-Pantar,Papunesia,0.2,2,Learned,0.7082294264339152
Timor-Alor-Pantar,Papunesia,0.2,3,Freq,0.7057356608478803
Timor-Alor-Pantar,Papunesia,0.2,3,T-CF,0.71571072319202
Timor-Alor-Pantar,Papunesia,0.2,3,Learned,0.7082294264339152
Timor-Alor-Pantar,Papunesia,0.2,4,Freq,0.713216957605985
Timor-Alor-Pantar,Papunesia,0.2,4,T-CF,0.6907730673316709
Timor-Alor-Pantar,Papunesia,0.2,4,Learned,0.7082294264339152
Muskogean,North America,0.0,0,Freq,0.7104477611940299
Muskogean,North America,0.0,0,T-CF,0.34776119402985073
Muskogean,North America,0.0,0,Learned,0.6104477611940299
Muskogean,North America,0.0,1,Freq,0.7
Muskogean,North America,0.0,1,T-CF,0.3656716417910448
Muskogean,North America,0.0,1,Learned,0.4671641791044776
Muskogean,North America,0.0,2,Freq,0.7074626865671642
Muskogean,North America,0.0,2,T-CF,0.5970149253731343
Muskogean,North America,0.0,2,Learned,0.47761194029850745
Muskogean,North America,0.0,3,Freq,0.7029850746268657
Muskogean,North America,0.0,3,T-CF,0.3761194029850746
Muskogean,North America,0.0,3,Learned,0.5522388059701493
Muskogean,North America,0.0,4,Freq,0.7194029850746269
Muskogean,North America,0.0,4,T-CF,0.6029850746268657
Muskogean,North America,0.0,4,Learned,0.4223880597014925
Muskogean,North America,0.01,0,Freq,0.7104477611940299
Muskogean,North America,0.01,0,T-CF,0.6194029850746269
Muskogean,North America,0.01,0,Learned,0.6477611940298508
Muskogean,North America,0.01,1,Freq,0.7
Muskogean,North America,0.01,1,T-CF,0.7
Muskogean,North America,0.01,1,Learned,0.7134328358208956
Muskogean,North America,0.01,2,Freq,0.7074626865671642
Muskogean,North America,0.01,2,T-CF,0.5164179104477612
Muskogean,North America,0.01,2,Learned,0.5283582089552239
Muskogean,North America,0.01,3,Freq,0.7029850746268657
Muskogean,North America,0.01,3,T-CF,0.6343283582089553
Muskogean,North America,0.01,3,Learned,0.6283582089552239
Muskogean,North America,0.01,4,Freq,0.7194029850746269
Muskogean,North America,0.01,4,T-CF,0.5537313432835821
Muskogean,North America,0.01,4,Learned,0.5328358208955224
Muskogean,North America,0.05,0,Freq,0.7104477611940299
Muskogean,North America,0.05,0,T-CF,0.7253731343283583
Muskogean,North America,0.05,0,Learned,0.7388059701492538
Muskogean,North America,0.05,1,Freq,0.7
Muskogean,North America,0.05,1,T-CF,0.7029850746268657
Muskogean,North America,0.05,1,Learned,0.7179104477611941
Muskogean,North America,0.05,2,Freq,0.7074626865671642
Muskogean,North America,0.05,2,T-CF,0.6522388059701493
Muskogean,North America,0.05,2,Learned,0.6313432835820896
Muskogean,North America,0.05,3,Freq,0.7029850746268657
Muskogean,North America,0.05,3,T-CF,0.7044776119402985
Muskogean,North America,0.05,3,Learned,0.7059701492537314
Muskogean,North America,0.05,4,Freq,0.7194029850746269
Muskogean,North America,0.05,4,T-CF,0.664179104477612
Muskogean,North America,0.05,4,Learned,0.7149253731343284
Muskogean,North America,0.1,0,Freq,0.7104477611940299
Muskogean,North America,0.1,0,T-CF,0.7194029850746269
Muskogean,North America,0.1,0,Learned,0.7373134328358208
Muskogean,North America,0.1,1,Freq,0.7
Muskogean,North America,0.1,1,T-CF,0.7164179104477612
Muskogean,North America,0.1,1,Learned,0.7149253731343284
Muskogean,North America,0.1,2,Freq,0.7074626865671642
Muskogean,North America,0.1,2,T-CF,0.7298507462686568
Muskogean,North America,0.1,2,Learned,0.7283582089552239
Muskogean,North America,0.1,3,Freq,0.7029850746268657
Muskogean,North America,0.1,3,T-CF,0.7194029850746269
Muskogean,North America,0.1,3,Learned,0.7268656716417911
Muskogean,North America,0.1,4,Freq,0.7194029850746269
Muskogean,North America,0.1,4,T-CF,0.7373134328358208
Muskogean,North America,0.1,4,Learned,0.7522388059701492
Muskogean,North America,0.2,0,Freq,0.7104477611940299
Muskogean,North America,0.2,0,T-CF,0.7238805970149254
Muskogean,North America,0.2,0,Learned,0.753731343283582
Muskogean,North America,0.2,1,Freq,0.7
Muskogean,North America,0.2,1,T-CF,0.7223880597014926
Muskogean,North America,0.2,1,Learned,0.7507462686567165
Muskogean,North America,0.2,2,Freq,0.7074626865671642
Muskogean,North America,0.2,2,T-CF,0.7253731343283583
Muskogean,North America,0.2,2,Learned,0.7417910447761195
Muskogean,North America,0.2,3,Freq,0.7029850746268657
Muskogean,North America,0.2,3,T-CF,0.7253731343283583
Muskogean,North America,0.2,3,Learned,0.7373134328358208
Muskogean,North America,0.2,4,Freq,0.7194029850746269
Muskogean,North America,0.2,4,T-CF,0.7388059701492538
Muskogean,North America,0.2,4,Learned,0.7492537313432835
Goilalan,Papunesia,0.0,0,Freq,0.7660208643815202
Goilalan,Papunesia,0.0,0,T-CF,0.624441132637854
Goilalan,Papunesia,0.0,0,Learned,0.45901639344262296
Goilalan,Papunesia,0.0,1,Freq,0.7615499254843517
Goilalan,Papunesia,0.0,1,T-CF,0.669150521609538
Goilalan,Papunesia,0.0,1,Learned,0.3621460506706408
Goilalan,Papunesia,0.0,2,Freq,0.7615499254843517
Goilalan,Papunesia,0.0,2,T-CF,0.6318926974664679
Goilalan,Papunesia,0.0,2,Learned,0.3651266766020864
Goilalan,Papunesia,0.0,3,Freq,0.7615499254843517
Goilalan,Papunesia,0.0,3,T-CF,0.4143070044709389
Goilalan,Papunesia,0.0,3,Learned,0.46199701937406856
Goilalan,Papunesia,0.0,4,Freq,0.7615499254843517
Goilalan,Papunesia,0.0,4,T-CF,0.5707898658718331
Goilalan,Papunesia,0.0,4,Learned,0.43219076005961254
Goilalan,Papunesia,0.01,0,Freq,0.7660208643815202
Goilalan,Papunesia,0.01,0,T-CF,0.6572280178837556
Goilalan,Papunesia,0.01,0,Learned,0.6378539493293591
Goilalan,Papunesia,0.01,1,Freq,0.7615499254843517
Goilalan,Papunesia,0.01,1,T-CF,0.7451564828614009
Goilalan,Papunesia,0.01,1,Learned,0.7436661698956781
Goilalan,Papunesia,0.01,2,Freq,0.7615499254843517
Goilalan,Papunesia,0.01,2,T-CF,0.6482861400894188
Goilalan,Papunesia,0.01,2,Learned,0.6527570789865872
Goilalan,Papunesia,0.01,3,Freq,0.7615499254843517
Goilalan,Papunesia,0.01,3,T-CF,0.7526080476900149
Goilalan,Papunesia,0.01,3,Learned,0.7317436661698957
Goilalan,Papunesia,0.01,4,Freq,0.7615499254843517
Goilalan,Papunesia,0.01,4,T-CF,0.6646795827123696
Goilalan,Papunesia,0.01,4,Learned,0.6795827123695977
Goilalan,Papunesia,0.05,0,Freq,0.7660208643815202
Goilalan,Papunesia,0.05,0,T-CF,0.7630402384500745
Goilalan,Papunesia,0.05,0,Learned,0.7391952309985097
Goilalan,Papunesia,0.05,1,Freq,0.7615499254843517
Goilalan,Papunesia,0.05,1,T-CF,0.7645305514157973
Goilalan,Papunesia,0.05,1,Learned,0.6616989567809239
Goilalan,Papunesia,0.05,2,Freq,0.7615499254843517
Goilalan,Papunesia,0.05,2,T-CF,0.7585692995529061
Goilalan,Papunesia,0.05,2,Learned,0.7466467958271237
Goilalan,Papunesia,0.05,3,Freq,0.7615499254843517
Goilalan,Papunesia,0.05,3,T-CF,0.7630402384500745
Goilalan,Papunesia,0.05,3,Learned,0.7466467958271237
Goilalan,Papunesia,0.05,4,Freq,0.7615499254843517
Goilalan,Papunesia,0.05,4,T-CF,0.767511177347243
Goilalan,Papunesia,0.05,4,Learned,0.7734724292101341
Goilalan,Papunesia,0.1,0,Freq,0.7660208643815202
Goilalan,Papunesia,0.1,0,T-CF,0.7600596125186289
Goilalan,Papunesia,0.1,0,Learned,0.7570789865871833
Goilalan,Papunesia,0.1,1,Freq,0.7615499254843517
Goilalan,Papunesia,0.1,1,T-CF,0.7600596125186289
Goilalan,Papunesia,0.1,1,Learned,0.7496274217585693
Goilalan,Papunesia,0.1,2,Freq,0.7615499254843517
Goilalan,Papunesia,0.1,2,T-CF,0.7615499254843517
Goilalan,Papunesia,0.1,2,Learned,0.7734724292101341
Goilalan,Papunesia,0.1,3,Freq,0.7615499254843517
Goilalan,Papunesia,0.1,3,T-CF,0.7585692995529061
Goilalan,Papunesia,0.1,3,Learned,0.7839046199701938
Goilalan,Papunesia,0.1,4,Freq,0.7615499254843517
Goilalan,Papunesia,0.1,4,T-CF,0.767511177347243
Goilalan,Papunesia,0.1,4,Learned,0.7719821162444114
Goilalan,Papunesia,0.2,0,Freq,0.7660208643815202
Goilalan,Papunesia,0.2,0,T-CF,0.7794336810730254
Goilalan,Papunesia,0.2,0,Learned,0.7719821162444114
Goilalan,Papunesia,0.2,1,Freq,0.7615499254843517
Goilalan,Papunesia,0.2,1,T-CF,0.7749627421758569
Goilalan,Papunesia,0.2,1,Learned,0.7794336810730254
Goilalan,Papunesia,0.2,2,Freq,0.7615499254843517
Goilalan,Papunesia,0.2,2,T-CF,0.7704918032786885
Goilalan,Papunesia,0.2,2,Learned,0.7734724292101341
Goilalan,Papunesia,0.2,3,Freq,0.7615499254843517
Goilalan,Papunesia,0.2,3,T-CF,0.7540983606557377
Goilalan,Papunesia,0.2,3,Learned,0.7794336810730254
Goilalan,Papunesia,0.2,4,Freq,0.7615499254843517
Goilalan,Papunesia,0.2,4,T-CF,0.7570789865871833
Goilalan,Papunesia,0.2,4,Learned,0.7764530551415797
Gunwinyguan,Australia,0.0,0,Freq,0.6589785831960461
Gunwinyguan,Australia,0.0,0,T-CF,0.47611202635914335
Gunwinyguan,Australia,0.0,0,Learned,0.5205930807248764
Gunwinyguan,Australia,0.0,1,Freq,0.6688632619439868
Gunwinyguan,Australia,0.0,1,T-CF,0.4645799011532125
Gunwinyguan,Australia,0.0,1,Learned,0.44810543657331137
Gunwinyguan,Australia,0.0,2,Freq,0.6721581548599671
Gunwinyguan,Australia,0.0,2,T-CF,0.3871499176276771
Gunwinyguan,Australia,0.0,2,Learned,0.500823723228995
Gunwinyguan,Australia,0.0,3,Freq,0.6754530477759473
Gunwinyguan,Australia,0.0,3,T-CF,0.4332784184514003
Gunwinyguan,Australia,0.0,3,Learned,0.5057660626029654
Gunwinyguan,Australia,0.0,4,Freq,0.6771004942339374
Gunwinyguan,Australia,0.0,4,T-CF,0.6457990115321252
Gunwinyguan,Australia,0.0,4,Learned,0.45634266886326197
Gunwinyguan,Australia,0.01,0,Freq,0.6589785831960461
Gunwinyguan,Australia,0.01,0,T-CF,0.657331136738056
Gunwinyguan,Australia,0.01,0,Learned,0.6507413509060955
Gunwinyguan,Australia,0.01,1,Freq,0.6688632619439868
Gunwinyguan,Australia,0.01,1,T-CF,0.5453047775947282
Gunwinyguan,Australia,0.01,1,Learned,0.5123558484349259
Gunwinyguan,Australia,0.01,2,Freq,0.6721581548599671
Gunwinyguan,Australia,0.01,2,T-CF,0.6705107084019769
Gunwinyguan,Australia,0.01,2,Learned,0.5815485996705108
Gunwinyguan,Australia,0.01,3,Freq,0.6754530477759473
Gunwinyguan,Australia,0.01,3,T-CF,0.6392092257001647
Gunwinyguan,Australia,0.01,3,Learned,0.6375617792421746
Gunwinyguan,Australia,0.01,4,Freq,0.6771004942339374
Gunwinyguan,Australia,0.01,4,T-CF,0.5799011532125206
Gunwinyguan,Australia,0.01,4,Learned,0.5963756177924218
Gunwinyguan,Australia,0.05,0,Freq,0.6589785831960461
Gunwinyguan,Australia,0.05,0,T-CF,0.6523887973640856
Gunwinyguan,Australia,0.05,0,Learned,0.6589785831960461
Gunwinyguan,Australia,0.05,1,Freq,0.6688632619439868
Gunwinyguan,Australia,0.05,1,T-CF,0.6721581548599671
Gunwinyguan,Australia,0.05,1,Learned,0.6688632619439868
Gunwinyguan,Australia,0.05,2,Freq,0.6721581548599671
Gunwinyguan,Australia,0.05,2,T-CF,0.6705107084019769
Gunwinyguan,Australia,0.05,2,Learned,0.6359143327841845
Gunwinyguan,Australia,0.05,3,Freq,0.6754530477759473
Gunwinyguan,Australia,0.05,3,T-CF,0.6771004942339374
Gunwinyguan,Australia,0.05,3,Learned,0.6672158154859967
Gunwinyguan,Australia,0.05,4,Freq,0.6771004942339374
Gunwinyguan,Australia,0.05,4,T-CF,0.6754530477759473
Gunwinyguan,Australia,0.05,4,Learned,0.6556836902800659
Gunwinyguan,Australia,0.1,0,Freq,0.6589785831960461
Gunwinyguan,Australia,0.1,0,T-CF,0.6474464579901154
Gunwinyguan,Australia,0.1,0,Learned,0.6606260296540363
Gunwinyguan,Australia,0.1,1,Freq,0.6688632619439868
Gunwinyguan,Australia,0.1,1,T-CF,0.6622734761120264
Gunwinyguan,Australia,0.1,1,Learned,0.6523887973640856
Gunwinyguan,Australia,0.1,2,Freq,0.6721581548599671
Gunwinyguan,Australia,0.1,2,T-CF,0.6688632619439868
Gunwinyguan,Australia,0.1,2,Learned,0.6556836902800659
Gunwinyguan,Australia,0.1,3,Freq,0.6754530477759473
Gunwinyguan,Australia,0.1,3,T-CF,0.6540362438220758
Gunwinyguan,Australia,0.1,3,Learned,0.6655683690280065
Gunwinyguan,Australia,0.1,4,Freq,0.6771004942339374
Gunwinyguan,Australia,0.1,4,T-CF,0.6787479406919276
Gunwinyguan,Australia,0.1,4,Learned,0.6919275123558485
Gunwinyguan,Australia,0.2,0,Freq,0.6589785831960461
Gunwinyguan,Australia,0.2,0,T-CF,0.6556836902800659
Gunwinyguan,Australia,0.2,0,Learned,0.6672158154859967
Gunwinyguan,Australia,0.2,1,Freq,0.6688632619439868
Gunwinyguan,Australia,0.2,1,T-CF,0.6606260296540363
Gunwinyguan,Australia,0.2,1,Learned,0.6490939044481054
Gunwinyguan,Australia,0.2,2,Freq,0.6721581548599671
Gunwinyguan,Australia,0.2,2,T-CF,0.6622734761120264
Gunwinyguan,Australia,0.2,2,Learned,0.6639209225700164
Gunwinyguan,Australia,0.2,3,Freq,0.6754530477759473
Gunwinyguan,Australia,0.2,3,T-CF,0.6754530477759473
Gunwinyguan,Australia,0.2,3,Learned,0.6655683690280065
Gunwinyguan,Australia,0.2,4,Freq,0.6771004942339374
Gunwinyguan,Australia,0.2,4,T-CF,0.6771004942339374
Gunwinyguan,Australia,0.2,4,Learned,0.6556836902800659
Yam,Papunesia,0.0,0,Freq,0.680140597539543
Yam,Papunesia,0.0,0,T-CF,0.6151142355008787
Yam,Papunesia,0.0,0,Learned,0.4710017574692443
Yam,Papunesia,0.0,1,Freq,0.6678383128295254
Yam,Papunesia,0.0,1,T-CF,0.3532513181019332
Yam,Papunesia,0.0,1,Learned,0.48857644991212656
Yam,Papunesia,0.0,2,Freq,0.6678383128295254
Yam,Papunesia,0.0,2,T-CF,0.4428822495606327
Yam,Papunesia,0.0,2,Learned,0.5483304042179262
Yam,Papunesia,0.0,3,Freq,0.671353251318102
Yam,Papunesia,0.0,3,T-CF,0.6045694200351494
Yam,Papunesia,0.0,3,Learned,0.4868189806678383
Yam,Papunesia,0.0,4,Freq,0.6537785588752196
Yam,Papunesia,0.0,4,T-CF,0.44112478031634444
Yam,Papunesia,0.0,4,Learned,0.4727592267135325
Yam,Papunesia,0.01,0,Freq,0.680140597539543
Yam,Papunesia,0.01,0,T-CF,0.5588752196836555
Yam,Papunesia,0.01,0,Learned,0.5641476274165202
Yam,Papunesia,0.01,1,Freq,0.6678383128295254
Yam,Papunesia,0.01,1,T-CF,0.44815465729349735
Yam,Papunesia,0.01,1,Learned,0.437609841827768
Yam,Papunesia,0.01,2,Freq,0.6678383128295254
Yam,Papunesia,0.01,2,T-CF,0.6695957820738138
Yam,Papunesia,0.01,2,Learned,0.671353251318102
Yam,Papunesia,0.01,3,Freq,0.671353251318102
Yam,Papunesia,0.01,3,T-CF,0.5219683655536028
Yam,Papunesia,0.01,3,Learned,0.5641476274165202
Yam,Papunesia,0.01,4,Freq,0.6537785588752196
Yam,Papunesia,0.01,4,T-CF,0.6572934973637962
Yam,Papunesia,0.01,4,Learned,0.655536028119508
Yam,Papunesia,0.05,0,Freq,0.680140597539543
Yam,Papunesia,0.05,0,T-CF,0.7065026362038664
Yam,Papunesia,0.05,0,Learned,0.6994727592267135
Yam,Papunesia,0.05,1,Freq,0.6678383128295254
Yam,Papunesia,0.05,1,T-CF,0.70298769771529
Yam,Papunesia,0.05,1,Learned,0.70298769771529
Yam,Papunesia,0.05,2,Freq,0.6678383128295254
Yam,Papunesia,0.05,2,T-CF,0.6695957820738138
Yam,Papunesia,0.05,2,Learned,0.6678383128295254
Yam,Papunesia,0.05,3,Freq,0.671353251318102
Yam,Papunesia,0.05,3,T-CF,0.6889279437609842
Yam,Papunesia,0.05,3,Learned,0.6959578207381371
Yam,Papunesia,0.05,4,Freq,0.6537785588752196
Yam,Papunesia,0.05,4,T-CF,0.6590509666080844
Yam,Papunesia,0.05,4,Learned,0.6783831282952548
Yam,Papunesia,0.1,0,Freq,0.680140597539543
Yam,Papunesia,0.1,0,T-CF,0.7082601054481547
Yam,Papunesia,0.1,0,Learned,0.7152899824253075
Yam,Papunesia,0.1,1,Freq,0.6678383128295254
Yam,Papunesia,0.1,1,T-CF,0.6239015817223199
Yam,Papunesia,0.1,1,Learned,0.6766256590509666
Yam,Papunesia,0.1,2,Freq,0.6678383128295254
Yam,Papunesia,0.1,2,T-CF,0.6924428822495606
Yam,Papunesia,0.1,2,Learned,0.70298769771529
Yam,Papunesia,0.1,3,Freq,0.671353251318102
Yam,Papunesia,0.1,3,T-CF,0.6977152899824253
Yam,Papunesia,0.1,3,Learned,0.7065026362038664
Yam,Papunesia,0.1,4,Freq,0.6537785588752196
Yam,Papunesia,0.1,4,T-CF,0.6678383128295254
Yam,Papunesia,0.1,4,Learned,0.6397188049209139
Yam,Papunesia,0.2,0,Freq,0.680140597539543
Yam,Papunesia,0.2,0,T-CF,0.6994727592267135
Yam,Papunesia,0.2,0,Learned,0.7100175746924429
Yam,Papunesia,0.2,1,Freq,0.6678383128295254
Yam,Papunesia,0.2,1,T-CF,0.7047451669595782
Yam,Papunesia,0.2,1,Learned,0.718804920913884
Yam,Papunesia,0.2,2,Freq,0.6678383128295254
Yam,Papunesia,0.2,2,T-CF,0.6889279437609842
Yam,Papunesia,0.2,2,Learned,0.7047451669595782
Yam,Papunesia,0.2,3,Freq,0.671353251318102
Yam,Papunesia,0.2,3,T-CF,0.6977152899824253
Yam,Papunesia,0.2,3,Learned,0.6977152899824253
Yam,Papunesia,0.2,4,Freq,0.6537785588752196
Yam,Papunesia,0.2,4,T-CF,0.6731107205623902
Yam,Papunesia,0.2,4,Learned,0.6766256590509666
Nyulnyulan,Australia,0.0,0,Freq,0.710431654676259
Nyulnyulan,Australia,0.0,0,T-CF,0.49280575539568344
Nyulnyulan,Australia,0.0,0,Learned,0.5755395683453237
Nyulnyulan,Australia,0.0,1,Freq,0.6942446043165468
Nyulnyulan,Australia,0.0,1,T-CF,0.4658273381294964
Nyulnyulan,Australia,0.0,1,Learned,0.4154676258992806
Nyulnyulan,Australia,0.0,2,Freq,0.7032374100719424
Nyulnyulan,Australia,0.0,2,T-CF,0.5269784172661871
Nyulnyulan,Australia,0.0,2,Learned,0.5845323741007195
Nyulnyulan,Australia,0.0,3,Freq,0.7068345323741008
Nyulnyulan,Australia,0.0,3,T-CF,0.48381294964028776
Nyulnyulan,Australia,0.0,3,Learned,0.5323741007194245
Nyulnyulan,Australia,0.0,4,Freq,0.697841726618705
Nyulnyulan,Australia,0.0,4,T-CF,0.5701438848920863
Nyulnyulan,Australia,0.0,4,Learned,0.539568345323741
Nyulnyulan,Australia,0.01,0,Freq,0.710431654676259
Nyulnyulan,Australia,0.01,0,T-CF,0.3489208633093525
Nyulnyulan,Australia,0.01,0,Learned,0.36510791366906475
Nyulnyulan,Australia,0.01,1,Freq,0.6942446043165468
Nyulnyulan,Australia,0.01,1,T-CF,0.4982014388489209
Nyulnyulan,Australia,0.01,1,Learned,0.4982014388489209
Nyulnyulan,Australia,0.01,2,Freq,0.7032374100719424
Nyulnyulan,Australia,0.01,2,T-CF,0.7032374100719424
Nyulnyulan,Australia,0.01,2,Learned,0.7140287769784173
Nyulnyulan,Australia,0.01,3,Freq,0.7068345323741008
Nyulnyulan,Australia,0.01,3,T-CF,0.579136690647482
Nyulnyulan,Australia,0.01,3,Learned,0.5593525179856115
Nyulnyulan,Australia,0.01,4,Freq,0.697841726618705
Nyulnyulan,Australia,0.01,4,T-CF,0.6079136690647482
Nyulnyulan,Australia,0.01,4,Learned,0.5971223021582733
Nyulnyulan,Australia,0.05,0,Freq,0.710431654676259
Nyulnyulan,Australia,0.05,0,T-CF,0.6798561151079137
Nyulnyulan,Australia,0.05,0,Learned,0.6726618705035972
Nyulnyulan,Australia,0.05,1,Freq,0.6942446043165468
Nyulnyulan,Australia,0.05,1,T-CF,0.697841726618705
Nyulnyulan,Australia,0.05,1,Learned,0.7230215827338129
Nyulnyulan,Australia,0.05,2,Freq,0.7032374100719424
Nyulnyulan,Australia,0.05,2,T-CF,0.6780575539568345
Nyulnyulan,Australia,0.05,2,Learned,0.7068345323741008
Nyulnyulan,Australia,0.05,3,Freq,0.7068345323741008
Nyulnyulan,Australia,0.05,3,T-CF,0.7140287769784173
Nyulnyulan,Australia,0.05,3,Learned,0.7140287769784173
Nyulnyulan,Australia,0.05,4,Freq,0.697841726618705
Nyulnyulan,Australia,0.05,4,T-CF,0.710431654676259
Nyulnyulan,Australia,0.05,4,Learned,0.710431654676259
Nyulnyulan,Australia,0.1,0,Freq,0.710431654676259
Nyulnyulan,Australia,0.1,0,T-CF,0.6654676258992805
Nyulnyulan,Australia,0.1,0,Learned,0.6726618705035972
Nyulnyulan,Australia,0.1,1,Freq,0.6942446043165468
Nyulnyulan,Australia,0.1,1,T-CF,0.710431654676259
Nyulnyulan,Australia,0.1,1,Learned,0.7158273381294964
Nyulnyulan,Australia,0.1,2,Freq,0.7032374100719424
Nyulnyulan,Australia,0.1,2,T-CF,0.7068345323741008
Nyulnyulan,Australia,0.1,2,Learned,0.7320143884892086
Nyulnyulan,Australia,0.1,3,Freq,0.7068345323741008
Nyulnyulan,Australia,0.1,3,T-CF,0.7086330935251799
Nyulnyulan,Australia,0.1,3,Learned,0.7266187050359713
Nyulnyulan,Australia,0.1,4,Freq,0.697841726618705
Nyulnyulan,Australia,0.1,4,T-CF,0.7086330935251799
Nyulnyulan,Australia,0.1,4,Learned,0.7086330935251799
Nyulnyulan,Australia,0.2,0,Freq,0.710431654676259
Nyulnyulan,Australia,0.2,0,T-CF,0.7086330935251799
Nyulnyulan,Australia,0.2,0,Learned,0.7158273381294964
Nyulnyulan,Australia,0.2,1,Freq,0.6942446043165468
Nyulnyulan,Australia,0.2,1,T-CF,0.697841726618705
Nyulnyulan,Australia,0.2,1,Learned,0.7050359712230215
Nyulnyulan,Australia,0.2,2,Freq,0.7032374100719424
Nyulnyulan,Australia,0.2,2,T-CF,0.7266187050359713
Nyulnyulan,Australia,0.2,2,Learned,0.7194244604316546
Nyulnyulan,Australia,0.2,3,Freq,0.7068345323741008
Nyulnyulan,Australia,0.2,3,T-CF,0.7212230215827338
Nyulnyulan,Australia,0.2,3,Learned,0.7356115107913669
Nyulnyulan,Australia,0.2,4,Freq,0.697841726618705
Nyulnyulan,Australia,0.2,4,T-CF,0.6996402877697842
Nyulnyulan,Australia,0.2,4,Learned,0.7086330935251799
Chocoan,South America,0.0,0,Freq,0.7372611464968153
Chocoan,South America,0.0,0,T-CF,0.34076433121019106
Chocoan,South America,0.0,0,Learned,0.6003184713375797
Chocoan,South America,0.0,1,Freq,0.7229299363057324
Chocoan,South America,0.0,1,T-CF,0.5923566878980892
Chocoan,South America,0.0,1,Learned,0.5095541401273885
Chocoan,South America,0.0,2,Freq,0.7308917197452229
Chocoan,South America,0.0,2,T-CF,0.30095541401273884
Chocoan,South America,0.0,2,Learned,0.6242038216560509
Chocoan,South America,0.0,3,Freq,0.7436305732484076
Chocoan,South America,0.0,3,T-CF,0.5652866242038217
Chocoan,South America,0.0,3,Learned,0.3535031847133758
Chocoan,South America,0.0,4,Freq,0.7181528662420382
Chocoan,South America,0.0,4,T-CF,0.3821656050955414
Chocoan,South America,0.0,4,Learned,0.5015923566878981
Chocoan,South America,0.01,0,Freq,0.7372611464968153
Chocoan,South America,0.01,0,T-CF,0.7388535031847133
Chocoan,South America,0.01,0,Learned,0.7356687898089171
Chocoan,South America,0.01,1,Freq,0.7229299363057324
Chocoan,South America,0.01,1,T-CF,0.7404458598726115
Chocoan,South America,0.01,1,Learned,0.7436305732484076
Chocoan,South America,0.01,2,Freq,0.7308917197452229
Chocoan,South America,0.01,2,T-CF,0.6640127388535032
Chocoan,South America,0.01,2,Learned,0.660828025477707
Chocoan,South America,0.01,3,Freq,0.7436305732484076
Chocoan,South America,0.01,3,T-CF,0.5461783439490446
Chocoan,South America,0.01,3,Learned,0.5621019108280255
Chocoan,South America,0.01,4,Freq,0.7181528662420382
Chocoan,South America,0.01,4,T-CF,0.5923566878980892
Chocoan,South America,0.01,4,Learned,0.6210191082802548
Chocoan,South America,0.05,0,Freq,0.7372611464968153
Chocoan,South America,0.05,0,T-CF,0.7484076433121019
Chocoan,South America,0.05,0,Learned,0.7643312101910829
Chocoan,South America,0.05,1,Freq,0.7229299363057324
Chocoan,South America,0.05,1,T-CF,0.7054140127388535
Chocoan,South America,0.05,1,Learned,0.6592356687898089
Chocoan,South America,0.05,2,Freq,0.7308917197452229
Chocoan,South America,0.05,2,T-CF,0.7563694267515924
Chocoan,South America,0.05,2,Learned,0.7404458598726115
Chocoan,South America,0.05,3,Freq,0.7436305732484076
Chocoan,South America,0.05,3,T-CF,0.7834394904458599
Chocoan,South America,0.05,3,Learned,0.7738853503184714
Chocoan,South America,0.05,4,Freq,0.7181528662420382
Chocoan,South America,0.05,4,T-CF,0.7340764331210191
Chocoan,South America,0.05,4,Learned,0.7659235668789809
Chocoan,South America,0.1,0,Freq,0.7372611464968153
Chocoan,South America,0.1,0,T-CF,0.7515923566878981
Chocoan,South America,0.1,0,Learned,0.7754777070063694
Chocoan,South America,0.1,1,Freq,0.7229299363057324
Chocoan,South America,0.1,1,T-CF,0.7595541401273885
Chocoan,South America,0.1,1,Learned,0.7834394904458599
Chocoan,South America,0.1,2,Freq,0.7308917197452229
Chocoan,South America,0.1,2,T-CF,0.7579617834394905
Chocoan,South America,0.1,2,Learned,0.7643312101910829
Chocoan,South America,0.1,3,Freq,0.7436305732484076
Chocoan,South America,0.1,3,T-CF,0.7770700636942676
Chocoan,South America,0.1,3,Learned,0.7898089171974523
Chocoan,South America,0.1,4,Freq,0.7181528662420382
Chocoan,South America,0.1,4,T-CF,0.7484076433121019
Chocoan,South America,0.1,4,Learned,0.785031847133758
Chocoan,South America,0.2,0,Freq,0.7372611464968153
Chocoan,South America,0.2,0,T-CF,0.7579617834394905
Chocoan,South America,0.2,0,Learned,0.7818471337579618
Chocoan,South America,0.2,1,Freq,0.7229299363057324
Chocoan,South America,0.2,1,T-CF,0.7531847133757962
Chocoan,South America,0.2,1,Learned,0.7945859872611465
Chocoan,South America,0.2,2,Freq,0.7308917197452229
Chocoan,South America,0.2,2,T-CF,0.7627388535031847
Chocoan,South America,0.2,2,Learned,0.7898089171974523
Chocoan,South America,0.2,3,Freq,0.7436305732484076
Chocoan,South America,0.2,3,T-CF,0.7643312101910829
Chocoan,South America,0.2,3,Learned,0.7929936305732485
Chocoan,South America,0.2,4,Freq,0.7181528662420382
Chocoan,South America,0.2,4,T-CF,0.7340764331210191
Chocoan,South America,0.2,4,Learned,0.7818471337579618
Totonacan,North America,0.0,0,Freq,0.6907216494845361
Totonacan,North America,0.0,0,T-CF,0.5567010309278351
Totonacan,North America,0.0,0,Learned,0.5017182130584192
Totonacan,North America,0.0,1,Freq,0.7010309278350515
Totonacan,North America,0.0,1,T-CF,0.43470790378006874
Totonacan,North America,0.0,1,Learned,0.49828178694158076
Totonacan,North America,0.0,2,Freq,0.6855670103092784
Totonacan,North America,0.0,2,T-CF,0.5738831615120275
Totonacan,North America,0.0,2,Learned,0.6013745704467354
Totonacan,North America,0.0,3,Freq,0.7044673539518901
Totonacan,North America,0.0,3,T-CF,0.5378006872852233
Totonacan,North America,0.0,3,Learned,0.6099656357388317
Totonacan,North America,0.0,4,Freq,0.6993127147766323
Totonacan,North America,0.0,4,T-CF,0.47766323024054985
Totonacan,North America,0.0,4,Learned,0.4845360824742268
Totonacan,North America,0.01,0,Freq,0.6907216494845361
Totonacan,North America,0.01,0,T-CF,0.6735395189003437
Totonacan,North America,0.01,0,Learned,0.6855670103092784
Totonacan,North America,0.01,1,Freq,0.7010309278350515
Totonacan,North America,0.01,1,T-CF,0.6116838487972509
Totonacan,North America,0.01,1,Learned,0.6134020618556701
Totonacan,North America,0.01,2,Freq,0.6855670103092784
Totonacan,North America,0.01,2,T-CF,0.49140893470790376
Totonacan,North America,0.01,2,Learned,0.4845360824742268
Totonacan,North America,0.01,3,Freq,0.7044673539518901
Totonacan,North America,0.01,3,T-CF,0.4793814432989691
Totonacan,North America,0.01,3,Learned,0.48281786941580757
Totonacan,North America,0.01,4,Freq,0.6993127147766323
Totonacan,North America,0.01,4,T-CF,0.5171821305841925
Totonacan,North America,0.01,4,Learned,0.5343642611683849
Totonacan,North America,0.05,0,Freq,0.6907216494845361
Totonacan,North America,0.05,0,T-CF,0.6838487972508591
Totonacan,North America,0.05,0,Learned,0.6924398625429553
Totonacan,North America,0.05,1,Freq,0.7010309278350515
Totonacan,North America,0.05,1,T-CF,0.6924398625429553
Totonacan,North America,0.05,1,Learned,0.6958762886597938
Totonacan,North America,0.05,2,Freq,0.6855670103092784
Totonacan,North America,0.05,2,T-CF,0.6597938144329897
Totonacan,North America,0.05,2,Learned,0.6941580756013745
Totonacan,North America,0.05,3,Freq,0.7044673539518901
Totonacan,North America,0.05,3,T-CF,0.6305841924398625
Totonacan,North America,0.05,3,Learned,0.6185567010309279
Totonacan,North America,0.05,4,Freq,0.6993127147766323
Totonacan,North America,0.05,4,T-CF,0.6752577319587629
Totonacan,North America,0.05,4,Learned,0.6993127147766323
Totonacan,North America,0.1,0,Freq,0.6907216494845361
Totonacan,North America,0.1,0,T-CF,0.6683848797250859
Totonacan,North America,0.1,0,Learned,0.7130584192439863
Totonacan,North America,0.1,1,Freq,0.7010309278350515
Totonacan,North America,0.1,1,T-CF,0.6993127147766323
Totonacan,North America,0.1,1,Learned,0.7353951890034365
Totonacan,North America,0.1,2,Freq,0.6855670103092784
Totonacan,North America,0.1,2,T-CF,0.6666666666666666
Totonacan,North America,0.1,2,Learned,0.711340206185567
Totonacan,North America,0.1,3,Freq,0.7044673539518901
Totonacan,North America,0.1,3,T-CF,0.6924398625429553
Totonacan,North America,0.1,3,Learned,0.7199312714776632
Totonacan,North America,0.1,4,Freq,0.6993127147766323
Totonacan,North America,0.1,4,T-CF,0.6838487972508591
Totonacan,North America,0.1,4,Learned,0.7336769759450171
Totonacan,North America,0.2,0,Freq,0.6907216494845361
Totonacan,North America,0.2,0,T-CF,0.6649484536082474
Totonacan,North America,0.2,0,Learned,0.7371134020618557
Totonacan,North America,0.2,1,Freq,0.7010309278350515
Totonacan,North America,0.2,1,T-CF,0.6872852233676976
Totonacan,North America,0.2,1,Learned,0.7422680412371134
Totonacan,North America,0.2,2,Freq,0.6855670103092784
Totonacan,North America,0.2,2,T-CF,0.6666666666666666
Totonacan,North America,0.2,2,Learned,0.718213058419244
Totonacan,North America,0.2,3,Freq,0.7044673539518901
Totonacan,North America,0.2,3,T-CF,0.6855670103092784
Totonacan,North America,0.2,3,Learned,0.7336769759450171
Totonacan,North America,0.2,4,Freq,0.6993127147766323
Totonacan,North America,0.2,4,T-CF,0.6649484536082474
Totonacan,North America,0.2,4,Learned,0.7319587628865979
Songhay,Africa,0.0,0,Freq,0.8035190615835777
Songhay,Africa,0.0,0,T-CF,0.5087976539589443
Songhay,Africa,0.0,0,Learned,0.39002932551319647
Songhay,Africa,0.0,1,Freq,0.8035190615835777
Songhay,Africa,0.0,1,T-CF,0.533724340175953
Songhay,Africa,0.0,1,Learned,0.5190615835777126
Songhay,Africa,0.0,2,Freq,0.7888563049853372
Songhay,Africa,0.0,2,T-CF,0.45454545454545453
Songhay,Africa,0.0,2,Learned,0.5835777126099707
Songhay,Africa,0.0,3,Freq,0.7917888563049853
Songhay,Africa,0.0,3,T-CF,0.4252199413489736
Songhay,Africa,0.0,3,Learned,0.6231671554252199
Songhay,Africa,0.0,4,Freq,0.7917888563049853
Songhay,Africa,0.0,4,T-CF,0.7565982404692082
Songhay,Africa,0.0,4,Learned,0.39002932551319647
Songhay,Africa,0.01,0,Freq,0.8035190615835777
Songhay,Africa,0.01,0,T-CF,0.5615835777126099
Songhay,Africa,0.01,0,Learned,0.5674486803519062
Songhay,Africa,0.01,1,Freq,0.8035190615835777
Songhay,Africa,0.01,1,T-CF,0.6964809384164223
Songhay,Africa,0.01,1,Learned,0.7052785923753666
Songhay,Africa,0.01,2,Freq,0.7888563049853372
Songhay,Africa,0.01,2,T-CF,0.6832844574780058
Songhay,Africa,0.01,2,Learned,0.7917888563049853
Songhay,Africa,0.01,3,Freq,0.7917888563049853
Songhay,Africa,0.01,3,T-CF,0.8005865102639296
Songhay,Africa,0.01,3,Learned,0.7844574780058651
Songhay,Africa,0.01,4,Freq,0.7917888563049853
Songhay,Africa,0.01,4,T-CF,0.6686217008797654
Songhay,Africa,0.01,4,Learned,0.6730205278592375
Songhay,Africa,0.05,0,Freq,0.8035190615835777
Songhay,Africa,0.05,0,T-CF,0.6612903225806451
Songhay,Africa,0.05,0,Learned,0.6700879765395894
Songhay,Africa,0.05,1,Freq,0.8035190615835777
Songhay,Africa,0.05,1,T-CF,0.6876832844574781
Songhay,Africa,0.05,1,Learned,0.6906158357771262
Songhay,Africa,0.05,2,Freq,0.7888563049853372
Songhay,Africa,0.05,2,T-CF,0.7917888563049853
Songhay,Africa,0.05,2,Learned,0.7756598240469208
Songhay,Africa,0.05,3,Freq,0.7917888563049853
Songhay,Africa,0.05,3,T-CF,0.8035190615835777
Songhay,Africa,0.05,3,Learned,0.8020527859237536
Songhay,Africa,0.05,4,Freq,0.7917888563049853
Songhay,Africa,0.05,4,T-CF,0.8005865102639296
Songhay,Africa,0.05,4,Learned,0.7785923753665689
Songhay,Africa,0.1,0,Freq,0.8035190615835777
Songhay,Africa,0.1,0,T-CF,0.8035190615835777
Songhay,Africa,0.1,0,Learned,0.7888563049853372
Songhay,Africa,0.1,1,Freq,0.8035190615835777
Songhay,Africa,0.1,1,T-CF,0.8035190615835777
Songhay,Africa,0.1,1,Learned,0.7785923753665689
Songhay,Africa,0.1,2,Freq,0.7888563049853372
Songhay,Africa,0.1,2,T-CF,0.7873900293255132
Songhay,Africa,0.1,2,Learned,0.7947214076246334
Songhay,Africa,0.1,3,Freq,0.7917888563049853
Songhay,Africa,0.1,3,T-CF,0.8020527859237536
Songhay,Africa,0.1,3,Learned,0.8005865102639296
Songhay,Africa,0.1,4,Freq,0.7917888563049853
Songhay,Africa,0.1,4,T-CF,0.7932551319648093
Songhay,Africa,0.1,4,Learned,0.7859237536656891
Songhay,Africa,0.2,0,Freq,0.8035190615835777
Songhay,Africa,0.2,0,T-CF,0.8005865102639296
Songhay,Africa,0.2,0,Learned,0.8064516129032258
Songhay,Africa,0.2,1,Freq,0.8035190615835777
Songhay,Africa,0.2,1,T-CF,0.7976539589442815
Songhay,Africa,0.2,1,Learned,0.8181818181818182
Songhay,Africa,0.2,2,Freq,0.7888563049853372
Songhay,Africa,0.2,2,T-CF,0.7903225806451613
Songhay,Africa,0.2,2,Learned,0.8049853372434017
Songhay,Africa,0.2,3,Freq,0.7917888563049853
Songhay,Africa,0.2,3,T-CF,0.7917888563049853
Songhay,Africa,0.2,3,Learned,0.8123167155425219
Songhay,Africa,0.2,4,Freq,0.7917888563049853
Songhay,Africa,0.2,4,T-CF,0.7932551319648093
Songhay,Africa,0.2,4,Learned,0.7932551319648093
Surmic,Africa,0.0,0,Freq,0.76
Surmic,Africa,0.0,0,T-CF,0.46923076923076923
Surmic,Africa,0.0,0,Learned,0.5169230769230769
Surmic,Africa,0.0,1,Freq,0.7707692307692308
Surmic,Africa,0.0,1,T-CF,0.46615384615384614
Surmic,Africa,0.0,1,Learned,0.44153846153846155
Surmic,Africa,0.0,2,Freq,0.7630769230769231
Surmic,Africa,0.0,2,T-CF,0.4338461538461538
Surmic,Africa,0.0,2,Learned,0.5676923076923077
Surmic,Africa,0.0,3,Freq,0.7676923076923077
Surmic,Africa,0.0,3,T-CF,0.2323076923076923
Surmic,Africa,0.0,3,Learned,0.5723076923076923
Surmic,Africa,0.0,4,Freq,0.7815384615384615
Surmic,Africa,0.0,4,T-CF,0.5215384615384615
Surmic,Africa,0.0,4,Learned,0.7292307692307692
Surmic,Africa,0.01,0,Freq,0.76
Surmic,Africa,0.01,0,T-CF,0.6415384615384615
Surmic,Africa,0.01,0,Learned,0.66
Surmic,Africa,0.01,1,Freq,0.7707692307692308
Surmic,Africa,0.01,1,T-CF,0.7661538461538462
Surmic,Africa,0.01,1,Learned,0.7476923076923077
Surmic,Africa,0.01,2,Freq,0.7630769230769231
Surmic,Africa,0.01,2,T-CF,0.6630769230769231
Surmic,Africa,0.01,2,Learned,0.7369230769230769
Surmic,Africa,0.01,3,Freq,0.7676923076923077
Surmic,Africa,0.01,3,T-CF,0.7615384615384615
Surmic,Africa,0.01,3,Learned,0.7523076923076923
Surmic,Africa,0.01,4,Freq,0.7815384615384615
Surmic,Africa,0.01,4,T-CF,0.6661538461538462
Surmic,Africa,0.01,4,Learned,0.64
Surmic,Africa,0.05,0,Freq,0.76
Surmic,Africa,0.05,0,T-CF,0.7584615384615384
Surmic,Africa,0.05,0,Learned,0.7384615384615385
Surmic,Africa,0.05,1,Freq,0.7707692307692308
Surmic,Africa,0.05,1,T-CF,0.7738461538461539
Surmic,Africa,0.05,1,Learned,0.7707692307692308
Surmic,Africa,0.05,2,Freq,0.7630769230769231
Surmic,Africa,0.05,2,T-CF,0.7538461538461538
Surmic,Africa,0.05,2,Learned,0.7461538461538462
Surmic,Africa,0.05,3,Freq,0.7676923076923077
Surmic,Africa,0.05,3,T-CF,0.7615384615384615
Surmic,Africa,0.05,3,Learned,0.7723076923076924
Surmic,Africa,0.05,4,Freq,0.7815384615384615
Surmic,Africa,0.05,4,T-CF,0.7676923076923077
Surmic,Africa,0.05,4,Learned,0.7938461538461539
Surmic,Africa,0.1,0,Freq,0.76
Surmic,Africa,0.1,0,T-CF,0.7476923076923077
Surmic,Africa,0.1,0,Learned,0.7523076923076923
Surmic,Africa,0.1,1,Freq,0.7707692307692308
Surmic,Africa,0.1,1,T-CF,0.7584615384615384
Surmic,Africa,0.1,1,Learned,0.7538461538461538
Surmic,Africa,0.1,2,Freq,0.7630769230769231
Surmic,Africa,0.1,2,T-CF,0.7661538461538462
Surmic,Africa,0.1,2,Learned,0.7476923076923077
Surmic,Africa,0.1,3,Freq,0.7676923076923077
Surmic,Africa,0.1,3,T-CF,0.7707692307692308
Surmic,Africa,0.1,3,Learned,0.7615384615384615
Surmic,Africa,0.1,4,Freq,0.7815384615384615
Surmic,Africa,0.1,4,T-CF,0.7723076923076924
Surmic,Africa,0.1,4,Learned,0.7815384615384615
Surmic,Africa,0.2,0,Freq,0.76
Surmic,Africa,0.2,0,T-CF,0.7476923076923077
Surmic,Africa,0.2,0,Learned,0.7476923076923077
Surmic,Africa,0.2,1,Freq,0.7707692307692308
Surmic,Africa,0.2,1,T-CF,0.7707692307692308
Surmic,Africa,0.2,1,Learned,0.7738461538461539
Surmic,Africa,0.2,2,Freq,0.7630769230769231
Surmic,Africa,0.2,2,T-CF,0.7538461538461538
Surmic,Africa,0.2,2,Learned,0.7553846153846154
Surmic,Africa,0.2,3,Freq,0.7676923076923077
Surmic,Africa,0.2,3,T-CF,0.76
Surmic,Africa,0.2,3,Learned,0.7615384615384615
Surmic,Africa,0.2,4,Freq,0.7815384615384615
Surmic,Africa,0.2,4,T-CF,0.7723076923076924
Surmic,Africa,0.2,4,Learned,0.7784615384615384
