condition,repr,linearizer,source_glot,target_glot,kendall_tau,pair_accuracy,exact_match,arc_accuracy,n_sentences,n_arcs
self,wals_s42_A,mlp,stan1318,stan1318,0.3600241000469407,0.6800120500234702,0.006122448979591836,0.645129623845433,490,22411
self,gold_oracle,profile,stan1318,stan1318,0.19586256216970035,0.5979312810848502,0.00816326530612245,0.645486591406006,490,22411
self,wals_s42_A,mlp,nucl1235,nucl1235,0.13060828094651825,0.565304140473259,0.0020491803278688526,0.4811710398445092,488,8232
self,gold_oracle,profile,nucl1235,nucl1235,0.36911067741411646,0.6845553387070582,0.012295081967213115,0.6454081632653061,488,8232
self,wals_s42_A,mlp,bela1254,bela1254,0.2772767102852057,0.6386383551426028,0.024439918533604887,0.6931067044381491,491,8472
self,gold_oracle,profile,bela1254,bela1254,0.31362769849865657,0.6568138492493283,0.016293279022403257,0.6867327667610954,491,8472
self,wals_s42_A,mlp,stan1289,stan1289,0.3264310362305705,0.6632155181152852,0.0,0.6950014788524105,500,16905
self,gold_oracle,profile,stan1289,stan1289,0.41781943262444643,0.7089097163122232,0.0,0.7165335699497191,500,16905
self,wals_s42_A,mlp,mand1415,mand1415,0.37105592422165057,0.6855279621108252,0.0,0.5490877497827976,500,11510
self,gold_oracle,profile,mand1415,mand1415,0.5839407907628922,0.7919703953814462,0.0,0.6902693310165073,500,11510
self,wals_s42_A,mlp,copt1239,copt1239,0.2977225588865259,0.648861279443263,0.0,0.7738310254866546,404,9966
self,gold_oracle,profile,copt1239,copt1239,0.45767518236002075,0.7288375911800103,0.0,0.7382099137066025,404,9966
self,wals_s42_A,mlp,czec1258,czec1258,0.17050965548133248,0.5852548277406663,0.008456659619450317,0.6327962992502791,473,6269
self,gold_oracle,profile,czec1258,czec1258,0.3152768329769632,0.6576384164884816,0.008456659619450317,0.6680491306428458,473,6269
self,wals_s42_A,mlp,dani1285,dani1285,0.25706537906647414,0.6285326895332369,0.008264462809917356,0.6904451038575667,484,8425
self,gold_oracle,profile,dani1285,dani1285,0.29620851630799105,0.6481042581539956,0.010330578512396695,0.6621958456973294,484,8425
self,wals_s42_A,mlp,dutc1256,dutc1256,0.31907547243716045,0.6595377362185803,0.0,0.6741420319401971,494,8829
self,gold_oracle,profile,dutc1256,dutc1256,0.47814448470337734,0.7390722423516887,0.004048582995951417,0.6970211802016083,494,8829
self,wals_s42_A,mlp,stan1293,stan1293,0.36085628578914214,0.6804281428945711,0.004597701149425287,0.7143916913946587,435,6740
self,gold_oracle,profile,stan1293,stan1293,0.4214171215444668,0.7107085607722333,0.0022988505747126436,0.701780415430267,435,6740
self,wals_s42_A,mlp,faro1244,faro1244,0.21263154401322026,0.6063157720066101,0.0,0.6158456190818651,301,8343
self,gold_oracle,profile,faro1244,faro1244,0.4531331309573238,0.7265665654786619,0.0,0.5327819729114227,301,8343
self,wals_s42_A,mlp,finn1318,finn1318,0.19916454186784038,0.5995822709339201,0.0,0.6381252070221928,490,6038
self,gold_oracle,profile,finn1318,finn1318,0.30558797134964205,0.652793985674821,0.0,0.6576681020205366,490,6038
self,wals_s42_A,mlp,stan1290,stan1290,0.3636752558057418,0.6818376279028708,0.0,0.7486720133319446,416,9601
self,gold_oracle,profile,stan1290,stan1290,0.43949950108944896,0.7197497505447245,0.0,0.7398187688782418,416,9601
self,wals_s42_A,mlp,mode1248,mode1248,0.30387395401422035,0.6519369770071102,0.009070294784580499,0.7743705300284118,441,10207
self,gold_oracle,profile,mode1248,mode1248,0.3473274443665696,0.6736637221832849,0.011337868480725623,0.753600470265504,441,10207
self,wals_s42_A,mlp,hebr1245,hebr1245,0.3038952338567964,0.6519476169283982,0.0,0.6224766751484309,490,11790
self,gold_oracle,profile,hebr1245,hebr1245,0.3986818716957859,0.6993409358478929,0.0,0.6330788804071247,490,11790
self,wals_s42_A,mlp,hind1269,hind1269,-0.04083494342149019,0.47958252828925485,0.0,0.35097493036211697,500,10052
self,gold_oracle,profile,hind1269,hind1269,0.6119894494952609,0.8059947247476306,0.0,0.8464982093115798,500,10052
self,wals_s42_A,mlp,hung1274,hung1274,0.04942906435637938,0.5247145321781896,0.0,0.5431543154315431,449,9999
self,gold_oracle,profile,hung1274,hung1274,0.3947309525840482,0.6973654762920242,0.0,0.7275727572757276,449,9999
self,wals_s42_A,mlp,icel1247,icel1247,0.23131032241446534,0.6156551612072326,0.0,0.6069816430935902,500,13292
self,gold_oracle,profile,icel1247,icel1247,0.3031007238010594,0.6515503619005296,0.0,0.568913632260006,500,13292
self,wals_s42_A,mlp,iris1253,iris1253,0.20543075356411158,0.6027153767820559,0.0,0.6382758263392394,448,9651
self,gold_oracle,profile,iris1253,iris1253,0.28337302045924473,0.6416865102296223,0.0,0.6253238006424204,448,9651
self,wals_s42_A,mlp,ital1282,ital1282,0.27986623029896485,0.6399331151494824,0.0,0.7116255661801711,482,9935
self,gold_oracle,profile,ital1282,ital1282,0.38513705191208425,0.692568525956042,0.0,0.7235027679919477,482,9935
self,wals_s42_A,mlp,nucl1643,nucl1643,0.07281794256428692,0.5364089712821434,0.0,0.31016416346489695,499,11452
self,gold_oracle,profile,nucl1643,nucl1643,0.6520310376239355,0.8260155188119678,0.002004008016032064,0.7482535801606707,499,11452
self,wals_s42_A,mlp,komi1268,komi1268,0.05108622680334013,0.52554311340167,0.0,0.5066857688634193,213,2094
self,gold_oracle,profile,komi1268,komi1268,0.23863393979808367,0.6193169698990418,0.0,0.5434574976122254,213,2094
self,wals_s42_A,mlp,kore1280,kore1280,0.24606544182622606,0.623032720913113,0.024489795918367346,0.42839931153184163,490,5810
self,gold_oracle,profile,kore1280,kore1280,0.5256068573967909,0.7628034286983955,0.05510204081632653,0.6397590361445783,490,5810
self,wals_s42_A,mlp,latv1249,latv1249,0.15785693340166063,0.5789284667008303,0.0,0.5750518423991067,486,6269
self,gold_oracle,profile,latv1249,latv1249,0.3418240692325285,0.6709120346162643,0.0,0.6623065879725634,486,6269
self,wals_s42_A,mlp,lith1251,lith1251,0.20247157828534063,0.6012357891426704,0.012295081967213115,0.6046231961517905,488,7484
self,gold_oracle,profile,lith1251,lith1251,0.3212416951788205,0.6606208475894103,0.0020491803278688526,0.6588722608230893,488,7484
self,wals_s42_A,mlp,malt1254,malt1254,0.23087310294698124,0.6154365514734906,0.00404040404040404,0.6759213999413433,495,10229
self,gold_oracle,profile,malt1254,malt1254,0.34998536053059354,0.6749926802652968,0.00404040404040404,0.6817870759605045,495,10229
self,wals_s42_A,mlp,mara1378,mara1378,0.14247287926921795,0.571236439634609,0.0,0.3983516483516483,46,364
self,gold_oracle,profile,mara1378,mara1378,0.4764200851271791,0.7382100425635894,0.0,0.6318681318681318,46,364
self,wals_s42_A,mlp,nort2671,nort2671,0.15776061182558163,0.5788803059127907,0.0,0.5181602172437203,500,5892
self,gold_oracle,profile,nort2671,nort2671,0.2329804228203025,0.6164902114101513,0.0,0.5622878479293958,500,5892
self,wals_s42_A,mlp,west2369,west2369,0.0459843139143875,0.5229921569571938,0.0,0.5471054068814856,500,7324
self,gold_oracle,profile,west2369,west2369,0.58312033924041,0.791560169620205,0.0,0.723784817039869,500,7324
self,wals_s42_A,mlp,poli1260,poli1260,0.286205517929174,0.643102758964587,0.0,0.6845637583892618,494,4172
self,gold_oracle,profile,poli1260,poli1260,0.36183223875976533,0.6809161193798827,0.0,0.6907957813998082,494,4172
self,wals_s42_A,mlp,port1283,port1283,0.3970055354641759,0.698502767732088,0.018442622950819672,0.7160586284369317,488,9347
self,gold_oracle,profile,port1283,port1283,0.4546910885942865,0.7273455442971433,0.018442622950819672,0.7053600085588959,488,9347
self,wals_s42_A,mlp,russ1263,russ1263,0.2055820249683404,0.6027910124841702,0.0,0.6352549889135255,495,8118
self,gold_oracle,profile,russ1263,russ1263,0.3331076101018415,0.6665538050509208,0.0,0.6702389751170239,495,8118
self,wals_s42_A,mlp,slov1268,slov1268,0.24928416794937963,0.6246420839746898,0.002,0.6950846420558842,500,9806
self,gold_oracle,profile,slov1268,slov1268,0.3615633692971769,0.6807816846485885,0.002,0.732408729349378,500,9806
self,wals_s42_A,mlp,swed1254,swed1254,0.2879223823634571,0.6439611911817286,0.006289308176100629,0.6912583518930958,477,7184
self,gold_oracle,profile,swed1254,swed1254,0.3802182889786634,0.6901091444893317,0.0041928721174004195,0.6792873051224945,477,7184
self,wals_s42_A,mlp,tami1289,tami1289,-0.08439542084836815,0.45780228957581587,0.0,0.3697164258962012,120,1869
self,gold_oracle,profile,tami1289,tami1289,0.6640194655180953,0.8320097327590477,0.0,0.8143392188336008,120,1869
self,wals_s42_A,mlp,telu1262,telu1262,0.20695070275489857,0.6034753513774493,0.0,0.5122377622377622,143,572
self,gold_oracle,profile,telu1262,telu1262,0.559074259074259,0.7795371295371296,0.0,0.6940559440559441,143,572
self,wals_s42_A,mlp,nucl1301,nucl1301,0.07318527322779882,0.5365926366138994,0.008130081300813009,0.4236521739130435,492,5750
self,gold_oracle,profile,nucl1301,nucl1301,0.5189098399272442,0.759454919963622,0.012195121951219513,0.7144347826086956,492,5750
self,wals_s42_A,mlp,ukra1253,ukra1253,0.20583613331963482,0.6029180666598174,0.002178649237472767,0.6877843115499833,459,9013
self,gold_oracle,profile,ukra1253,ukra1253,0.2965814217515292,0.6482907108757646,0.002178649237472767,0.693442804837457,459,9013
self,wals_s42_A,mlp,viet1252,viet1252,0.28546327950571626,0.6427316397528581,0.0,0.6058073654390935,499,7060
self,gold_oracle,profile,viet1252,viet1252,0.39855767960464367,0.6992788398023219,0.0,0.6236543909348442,499,7060
self,wals_s42_A,mlp,wels1247,wels1247,0.24446170669837647,0.6222308533491883,0.0,0.6643607164916615,500,8095
self,gold_oracle,profile,wels1247,wels1247,0.24230151788757873,0.6211507589437892,0.0,0.6543545398394071,500,8095
self,wals_s42_A,mlp,nucl1347,nucl1347,0.3825530226951053,0.6912765113475526,0.0021321961620469083,0.6590817559403946,469,9932
self,gold_oracle,profile,nucl1347,nucl1347,0.4239187596083984,0.7119593798041992,0.0021321961620469083,0.6496173983084977,469,9932
self,random,random,stan1318,stan1318,-0.005094878881781606,0.49745256055910914,0.0,0.5028780509571192,490,22411
self,random,random,nucl1235,nucl1235,0.017301105290498435,0.5086505526452493,0.010245901639344262,0.4965986394557823,488,8232
self,random,random,bamb1269,bamb1269,0.003994854592178557,0.5019974272960893,0.012219959266802444,0.48378955542613084,491,5151
self,random,random,bela1254,bela1254,-0.0078163103384843,0.4960918448307578,0.016293279022403257,0.4969310670443815,491,8472
self,random,random,bhoj1244,bhoj1244,0.015534125557329314,0.5077670627786646,0.0,0.5075360939235285,352,6303
self,random,random,bret1244,bret1244,0.015267750392813344,0.5076338751964067,0.01,0.4987674609695974,500,4868
self,random,random,yuec1235,yuec1235,-0.02716750955337016,0.4864162452233149,0.02531645569620253,0.48672139063254466,474,4142
self,random,random,stan1289,stan1289,-0.0051143406297537025,0.49744282968512316,0.002,0.5038154392191659,500,16905
self,random,random,mand1415,mand1415,-0.016275060122709687,0.4918624699386452,0.0,0.4891398783666377,500,11510
self,random,random,chuk1273,chuk1273,0.019262180021090876,0.5096310900105454,0.042735042735042736,0.48848292295472595,468,2518
self,random,random,copt1239,copt1239,0.0013144517311466496,0.5006572258655734,0.0,0.5034115994380896,404,9966
self,random,random,czec1258,czec1258,-0.017856808237855657,0.4910715958810722,0.004228329809725159,0.4992821821662147,473,6269
self,random,random,dani1285,dani1285,0.011596583719056516,0.5057982918595283,0.014462809917355372,0.5029080118694362,484,8425
self,random,random,dutc1256,dutc1256,-0.008767831096647109,0.4956160844516765,0.0,0.5030014724204327,494,8829
self,random,random,stan1293,stan1293,0.004644611108698593,0.5023223055543493,0.004597701149425287,0.5044510385756676,435,6740
self,random,random,faro1244,faro1244,-0.006625890503562537,0.4966870547482186,0.0,0.48975188781014023,301,8343
self,random,random,finn1318,finn1318,-0.02125726735618683,0.4893713663219066,0.00816326530612245,0.4915534945346141,490,6038
self,random,random,stan1290,stan1290,-0.019240913091989227,0.4903795434540053,0.0,0.495677533590251,416,9601
self,random,random,west2354,west2354,0.0005942689660674465,0.5002971344830337,0.0025252525252525255,0.5010526315789474,396,3325
self,random,random,mode1248,mode1248,-0.011820621447196497,0.49408968927640173,0.0022675736961451248,0.49613010678945824,441,10207
self,random,random,hebr1245,hebr1245,-0.007792294126144424,0.49610385293692777,0.0,0.49711620016963526,490,11790
self,random,random,hind1269,hind1269,-0.004304132463570063,0.497847933768215,0.0,0.5027855153203342,500,10052
self,random,random,hung1274,hung1274,-0.0014966358210651326,0.49925168208946746,0.0,0.49984998499849986,449,9999
self,random,random,icel1247,icel1247,-0.0042395523174810846,0.49788022384125946,0.0,0.5012789647908517,500,13292
self,random,random,iris1253,iris1253,-0.01498351812811272,0.49250824093594364,0.002232142857142857,0.5008807377473837,448,9651
self,random,random,ital1282,ital1282,0.006961333082266007,0.5034806665411331,0.0,0.5077000503271263,482,9935
self,random,random,nucl1643,nucl1643,-0.013188389195422506,0.4934058054022887,0.006012024048096192,0.49956339504016767,499,11452
self,random,random,komi1268,komi1268,0.016868284474052298,0.5084341422370261,0.014084507042253521,0.49379178605539636,213,2094
self,random,random,kore1280,kore1280,0.01589523968915672,0.5079476198445784,0.014285714285714285,0.4965576592082616,490,5810
self,random,random,latv1249,latv1249,0.004787696946919376,0.5023938484734597,0.01440329218106996,0.487478066677301,486,6269
self,random,random,lith1251,lith1251,-0.005114734695395799,0.49744263265230204,0.00819672131147541,0.49639230358097275,488,7484
self,random,random,malt1254,malt1254,0.00015821047193519502,0.5000791052359677,0.00404040404040404,0.4993645517645909,495,10229
self,random,random,mara1378,mara1378,-0.029861625788399238,0.48506918710580044,0.021739130434782608,0.5467032967032966,46,364
self,random,random,mund1330,mund1330,-0.025145071490643878,0.4874274642546781,0.02040816326530612,0.48182883939038684,147,853
self,random,random,nort2671,nort2671,0.0005204797909673755,0.5002602398954836,0.002,0.5072980312287848,500,5892
self,random,random,west2369,west2369,-0.00822588110294548,0.49588705944852723,0.0,0.4983615510649918,500,7324
self,random,random,poli1260,poli1260,0.008889685838270085,0.504444842919135,0.006072874493927126,0.5148609779482263,494,4172
self,random,random,port1283,port1283,0.005465892274819821,0.5027329461374099,0.006147540983606557,0.502407189472558,488,9347
self,random,random,russ1263,russ1263,0.008297816396134023,0.504148908198067,0.00808080808080808,0.49692042374969203,495,8118
self,random,random,slov1268,slov1268,0.009782261379379896,0.5048911306896899,0.004,0.498062410768917,500,9806
self,random,random,swed1254,swed1254,-0.01960601155847474,0.4901969942207626,0.0020964360587002098,0.48983853006681516,477,7184
self,random,random,taga1270,taga1270,0.033924498440627476,0.5169622492203138,0.04032258064516129,0.4750830564784053,124,602
self,random,random,tami1289,tami1289,0.006356952483186985,0.5031784762415935,0.0,0.4922418405564473,120,1869
self,random,random,telu1262,telu1262,0.0337497001832666,0.5168748500916333,0.06293706293706294,0.5122377622377622,143,572
self,random,random,thai1261,thai1261,-0.005948249491119049,0.4970258752544405,0.0,0.5042417310075302,499,10491
self,random,random,nucl1301,nucl1301,0.0030864322114665206,0.5015432161057333,0.01016260162601626,0.5111304347826087,492,5750
self,random,random,ukra1253,ukra1253,-0.025335005692161842,0.4873324971539191,0.002178649237472767,0.49705980250748916,459,9013
self,random,random,viet1252,viet1252,0.0005622414437298201,0.5002811207218649,0.002004008016032064,0.4927762039660057,499,7060
self,random,random,warl1254,warl1254,-0.04689754689754691,0.4765512265512265,0.01818181818181818,0.4807692307692308,55,260
self,random,random,wels1247,wels1247,-0.010606770932559571,0.4946966145337202,0.0,0.49573810994441014,500,8095
self,random,random,nucl1347,nucl1347,0.007058246754765551,0.5035291233773828,0.0,0.50463149416029,469,9932
self,random,random,yaku1245,yaku1245,0.04123618823265466,0.5206180941163274,0.04946996466431095,0.49476439790575916,283,1146
self,wals_s42_B,mlp,stan1318,stan1318,0.37138608513259586,0.6856930425662979,0.006122448979591836,0.6438356164383562,490,22411
self,gold_oracle,profile,stan1318,stan1318,0.19586256216970035,0.5979312810848502,0.00816326530612245,0.645486591406006,490,22411
self,wals_s42_B,mlp,nucl1235,nucl1235,0.13152149781160863,0.5657607489058043,0.0020491803278688526,0.48554421768707484,488,8232
self,gold_oracle,profile,nucl1235,nucl1235,0.36911067741411646,0.6845553387070582,0.012295081967213115,0.6454081632653061,488,8232
self,wals_s42_B,mlp,bela1254,bela1254,0.2867624634525742,0.6433812317262873,0.016293279022403257,0.6975920679886686,491,8472
self,gold_oracle,profile,bela1254,bela1254,0.31362769849865657,0.6568138492493283,0.016293279022403257,0.6867327667610954,491,8472
self,wals_s42_B,mlp,stan1289,stan1289,0.3616434551444984,0.6808217275722492,0.0,0.6939367051168294,500,16905
self,gold_oracle,profile,stan1289,stan1289,0.41781943262444643,0.7089097163122232,0.0,0.7165335699497191,500,16905
self,wals_s42_B,mlp,mand1415,mand1415,0.35137232964810383,0.675686164824052,0.0,0.5517810599478714,500,11510
self,gold_oracle,profile,mand1415,mand1415,0.5839407907628922,0.7919703953814462,0.0,0.6902693310165073,500,11510
self,wals_s42_B,mlp,copt1239,copt1239,0.39351851968905,0.696759259844525,0.0,0.7300822797511539,404,9966
self,gold_oracle,profile,copt1239,copt1239,0.45767518236002075,0.7288375911800103,0.0,0.7382099137066025,404,9966
self,wals_s42_B,mlp,czec1258,czec1258,0.2605722941585256,0.6302861470792628,0.008456659619450317,0.6675705854203222,473,6269
self,gold_oracle,profile,czec1258,czec1258,0.3152768329769632,0.6576384164884816,0.008456659619450317,0.6680491306428458,473,6269
self,wals_s42_B,mlp,dani1285,dani1285,0.3133556329452726,0.6566778164726363,0.010330578512396695,0.687833827893175,484,8425
self,gold_oracle,profile,dani1285,dani1285,0.29620851630799105,0.6481042581539956,0.010330578512396695,0.6621958456973294,484,8425
self,wals_s42_B,mlp,dutc1256,dutc1256,0.38462182498079894,0.6923109124903994,0.0,0.6940763393362782,494,8829
self,gold_oracle,profile,dutc1256,dutc1256,0.47814448470337734,0.7390722423516887,0.004048582995951417,0.6970211802016083,494,8829
self,wals_s42_B,mlp,stan1293,stan1293,0.3898263327241181,0.694913166362059,0.0022988505747126436,0.7166172106824926,435,6740
self,gold_oracle,profile,stan1293,stan1293,0.4214171215444668,0.7107085607722333,0.0022988505747126436,0.701780415430267,435,6740
self,wals_s42_B,mlp,faro1244,faro1244,0.3425526789079744,0.6712763394539871,0.0,0.5730552559031523,301,8343
self,gold_oracle,profile,faro1244,faro1244,0.4531331309573238,0.7265665654786619,0.0,0.5327819729114227,301,8343
self,wals_s42_B,mlp,finn1318,finn1318,0.25247995660520955,0.6262399783026048,0.0,0.6399470023186485,490,6038
self,gold_oracle,profile,finn1318,finn1318,0.30558797134964205,0.652793985674821,0.0,0.6576681020205366,490,6038
self,wals_s42_B,mlp,stan1290,stan1290,0.41485209249641714,0.7074260462482085,0.0,0.7432559108426205,416,9601
self,gold_oracle,profile,stan1290,stan1290,0.43949950108944896,0.7197497505447245,0.0,0.7398187688782418,416,9601
self,wals_s42_B,mlp,mode1248,mode1248,0.36942208871838406,0.6847110443591921,0.009070294784580499,0.7774076614088371,441,10207
self,gold_oracle,profile,mode1248,mode1248,0.3473274443665696,0.6736637221832849,0.011337868480725623,0.753600470265504,441,10207
self,wals_s42_B,mlp,hebr1245,hebr1245,0.3608795827821068,0.6804397913910535,0.0,0.6137404580152672,490,11790
self,gold_oracle,profile,hebr1245,hebr1245,0.3986818716957859,0.6993409358478929,0.0,0.6330788804071247,490,11790
self,wals_s42_B,mlp,hind1269,hind1269,0.018342718060411177,0.5091713590302055,0.0,0.39255869478710703,500,10052
self,gold_oracle,profile,hind1269,hind1269,0.6119894494952609,0.8059947247476306,0.0,0.8464982093115798,500,10052
self,wals_s42_B,mlp,hung1274,hung1274,0.1411668145487439,0.570583407274372,0.0,0.6135613561356136,449,9999
self,gold_oracle,profile,hung1274,hung1274,0.3947309525840482,0.6973654762920242,0.0,0.7275727572757276,449,9999
self,wals_s42_B,mlp,icel1247,icel1247,0.32057409059032127,0.6602870452951606,0.0,0.5937405958471261,500,13292
self,gold_oracle,profile,icel1247,icel1247,0.3031007238010594,0.6515503619005296,0.0,0.568913632260006,500,13292
self,wals_s42_B,mlp,iris1253,iris1253,0.24006062304615458,0.6200303115230772,0.0,0.6136151694124962,448,9651
self,gold_oracle,profile,iris1253,iris1253,0.28337302045924473,0.6416865102296223,0.0,0.6253238006424204,448,9651
self,wals_s42_B,mlp,ital1282,ital1282,0.3220674768683043,0.6610337384341521,0.0,0.7172622043281328,482,9935
self,gold_oracle,profile,ital1282,ital1282,0.38513705191208425,0.692568525956042,0.0,0.7235027679919477,482,9935
self,wals_s42_B,mlp,nucl1643,nucl1643,0.062417456447139405,0.5312087282235696,0.0,0.31470485504715334,499,11452
self,gold_oracle,profile,nucl1643,nucl1643,0.6520310376239355,0.8260155188119678,0.002004008016032064,0.7482535801606707,499,11452
self,wals_s42_B,mlp,komi1268,komi1268,0.2066835348151486,0.6033417674075743,0.0,0.556829035339064,213,2094
self,gold_oracle,profile,komi1268,komi1268,0.23863393979808367,0.6193169698990418,0.0,0.5434574976122254,213,2094
self,wals_s42_B,mlp,kore1280,kore1280,0.27177842898471766,0.6358892144923589,0.02857142857142857,0.461790017211704,490,5810
self,gold_oracle,profile,kore1280,kore1280,0.5256068573967909,0.7628034286983955,0.05510204081632653,0.6397590361445783,490,5810
self,wals_s42_B,mlp,latv1249,latv1249,0.2493864430887281,0.624693221544364,0.0,0.6260966661349497,486,6269
self,gold_oracle,profile,latv1249,latv1249,0.3418240692325285,0.6709120346162643,0.0,0.6623065879725634,486,6269
self,wals_s42_B,mlp,lith1251,lith1251,0.2500163758051334,0.6250081879025666,0.012295081967213115,0.6185195082843399,488,7484
self,gold_oracle,profile,lith1251,lith1251,0.3212416951788205,0.6606208475894103,0.0020491803278688526,0.6588722608230893,488,7484
self,wals_s42_B,mlp,malt1254,malt1254,0.30057586584650303,0.6502879329232515,0.00404040404040404,0.68902140971747,495,10229
self,gold_oracle,profile,malt1254,malt1254,0.34998536053059354,0.6749926802652968,0.00404040404040404,0.6817870759605045,495,10229
self,wals_s42_B,mlp,mara1378,mara1378,0.15516201317116649,0.5775810065855833,0.0,0.3983516483516483,46,364
self,gold_oracle,profile,mara1378,mara1378,0.4764200851271791,0.7382100425635894,0.0,0.6318681318681318,46,364
self,wals_s42_B,mlp,nort2671,nort2671,0.2587088449819694,0.6293544224909847,0.0,0.5156143923964698,500,5892
self,gold_oracle,profile,nort2671,nort2671,0.2329804228203025,0.6164902114101513,0.0,0.5622878479293958,500,5892
self,wals_s42_B,mlp,west2369,west2369,0.09727349119591075,0.5486367455979554,0.0,0.5678590933915892,500,7324
self,gold_oracle,profile,west2369,west2369,0.58312033924041,0.791560169620205,0.0,0.723784817039869,500,7324
self,wals_s42_B,mlp,poli1260,poli1260,0.35964544247180463,0.6798227212359024,0.0,0.6886385426653883,494,4172
self,gold_oracle,profile,poli1260,poli1260,0.36183223875976533,0.6809161193798827,0.0,0.6907957813998082,494,4172
self,wals_s42_B,mlp,port1283,port1283,0.4413520277615563,0.7206760138807782,0.022540983606557378,0.7171284904247353,488,9347
self,gold_oracle,profile,port1283,port1283,0.4546910885942865,0.7273455442971433,0.018442622950819672,0.7053600085588959,488,9347
self,wals_s42_B,mlp,russ1263,russ1263,0.27859658658496655,0.6392982932924832,0.0,0.6777531411677753,495,8118
self,gold_oracle,profile,russ1263,russ1263,0.3331076101018415,0.6665538050509208,0.0,0.6702389751170239,495,8118
self,wals_s42_B,mlp,slov1268,slov1268,0.31897274997347996,0.65948637498674,0.002,0.7325107077299613,500,9806
self,gold_oracle,profile,slov1268,slov1268,0.3615633692971769,0.6807816846485885,0.002,0.732408729349378,500,9806
self,wals_s42_B,mlp,swed1254,swed1254,0.36290688245283675,0.6814534412264184,0.006289308176100629,0.6912583518930958,477,7184
self,gold_oracle,profile,swed1254,swed1254,0.3802182889786634,0.6901091444893317,0.0041928721174004195,0.6792873051224945,477,7184
self,wals_s42_B,mlp,tami1289,tami1289,-0.07729935380168265,0.46135032309915863,0.0,0.34991974317817015,120,1869
self,gold_oracle,profile,tami1289,tami1289,0.6640194655180953,0.8320097327590477,0.0,0.8143392188336008,120,1869
self,wals_s42_B,mlp,telu1262,telu1262,0.18942883068757196,0.594714415343786,0.0,0.4965034965034965,143,572
self,gold_oracle,profile,telu1262,telu1262,0.559074259074259,0.7795371295371296,0.0,0.6940559440559441,143,572
self,wals_s42_B,mlp,nucl1301,nucl1301,0.08074571875030707,0.5403728593751534,0.008130081300813009,0.4293913043478261,492,5750
self,gold_oracle,profile,nucl1301,nucl1301,0.5189098399272442,0.759454919963622,0.012195121951219513,0.7144347826086956,492,5750
self,wals_s42_B,mlp,ukra1253,ukra1253,0.25520259482042285,0.6276012974102114,0.002178649237472767,0.7059802507489182,459,9013
self,gold_oracle,profile,ukra1253,ukra1253,0.2965814217515292,0.6482907108757646,0.002178649237472767,0.693442804837457,459,9013
self,wals_s42_B,mlp,viet1252,viet1252,0.35985538993716876,0.6799276949685843,0.0,0.6419263456090651,499,7060
self,gold_oracle,profile,viet1252,viet1252,0.39855767960464367,0.6992788398023219,0.0,0.6236543909348442,499,7060
self,wals_s42_B,mlp,wels1247,wels1247,0.3203719046122742,0.6601859523061371,0.0,0.6733786287831995,500,8095
self,gold_oracle,profile,wels1247,wels1247,0.24230151788757873,0.6211507589437892,0.0,0.6543545398394071,500,8095
self,wals_s42_B,mlp,nucl1347,nucl1347,0.38233695719922955,0.6911684785996147,0.0021321961620469083,0.6534434152235199,469,9932
self,gold_oracle,profile,nucl1347,nucl1347,0.4239187596083984,0.7119593798041992,0.0021321961620469083,0.6496173983084977,469,9932
self,wals_s42_C,mlp,stan1318,stan1318,0.3469459132721123,0.6734729566360561,0.024489795918367346,0.7358886261211013,490,22411
self,gold_oracle,profile,stan1318,stan1318,0.19586256216970035,0.5979312810848502,0.00816326530612245,0.645486591406006,490,22411
self,wals_s42_C,mlp,nucl1235,nucl1235,0.36055124492850815,0.680275622464254,0.010245901639344262,0.613581146744412,488,8232
self,gold_oracle,profile,nucl1235,nucl1235,0.36911067741411646,0.6845553387070582,0.012295081967213115,0.6454081632653061,488,8232
self,wals_s42_C,mlp,bela1254,bela1254,0.18535990968775917,0.5926799548438796,0.004073319755600814,0.5173512747875354,491,8472
self,gold_oracle,profile,bela1254,bela1254,0.31362769849865657,0.6568138492493283,0.016293279022403257,0.6867327667610954,491,8472
self,wals_s42_C,mlp,stan1289,stan1289,-0.013766555254610204,0.4931167223726949,0.0,0.662762496302869,500,16905
self,gold_oracle,profile,stan1289,stan1289,0.41781943262444643,0.7089097163122232,0.0,0.7165335699497191,500,16905
self,wals_s42_C,mlp,mand1415,mand1415,0.3396973537093197,0.6698486768546599,0.0,0.5465682015638575,500,11510
self,gold_oracle,profile,mand1415,mand1415,0.5839407907628922,0.7919703953814462,0.0,0.6902693310165073,500,11510
self,wals_s42_C,mlp,copt1239,copt1239,0.14715673225243353,0.5735783661262168,0.0,0.7052980132450332,404,9966
self,gold_oracle,profile,copt1239,copt1239,0.45767518236002075,0.7288375911800103,0.0,0.7382099137066025,404,9966
self,wals_s42_C,mlp,czec1258,czec1258,0.3113172912774691,0.6556586456387345,0.004228329809725159,0.6111022491625459,473,6269
self,gold_oracle,profile,czec1258,czec1258,0.3152768329769632,0.6576384164884816,0.008456659619450317,0.6680491306428458,473,6269
self,wals_s42_C,mlp,dani1285,dani1285,0.26849549145398854,0.6342477457269943,0.012396694214876033,0.6972106824925816,484,8425
self,gold_oracle,profile,dani1285,dani1285,0.29620851630799105,0.6481042581539956,0.010330578512396695,0.6621958456973294,484,8425
self,wals_s42_C,mlp,dutc1256,dutc1256,0.31355864331278094,0.6567793216563904,0.0,0.6739155057197871,494,8829
self,gold_oracle,profile,dutc1256,dutc1256,0.47814448470337734,0.7390722423516887,0.004048582995951417,0.6970211802016083,494,8829
self,wals_s42_C,mlp,stan1293,stan1293,0.36971359686045385,0.684856798430227,0.006896551724137931,0.7189910979228487,435,6740
self,gold_oracle,profile,stan1293,stan1293,0.4214171215444668,0.7107085607722333,0.0022988505747126436,0.701780415430267,435,6740
self,wals_s42_C,mlp,faro1244,faro1244,0.3481109989801677,0.6740554994900838,0.0,0.5870789883734867,301,8343
self,gold_oracle,profile,faro1244,faro1244,0.4531331309573238,0.7265665654786619,0.0,0.5327819729114227,301,8343
self,wals_s42_C,mlp,finn1318,finn1318,0.2515453132053279,0.6257726566026639,0.0,0.6162636634647234,490,6038
self,gold_oracle,profile,finn1318,finn1318,0.30558797134964205,0.652793985674821,0.0,0.6576681020205366,490,6038
self,wals_s42_C,mlp,stan1290,stan1290,0.3627669803465672,0.6813834901732837,0.0,0.7683574627642954,416,9601
self,gold_oracle,profile,stan1290,stan1290,0.43949950108944896,0.7197497505447245,0.0,0.7398187688782418,416,9601
self,wals_s42_C,mlp,mode1248,mode1248,0.30308905158600463,0.6515445257930023,0.009070294784580499,0.7783873812089742,441,10207
self,gold_oracle,profile,mode1248,mode1248,0.3473274443665696,0.6736637221832849,0.011337868480725623,0.753600470265504,441,10207
self,wals_s42_C,mlp,hebr1245,hebr1245,0.2958204367068641,0.647910218353432,0.0,0.6601357082273113,490,11790
self,gold_oracle,profile,hebr1245,hebr1245,0.3986818716957859,0.6993409358478929,0.0,0.6330788804071247,490,11790
self,wals_s42_C,mlp,hind1269,hind1269,0.3447071283529981,0.672353564176499,0.0,0.5755073617190609,500,10052
self,gold_oracle,profile,hind1269,hind1269,0.6119894494952609,0.8059947247476306,0.0,0.8464982093115798,500,10052
self,wals_s42_C,mlp,hung1274,hung1274,0.3346920208367462,0.6673460104183732,0.0,0.6997699769976997,449,9999
self,gold_oracle,profile,hung1274,hung1274,0.3947309525840482,0.6973654762920242,0.0,0.7275727572757276,449,9999
self,wals_s42_C,mlp,icel1247,icel1247,0.20746865722898206,0.6037343286144911,0.0,0.6052512789647908,500,13292
self,gold_oracle,profile,icel1247,icel1247,0.3031007238010594,0.6515503619005296,0.0,0.568913632260006,500,13292
self,wals_s42_C,mlp,iris1253,iris1253,0.057648641437490725,0.5288243207187453,0.0,0.7139156564086623,448,9651
self,gold_oracle,profile,iris1253,iris1253,0.28337302045924473,0.6416865102296223,0.0,0.6253238006424204,448,9651
self,wals_s42_C,mlp,ital1282,ital1282,0.16082375536496038,0.5804118776824801,0.0,0.7120281831907398,482,9935
self,gold_oracle,profile,ital1282,ital1282,0.38513705191208425,0.692568525956042,0.0,0.7235027679919477,482,9935
self,wals_s42_C,mlp,nucl1643,nucl1643,0.2501917769492405,0.6250958884746202,0.0,0.46079287460705554,499,11452
self,gold_oracle,profile,nucl1643,nucl1643,0.6520310376239355,0.8260155188119678,0.002004008016032064,0.7482535801606707,499,11452
self,wals_s42_C,mlp,komi1268,komi1268,0.1669658650535449,0.5834829325267724,0.0,0.5506208213944603,213,2094
self,gold_oracle,profile,komi1268,komi1268,0.23863393979808367,0.6193169698990418,0.0,0.5434574976122254,213,2094
self,wals_s42_C,mlp,kore1280,kore1280,0.45094767016947895,0.7254738350847395,0.04285714285714286,0.6222030981067126,490,5810
self,gold_oracle,profile,kore1280,kore1280,0.5256068573967909,0.7628034286983955,0.05510204081632653,0.6397590361445783,490,5810
self,wals_s42_C,mlp,latv1249,latv1249,0.30859297539486924,0.6542964876974346,0.0,0.6103046737916733,486,6269
self,gold_oracle,profile,latv1249,latv1249,0.3418240692325285,0.6709120346162643,0.0,0.6623065879725634,486,6269
self,wals_s42_C,mlp,lith1251,lith1251,0.27454051559228837,0.6372702577961441,0.0,0.611838588989845,488,7484
self,gold_oracle,profile,lith1251,lith1251,0.3212416951788205,0.6606208475894103,0.0020491803278688526,0.6588722608230893,488,7484
self,wals_s42_C,mlp,malt1254,malt1254,0.32481031767864327,0.6624051588393217,0.00404040404040404,0.6924430540619806,495,10229
self,gold_oracle,profile,malt1254,malt1254,0.34998536053059354,0.6749926802652968,0.00404040404040404,0.6817870759605045,495,10229
self,wals_s42_C,mlp,mara1378,mara1378,0.4001954871977756,0.7000977435988878,0.0,0.5521978021978022,46,364
self,gold_oracle,profile,mara1378,mara1378,0.4764200851271791,0.7382100425635894,0.0,0.6318681318681318,46,364
self,wals_s42_C,mlp,nort2671,nort2671,0.3585761495624068,0.6792880747812033,0.0,0.5225729803122878,500,5892
self,gold_oracle,profile,nort2671,nort2671,0.2329804228203025,0.6164902114101513,0.0,0.5622878479293958,500,5892
self,wals_s42_C,mlp,west2369,west2369,0.48721252439167306,0.7436062621958366,0.0,0.573184052430366,500,7324
self,gold_oracle,profile,west2369,west2369,0.58312033924041,0.791560169620205,0.0,0.723784817039869,500,7324
self,wals_s42_C,mlp,poli1260,poli1260,0.32986212423008154,0.6649310621150407,0.0,0.6948705656759347,494,4172
self,gold_oracle,profile,poli1260,poli1260,0.36183223875976533,0.6809161193798827,0.0,0.6907957813998082,494,4172
self,wals_s42_C,mlp,port1283,port1283,0.11966149899425277,0.5598307494971263,0.012295081967213115,0.6919867337113512,488,9347
self,gold_oracle,profile,port1283,port1283,0.4546910885942865,0.7273455442971433,0.018442622950819672,0.7053600085588959,488,9347
self,wals_s42_C,mlp,russ1263,russ1263,0.277474100095541,0.6387370500477706,0.0,0.6701157920670116,495,8118
self,gold_oracle,profile,russ1263,russ1263,0.3331076101018415,0.6665538050509208,0.0,0.6702389751170239,495,8118
self,wals_s42_C,mlp,slov1268,slov1268,0.30722218281323094,0.6536110914066154,0.002,0.7288394860289619,500,9806
self,gold_oracle,profile,slov1268,slov1268,0.3615633692971769,0.6807816846485885,0.002,0.732408729349378,500,9806
self,wals_s42_C,mlp,swed1254,swed1254,0.30236912481423184,0.6511845624071159,0.006289308176100629,0.6955734966592427,477,7184
self,gold_oracle,profile,swed1254,swed1254,0.3802182889786634,0.6901091444893317,0.0041928721174004195,0.6792873051224945,477,7184
self,wals_s42_C,mlp,tami1289,tami1289,0.3645285800928525,0.6822642900464262,0.0,0.7105403959336544,120,1869
self,gold_oracle,profile,tami1289,tami1289,0.6640194655180953,0.8320097327590477,0.0,0.8143392188336008,120,1869
self,wals_s42_C,mlp,telu1262,telu1262,0.5565989565989566,0.7782994782994784,0.0,0.6870629370629371,143,572
self,gold_oracle,profile,telu1262,telu1262,0.559074259074259,0.7795371295371296,0.0,0.6940559440559441,143,572
self,wals_s42_C,mlp,nucl1301,nucl1301,0.48095497460650627,0.7404774873032531,0.014227642276422764,0.6937391304347826,492,5750
self,gold_oracle,profile,nucl1301,nucl1301,0.5189098399272442,0.759454919963622,0.012195121951219513,0.7144347826086956,492,5750
self,wals_s42_C,mlp,ukra1253,ukra1253,0.20424210277931262,0.6021210513896563,0.002178649237472767,0.6951070675690669,459,9013
self,gold_oracle,profile,ukra1253,ukra1253,0.2965814217515292,0.6482907108757646,0.002178649237472767,0.693442804837457,459,9013
self,wals_s42_C,mlp,viet1252,viet1252,-0.010297899547679226,0.49485105022616044,0.0,0.5239376770538243,499,7060
self,gold_oracle,profile,viet1252,viet1252,0.39855767960464367,0.6992788398023219,0.0,0.6236543909348442,499,7060
self,wals_s42_C,mlp,wels1247,wels1247,-0.008815159217160508,0.4955924203914198,0.0,0.7066090179122916,500,8095
self,gold_oracle,profile,wels1247,wels1247,0.24230151788757873,0.6211507589437892,0.0,0.6543545398394071,500,8095
self,wals_s42_C,mlp,nucl1347,nucl1347,0.1683538321221944,0.5841769160610973,0.0021321961620469083,0.5605114780507451,469,9932
self,gold_oracle,profile,nucl1347,nucl1347,0.4239187596083984,0.7119593798041992,0.0021321961620469083,0.6496173983084977,469,9932
self,wals_s42_B_masked30,mlp,stan1318,stan1318,0.3763122292359962,0.6881561146179981,0.006122448979591836,0.6490116460666637,490,22411
self,gold_oracle,profile,stan1318,stan1318,0.19586256216970035,0.5979312810848502,0.00816326530612245,0.645486591406006,490,22411
self,wals_s42_B_masked30,mlp,nucl1235,nucl1235,0.13226928684354552,0.5661346434217728,0.0020491803278688526,0.4874878522837707,488,8232
self,gold_oracle,profile,nucl1235,nucl1235,0.36911067741411646,0.6845553387070582,0.012295081967213115,0.6454081632653061,488,8232
self,wals_s42_B_masked30,mlp,bela1254,bela1254,0.29067896434196094,0.6453394821709804,0.026476578411405296,0.6979461756373938,491,8472
self,gold_oracle,profile,bela1254,bela1254,0.31362769849865657,0.6568138492493283,0.016293279022403257,0.6867327667610954,491,8472
self,wals_s42_B_masked30,mlp,stan1289,stan1289,0.3526747752414185,0.6763373876207093,0.0,0.6945874001774623,500,16905
self,gold_oracle,profile,stan1289,stan1289,0.41781943262444643,0.7089097163122232,0.0,0.7165335699497191,500,16905
self,wals_s42_B_masked30,mlp,mand1415,mand1415,0.36578549176321734,0.6828927458816085,0.0,0.5670721112076456,500,11510
self,gold_oracle,profile,mand1415,mand1415,0.5839407907628922,0.7919703953814462,0.0,0.6902693310165073,500,11510
self,wals_s42_B_masked30,mlp,copt1239,copt1239,0.3481037629847429,0.6740518814923715,0.0,0.7774433072446317,404,9966
self,gold_oracle,profile,copt1239,copt1239,0.45767518236002075,0.7288375911800103,0.0,0.7382099137066025,404,9966
self,wals_s42_B_masked30,mlp,czec1258,czec1258,0.25712125687448006,0.62856062843724,0.008456659619450317,0.6688467060137183,473,6269
self,gold_oracle,profile,czec1258,czec1258,0.3152768329769632,0.6576384164884816,0.008456659619450317,0.6680491306428458,473,6269
self,wals_s42_B_masked30,mlp,dani1285,dani1285,0.31460262026994235,0.6573013101349712,0.010330578512396695,0.6949554896142434,484,8425
self,gold_oracle,profile,dani1285,dani1285,0.29620851630799105,0.6481042581539956,0.010330578512396695,0.6621958456973294,484,8425
self,wals_s42_B_masked30,mlp,dutc1256,dutc1256,0.3893965359456533,0.6946982679728265,0.0,0.6921508664627931,494,8829
self,gold_oracle,profile,dutc1256,dutc1256,0.47814448470337734,0.7390722423516887,0.004048582995951417,0.6970211802016083,494,8829
self,wals_s42_B_masked30,mlp,stan1293,stan1293,0.4061762094347017,0.7030881047173507,0.0022988505747126436,0.7243323442136499,435,6740
self,gold_oracle,profile,stan1293,stan1293,0.4214171215444668,0.7107085607722333,0.0022988505747126436,0.701780415430267,435,6740
self,wals_s42_B_masked30,mlp,faro1244,faro1244,0.3568433147841254,0.6784216573920627,0.0,0.5909145391346039,301,8343
self,gold_oracle,profile,faro1244,faro1244,0.4531331309573238,0.7265665654786619,0.0,0.5327819729114227,301,8343
self,wals_s42_B_masked30,mlp,finn1318,finn1318,0.2653008149529348,0.6326504074764674,0.0,0.6334879099039417,490,6038
self,gold_oracle,profile,finn1318,finn1318,0.30558797134964205,0.652793985674821,0.0,0.6576681020205366,490,6038
self,wals_s42_B_masked30,mlp,stan1290,stan1290,0.4166503464494656,0.7083251732247328,0.0,0.746901364441204,416,9601
self,gold_oracle,profile,stan1290,stan1290,0.43949950108944896,0.7197497505447245,0.0,0.7398187688782418,416,9601
self,wals_s42_B_masked30,mlp,mode1248,mode1248,0.370958007807246,0.6854790039036229,0.009070294784580499,0.7785833251690016,441,10207
self,gold_oracle,profile,mode1248,mode1248,0.3473274443665696,0.6736637221832849,0.011337868480725623,0.753600470265504,441,10207
self,wals_s42_B_masked30,mlp,hebr1245,hebr1245,0.36009403333782225,0.6800470166689112,0.0,0.6150975402883799,490,11790
self,gold_oracle,profile,hebr1245,hebr1245,0.3986818716957859,0.6993409358478929,0.0,0.6330788804071247,490,11790
self,wals_s42_B_masked30,mlp,hind1269,hind1269,-0.037959764701115034,0.4810201176494425,0.0,0.37107043374452847,500,10052
self,gold_oracle,profile,hind1269,hind1269,0.6119894494952609,0.8059947247476306,0.0,0.8464982093115798,500,10052
self,wals_s42_B_masked30,mlp,hung1274,hung1274,0.14285100369670253,0.5714255018483512,0.0,0.6088608860886089,449,9999
self,gold_oracle,profile,hung1274,hung1274,0.3947309525840482,0.6973654762920242,0.0,0.7275727572757276,449,9999
self,wals_s42_B_masked30,mlp,icel1247,icel1247,0.33075132323914186,0.665375661619571,0.0,0.5979536563346374,500,13292
self,gold_oracle,profile,icel1247,icel1247,0.3031007238010594,0.6515503619005296,0.0,0.568913632260006,500,13292
self,wals_s42_B_masked30,mlp,iris1253,iris1253,0.24670069202377976,0.6233503460118899,0.0,0.6011812247435498,448,9651
self,gold_oracle,profile,iris1253,iris1253,0.28337302045924473,0.6416865102296223,0.0,0.6253238006424204,448,9651
self,wals_s42_B_masked30,mlp,ital1282,ital1282,0.324270046642383,0.6621350233211916,0.0,0.7218922999496729,482,9935
self,gold_oracle,profile,ital1282,ital1282,0.38513705191208425,0.692568525956042,0.0,0.7235027679919477,482,9935
self,wals_s42_B_masked30,mlp,nucl1643,nucl1643,0.08360285316182652,0.5418014265809132,0.0,0.3156653859587845,499,11452
self,gold_oracle,profile,nucl1643,nucl1643,0.6520310376239355,0.8260155188119678,0.002004008016032064,0.7482535801606707,499,11452
self,wals_s42_B_masked30,mlp,komi1268,komi1268,0.19358572284158831,0.5967928614207941,0.0,0.5558739255014327,213,2094
self,gold_oracle,profile,komi1268,komi1268,0.23863393979808367,0.6193169698990418,0.0,0.5434574976122254,213,2094
self,wals_s42_B_masked30,mlp,kore1280,kore1280,0.26783157631599525,0.6339157881579975,0.030612244897959183,0.46454388984509465,490,5810
self,gold_oracle,profile,kore1280,kore1280,0.5256068573967909,0.7628034286983955,0.05510204081632653,0.6397590361445783,490,5810
self,wals_s42_B_masked30,mlp,latv1249,latv1249,0.256275886862073,0.6281379434310365,0.0,0.6233849098739831,486,6269
self,gold_oracle,profile,latv1249,latv1249,0.3418240692325285,0.6709120346162643,0.0,0.6623065879725634,486,6269
self,wals_s42_B_masked30,mlp,lith1251,lith1251,0.23633125615831777,0.6181656280791589,0.012295081967213115,0.6169160876536611,488,7484
self,gold_oracle,profile,lith1251,lith1251,0.3212416951788205,0.6606208475894103,0.0020491803278688526,0.6588722608230893,488,7484
self,wals_s42_B_masked30,mlp,malt1254,malt1254,0.2957966551764255,0.6478983275882128,0.006060606060606061,0.689119170984456,495,10229
self,gold_oracle,profile,malt1254,malt1254,0.34998536053059354,0.6749926802652968,0.00404040404040404,0.6817870759605045,495,10229
self,wals_s42_B_masked30,mlp,mara1378,mara1378,0.11539757471107587,0.557698787355538,0.0,0.3708791208791209,46,364
self,gold_oracle,profile,mara1378,mara1378,0.4764200851271791,0.7382100425635894,0.0,0.6318681318681318,46,364
self,wals_s42_B_masked30,mlp,nort2671,nort2671,0.2620915681804162,0.6310457840902082,0.0,0.5169721656483367,500,5892
self,gold_oracle,profile,nort2671,nort2671,0.2329804228203025,0.6164902114101513,0.0,0.5622878479293958,500,5892
self,wals_s42_B_masked30,mlp,west2369,west2369,0.0907545810522036,0.5453772905261017,0.0,0.5696340797378482,500,7324
self,gold_oracle,profile,west2369,west2369,0.58312033924041,0.791560169620205,0.0,0.723784817039869,500,7324
self,wals_s42_B_masked30,mlp,poli1260,poli1260,0.3635660583996654,0.6817830291998327,0.0,0.6879194630872483,494,4172
self,gold_oracle,profile,poli1260,poli1260,0.36183223875976533,0.6809161193798827,0.0,0.6907957813998082,494,4172
self,wals_s42_B_masked30,mlp,port1283,port1283,0.440828536146252,0.7204142680731259,0.020491803278688523,0.7190542420027817,488,9347
self,gold_oracle,profile,port1283,port1283,0.4546910885942865,0.7273455442971433,0.018442622950819672,0.7053600085588959,488,9347
self,wals_s42_B_masked30,mlp,russ1263,russ1263,0.2672527338634722,0.633626366931736,0.0,0.676890859817689,495,8118
self,gold_oracle,profile,russ1263,russ1263,0.3331076101018415,0.6665538050509208,0.0,0.6702389751170239,495,8118
self,wals_s42_B_masked30,mlp,slov1268,slov1268,0.32448159686511335,0.6622407984325568,0.002,0.7307770752600449,500,9806
self,gold_oracle,profile,slov1268,slov1268,0.3615633692971769,0.6807816846485885,0.002,0.732408729349378,500,9806
self,wals_s42_B_masked30,mlp,swed1254,swed1254,0.372971047595371,0.6864855237976855,0.006289308176100629,0.6909799554565702,477,7184
self,gold_oracle,profile,swed1254,swed1254,0.3802182889786634,0.6901091444893317,0.0041928721174004195,0.6792873051224945,477,7184
self,wals_s42_B_masked30,mlp,tami1289,tami1289,-0.07518658387763295,0.4624067080611835,0.0,0.3467094703049759,120,1869
self,gold_oracle,profile,tami1289,tami1289,0.6640194655180953,0.8320097327590477,0.0,0.8143392188336008,120,1869
self,wals_s42_B_masked30,mlp,telu1262,telu1262,0.1610965569007527,0.5805482784503763,0.0,0.4737762237762238,143,572
self,gold_oracle,profile,telu1262,telu1262,0.559074259074259,0.7795371295371296,0.0,0.6940559440559441,143,572
self,wals_s42_B_masked30,mlp,nucl1301,nucl1301,0.07125451668116797,0.5356272583405839,0.008130081300813009,0.41878260869565215,492,5750
self,gold_oracle,profile,nucl1301,nucl1301,0.5189098399272442,0.759454919963622,0.012195121951219513,0.7144347826086956,492,5750
self,wals_s42_B_masked30,mlp,ukra1253,ukra1253,0.25330403523579076,0.6266520176178954,0.002178649237472767,0.7039831354709863,459,9013
self,gold_oracle,profile,ukra1253,ukra1253,0.2965814217515292,0.6482907108757646,0.002178649237472767,0.693442804837457,459,9013
self,wals_s42_B_masked30,mlp,viet1252,viet1252,0.34958116790386257,0.6747905839519313,0.0,0.6361189801699717,499,7060
self,gold_oracle,profile,viet1252,viet1252,0.39855767960464367,0.6992788398023219,0.0,0.6236543909348442,499,7060
self,wals_s42_B_masked30,mlp,wels1247,wels1247,0.306159883032041,0.6530799415160204,0.0,0.6466954910438543,500,8095
self,gold_oracle,profile,wels1247,wels1247,0.24230151788757873,0.6211507589437892,0.0,0.6543545398394071,500,8095
self,wals_s42_B_masked30,mlp,nucl1347,nucl1347,0.382874667383689,0.6914373336918446,0.0021321961620469083,0.6573701167942005,469,9932
self,gold_oracle,profile,nucl1347,nucl1347,0.4239187596083984,0.7119593798041992,0.0021321961620469083,0.6496173983084977,469,9932
self,wals_s42_B_masked50,mlp,stan1318,stan1318,0.36800641649508564,0.6840032082475428,0.006122448979591836,0.6528490473428227,490,22411
self,gold_oracle,profile,stan1318,stan1318,0.19586256216970035,0.5979312810848502,0.00816326530612245,0.645486591406006,490,22411
self,wals_s42_B_masked50,mlp,nucl1235,nucl1235,0.13708649348178525,0.5685432467408926,0.0020491803278688526,0.48250728862973763,488,8232
self,gold_oracle,profile,nucl1235,nucl1235,0.36911067741411646,0.6845553387070582,0.012295081967213115,0.6454081632653061,488,8232
self,wals_s42_B_masked50,mlp,bela1254,bela1254,0.2835879669240253,0.6417939834620127,0.024439918533604887,0.6991265344664778,491,8472
self,gold_oracle,profile,bela1254,bela1254,0.31362769849865657,0.6568138492493283,0.016293279022403257,0.6867327667610954,491,8472
self,wals_s42_B_masked50,mlp,stan1289,stan1289,0.36159634888149184,0.680798174440746,0.0,0.697190180419994,500,16905
self,gold_oracle,profile,stan1289,stan1289,0.41781943262444643,0.7089097163122232,0.0,0.7165335699497191,500,16905
self,wals_s42_B_masked50,mlp,mand1415,mand1415,0.3563901843833165,0.6781950921916582,0.0,0.5469157254561251,500,11510
self,gold_oracle,profile,mand1415,mand1415,0.5839407907628922,0.7919703953814462,0.0,0.6902693310165073,500,11510
self,wals_s42_B_masked50,mlp,copt1239,copt1239,0.37289013643226054,0.6864450682161302,0.0,0.7617900862933975,404,9966
self,gold_oracle,profile,copt1239,copt1239,0.45767518236002075,0.7288375911800103,0.0,0.7382099137066025,404,9966
self,wals_s42_B_masked50,mlp,czec1258,czec1258,0.22929676178306085,0.6146483808915304,0.008456659619450317,0.6602328920082948,473,6269
self,gold_oracle,profile,czec1258,czec1258,0.3152768329769632,0.6576384164884816,0.008456659619450317,0.6680491306428458,473,6269
self,wals_s42_B_masked50,mlp,dani1285,dani1285,0.2966503527997767,0.6483251763998883,0.008264462809917356,0.6937685459940652,484,8425
self,gold_oracle,profile,dani1285,dani1285,0.29620851630799105,0.6481042581539956,0.010330578512396695,0.6621958456973294,484,8425
self,wals_s42_B_masked50,mlp,dutc1256,dutc1256,0.3668796593195141,0.683439829659757,0.0,0.6889794993770529,494,8829
self,gold_oracle,profile,dutc1256,dutc1256,0.47814448470337734,0.7390722423516887,0.004048582995951417,0.6970211802016083,494,8829
self,wals_s42_B_masked50,mlp,stan1293,stan1293,0.381984928399673,0.6909924641998365,0.0022988505747126436,0.7295252225519288,435,6740
self,gold_oracle,profile,stan1293,stan1293,0.4214171215444668,0.7107085607722333,0.0022988505747126436,0.701780415430267,435,6740
self,wals_s42_B_masked50,mlp,faro1244,faro1244,0.3487021944750349,0.6743510972375175,0.0,0.6087738223660554,301,8343
self,gold_oracle,profile,faro1244,faro1244,0.4531331309573238,0.7265665654786619,0.0,0.5327819729114227,301,8343
self,wals_s42_B_masked50,mlp,finn1318,finn1318,0.227834001942457,0.6139170009712286,0.0,0.6334879099039417,490,6038
self,gold_oracle,profile,finn1318,finn1318,0.30558797134964205,0.652793985674821,0.0,0.6576681020205366,490,6038
self,wals_s42_B_masked50,mlp,stan1290,stan1290,0.3941643020243184,0.6970821510121592,0.0,0.751484220393709,416,9601
self,gold_oracle,profile,stan1290,stan1290,0.43949950108944896,0.7197497505447245,0.0,0.7398187688782418,416,9601
self,wals_s42_B_masked50,mlp,mode1248,mode1248,0.3558121511015396,0.6779060755507698,0.006802721088435374,0.7799549328891937,441,10207
self,gold_oracle,profile,mode1248,mode1248,0.3473274443665696,0.6736637221832849,0.011337868480725623,0.753600470265504,441,10207
self,wals_s42_B_masked50,mlp,hebr1245,hebr1245,0.33112080499386487,0.6655604024969324,0.0,0.6203562340966922,490,11790
self,gold_oracle,profile,hebr1245,hebr1245,0.3986818716957859,0.6993409358478929,0.0,0.6330788804071247,490,11790
self,wals_s42_B_masked50,mlp,hind1269,hind1269,-0.0396877845425794,0.4801561077287103,0.0,0.3534619976124154,500,10052
self,gold_oracle,profile,hind1269,hind1269,0.6119894494952609,0.8059947247476306,0.0,0.8464982093115798,500,10052
self,wals_s42_B_masked50,mlp,hung1274,hung1274,0.12146416737540357,0.5607320836877018,0.0,0.5886588658865887,449,9999
self,gold_oracle,profile,hung1274,hung1274,0.3947309525840482,0.6973654762920242,0.0,0.7275727572757276,449,9999
self,wals_s42_B_masked50,mlp,icel1247,icel1247,0.3303670961212873,0.6651835480606437,0.0,0.6035209148359916,500,13292
self,gold_oracle,profile,icel1247,icel1247,0.3031007238010594,0.6515503619005296,0.0,0.568913632260006,500,13292
self,wals_s42_B_masked50,mlp,iris1253,iris1253,0.256624741579876,0.628312370789938,0.0,0.6430421717956688,448,9651
self,gold_oracle,profile,iris1253,iris1253,0.28337302045924473,0.6416865102296223,0.0,0.6253238006424204,448,9651
self,wals_s42_B_masked50,mlp,ital1282,ital1282,0.3287225898877002,0.6643612949438501,0.0,0.7232008052340211,482,9935
self,gold_oracle,profile,ital1282,ital1282,0.38513705191208425,0.692568525956042,0.0,0.7235027679919477,482,9935
self,wals_s42_B_masked50,mlp,nucl1643,nucl1643,0.08088222949089101,0.5404411147454455,0.0,0.3080684596577017,499,11452
self,gold_oracle,profile,nucl1643,nucl1643,0.6520310376239355,0.8260155188119678,0.002004008016032064,0.7482535801606707,499,11452
self,wals_s42_B_masked50,mlp,komi1268,komi1268,0.17051504094048234,0.585257520470241,0.0,0.5525310410697231,213,2094
self,gold_oracle,profile,komi1268,komi1268,0.23863393979808367,0.6193169698990418,0.0,0.5434574976122254,213,2094
self,wals_s42_B_masked50,mlp,kore1280,kore1280,0.24783035636233908,0.6239151781811696,0.024489795918367346,0.43029259896729777,490,5810
self,gold_oracle,profile,kore1280,kore1280,0.5256068573967909,0.7628034286983955,0.05510204081632653,0.6397590361445783,490,5810
self,wals_s42_B_masked50,mlp,latv1249,latv1249,0.23430098912959446,0.6171504945647973,0.0,0.6165257616844791,486,6269
self,gold_oracle,profile,latv1249,latv1249,0.3418240692325285,0.6709120346162643,0.0,0.6623065879725634,486,6269
self,wals_s42_B_masked50,mlp,lith1251,lith1251,0.22934390345091157,0.6146719517254557,0.012295081967213115,0.6149118118653126,488,7484
self,gold_oracle,profile,lith1251,lith1251,0.3212416951788205,0.6606208475894103,0.0020491803278688526,0.6588722608230893,488,7484
self,wals_s42_B_masked50,mlp,malt1254,malt1254,0.29132181489447573,0.645660907447238,0.006060606060606061,0.6930296216638968,495,10229
self,gold_oracle,profile,malt1254,malt1254,0.34998536053059354,0.6749926802652968,0.00404040404040404,0.6817870759605045,495,10229
self,wals_s42_B_masked50,mlp,mara1378,mara1378,0.09967183083887889,0.5498359154194395,0.0,0.36538461538461536,46,364
self,gold_oracle,profile,mara1378,mara1378,0.4764200851271791,0.7382100425635894,0.0,0.6318681318681318,46,364
self,wals_s42_B_masked50,mlp,nort2671,nort2671,0.2337059309177875,0.6168529654588938,0.0,0.5220638153428377,500,5892
self,gold_oracle,profile,nort2671,nort2671,0.2329804228203025,0.6164902114101513,0.0,0.5622878479293958,500,5892
self,wals_s42_B_masked50,mlp,west2369,west2369,0.06964075409117873,0.5348203770455894,0.0,0.5554341889677772,500,7324
self,gold_oracle,profile,west2369,west2369,0.58312033924041,0.791560169620205,0.0,0.723784817039869,500,7324
self,wals_s42_B_masked50,mlp,poli1260,poli1260,0.3600473967593958,0.680023698379698,0.0,0.7013422818791947,494,4172
self,gold_oracle,profile,poli1260,poli1260,0.36183223875976533,0.6809161193798827,0.0,0.6907957813998082,494,4172
self,wals_s42_B_masked50,mlp,port1283,port1283,0.44631310732046864,0.7231565536602343,0.018442622950819672,0.7238686209478977,488,9347
self,gold_oracle,profile,port1283,port1283,0.4546910885942865,0.7273455442971433,0.018442622950819672,0.7053600085588959,488,9347
self,wals_s42_B_masked50,mlp,russ1263,russ1263,0.2675714389673712,0.6337857194836856,0.0,0.6765213106676521,495,8118
self,gold_oracle,profile,russ1263,russ1263,0.3331076101018415,0.6665538050509208,0.0,0.6702389751170239,495,8118
self,wals_s42_B_masked50,mlp,slov1268,slov1268,0.31213083484173754,0.6560654174208687,0.002,0.7283295941260453,500,9806
self,gold_oracle,profile,slov1268,slov1268,0.3615633692971769,0.6807816846485885,0.002,0.732408729349378,500,9806
self,wals_s42_B_masked50,mlp,swed1254,swed1254,0.3401370175489948,0.6700685087744973,0.006289308176100629,0.6969654788418709,477,7184
self,gold_oracle,profile,swed1254,swed1254,0.3802182889786634,0.6901091444893317,0.0041928721174004195,0.6792873051224945,477,7184
self,wals_s42_B_masked50,mlp,tami1289,tami1289,-0.09551461216853972,0.45224269391573013,0.0,0.3279828785446763,120,1869
self,gold_oracle,profile,tami1289,tami1289,0.6640194655180953,0.8320097327590477,0.0,0.8143392188336008,120,1869
self,wals_s42_B_masked50,mlp,telu1262,telu1262,0.14850914431334014,0.5742545721566702,0.0,0.46853146853146854,143,572
self,gold_oracle,profile,telu1262,telu1262,0.559074259074259,0.7795371295371296,0.0,0.6940559440559441,143,572
self,wals_s42_B_masked50,mlp,nucl1301,nucl1301,0.09257908792174743,0.5462895439608737,0.008130081300813009,0.42469565217391303,492,5750
self,gold_oracle,profile,nucl1301,nucl1301,0.5189098399272442,0.759454919963622,0.012195121951219513,0.7144347826086956,492,5750
self,wals_s42_B_masked50,mlp,ukra1253,ukra1253,0.2571801294878193,0.6285900647439097,0.004357298474945534,0.7089759236658161,459,9013
self,gold_oracle,profile,ukra1253,ukra1253,0.2965814217515292,0.6482907108757646,0.002178649237472767,0.693442804837457,459,9013
self,wals_s42_B_masked50,mlp,viet1252,viet1252,0.33970148366104097,0.6698507418305205,0.0,0.6478753541076487,499,7060
self,gold_oracle,profile,viet1252,viet1252,0.39855767960464367,0.6992788398023219,0.0,0.6236543909348442,499,7060
self,wals_s42_B_masked50,mlp,wels1247,wels1247,0.29831419380069135,0.6491570969003456,0.0,0.6455836936380481,500,8095
self,gold_oracle,profile,wels1247,wels1247,0.24230151788757873,0.6211507589437892,0.0,0.6543545398394071,500,8095
self,wals_s42_B_masked50,mlp,nucl1347,nucl1347,0.38915715278148055,0.6945785763907403,0.0021321961620469083,0.6581755940394683,469,9932
self,gold_oracle,profile,nucl1347,nucl1347,0.4239187596083984,0.7119593798041992,0.0021321961620469083,0.6496173983084977,469,9932
self,grambank_s42_A,mlp,stan1318,stan1318,0.36026081610238864,0.6801304080511943,0.006122448979591836,0.5660613091785284,490,22411
self,gold_oracle,profile,stan1318,stan1318,0.19586256216970035,0.5979312810848502,0.00816326530612245,0.645486591406006,490,22411
self,grambank_s42_A,mlp,nucl1235,nucl1235,0.15354730249031218,0.576773651245156,0.0020491803278688526,0.49744897959183676,488,8232
self,gold_oracle,profile,nucl1235,nucl1235,0.36911067741411646,0.6845553387070582,0.012295081967213115,0.6454081632653061,488,8232
self,grambank_s42_A,mlp,bela1254,bela1254,0.2771274599534844,0.6385637299767422,0.018329938900203666,0.6916902738432483,491,8472
self,gold_oracle,profile,bela1254,bela1254,0.31362769849865657,0.6568138492493283,0.016293279022403257,0.6867327667610954,491,8472
self,grambank_s42_A,mlp,stan1289,stan1289,0.370572710950078,0.685286355475039,0.0,0.7047619047619048,500,16905
self,gold_oracle,profile,stan1289,stan1289,0.41781943262444643,0.7089097163122232,0.0,0.7165335699497191,500,16905
self,grambank_s42_A,mlp,mand1415,mand1415,0.33961097135838203,0.669805485679191,0.0,0.5799304952215465,500,11510
self,gold_oracle,profile,mand1415,mand1415,0.5839407907628922,0.7919703953814462,0.0,0.6902693310165073,500,11510
self,grambank_s42_A,mlp,copt1239,copt1239,0.3920120324767845,0.6960060162383922,0.0,0.7224563515954244,404,9966
self,gold_oracle,profile,copt1239,copt1239,0.45767518236002075,0.7288375911800103,0.0,0.7382099137066025,404,9966
self,grambank_s42_A,mlp,czec1258,czec1258,0.25840457721020427,0.6292022886051021,0.008456659619450317,0.6717179773488595,473,6269
self,gold_oracle,profile,czec1258,czec1258,0.3152768329769632,0.6576384164884816,0.008456659619450317,0.6680491306428458,473,6269
self,grambank_s42_A,mlp,dani1285,dani1285,0.3096421243666367,0.6548210621833184,0.006198347107438017,0.6771513353115727,484,8425
self,gold_oracle,profile,dani1285,dani1285,0.29620851630799105,0.6481042581539956,0.010330578512396695,0.6621958456973294,484,8425
self,grambank_s42_A,mlp,dutc1256,dutc1256,0.3532353508930371,0.6766176754465185,0.0,0.6878468682750029,494,8829
self,gold_oracle,profile,dutc1256,dutc1256,0.47814448470337734,0.7390722423516887,0.004048582995951417,0.6970211802016083,494,8829
self,grambank_s42_A,mlp,stan1293,stan1293,0.3872855844590405,0.6936427922295202,0.004597701149425287,0.7191394658753709,435,6740
self,gold_oracle,profile,stan1293,stan1293,0.4214171215444668,0.7107085607722333,0.0022988505747126436,0.701780415430267,435,6740
self,grambank_s42_A,mlp,faro1244,faro1244,0.3263675126474342,0.6631837563237171,0.0,0.5718566462903032,301,8343
self,gold_oracle,profile,faro1244,faro1244,0.4531331309573238,0.7265665654786619,0.0,0.5327819729114227,301,8343
self,grambank_s42_A,mlp,finn1318,finn1318,0.2584896764846859,0.6292448382423429,0.0,0.6442530639284532,490,6038
self,gold_oracle,profile,finn1318,finn1318,0.30558797134964205,0.652793985674821,0.0,0.6576681020205366,490,6038
self,grambank_s42_A,mlp,stan1290,stan1290,0.3998058720616297,0.6999029360308149,0.0,0.7403395479637538,416,9601
self,gold_oracle,profile,stan1290,stan1290,0.43949950108944896,0.7197497505447245,0.0,0.7398187688782418,416,9601
self,grambank_s42_A,mlp,mode1248,mode1248,0.353086149563164,0.6765430747815819,0.0045351473922902496,0.7671206035073969,441,10207
self,gold_oracle,profile,mode1248,mode1248,0.3473274443665696,0.6736637221832849,0.011337868480725623,0.753600470265504,441,10207
self,grambank_s42_A,mlp,hebr1245,hebr1245,0.34389451181227243,0.6719472559061362,0.0,0.6000848176420696,490,11790
self,gold_oracle,profile,hebr1245,hebr1245,0.3986818716957859,0.6993409358478929,0.0,0.6330788804071247,490,11790
self,grambank_s42_A,mlp,hind1269,hind1269,-0.023356279560884628,0.4883218602195577,0.0,0.3923597294070832,500,10052
self,gold_oracle,profile,hind1269,hind1269,0.6119894494952609,0.8059947247476306,0.0,0.8464982093115798,500,10052
self,grambank_s42_A,mlp,hung1274,hung1274,0.14479754526551988,0.57239877263276,0.0,0.626962696269627,449,9999
self,gold_oracle,profile,hung1274,hung1274,0.3947309525840482,0.6973654762920242,0.0,0.7275727572757276,449,9999
self,grambank_s42_A,mlp,icel1247,icel1247,0.30056823835869284,0.6502841191793464,0.0,0.5940415287390912,500,13292
self,gold_oracle,profile,icel1247,icel1247,0.3031007238010594,0.6515503619005296,0.0,0.568913632260006,500,13292
self,grambank_s42_A,mlp,iris1253,iris1253,0.2453311380583436,0.6226655690291718,0.0,0.6093669049839395,448,9651
self,gold_oracle,profile,iris1253,iris1253,0.28337302045924473,0.6416865102296223,0.0,0.6253238006424204,448,9651
self,grambank_s42_A,mlp,ital1282,ital1282,0.3500017725385629,0.6750008862692815,0.0,0.7168595873175642,482,9935
self,gold_oracle,profile,ital1282,ital1282,0.38513705191208425,0.692568525956042,0.0,0.7235027679919477,482,9935
self,grambank_s42_A,mlp,nucl1643,nucl1643,0.056691706031811916,0.5283458530159059,0.0,0.3177610897659797,499,11452
self,gold_oracle,profile,nucl1643,nucl1643,0.6520310376239355,0.8260155188119678,0.002004008016032064,0.7482535801606707,499,11452
self,grambank_s42_A,mlp,komi1268,komi1268,0.23351087535989526,0.6167554376799474,0.0,0.5821394460362942,213,2094
self,gold_oracle,profile,komi1268,komi1268,0.23863393979808367,0.6193169698990418,0.0,0.5434574976122254,213,2094
self,grambank_s42_A,mlp,kore1280,kore1280,0.2724899053884191,0.6362449526942094,0.024489795918367346,0.45714285714285713,490,5810
self,gold_oracle,profile,kore1280,kore1280,0.5256068573967909,0.7628034286983955,0.05510204081632653,0.6397590361445783,490,5810
self,grambank_s42_A,mlp,latv1249,latv1249,0.24340848504467527,0.6217042425223377,0.0,0.6241824852448556,486,6269
self,gold_oracle,profile,latv1249,latv1249,0.3418240692325285,0.6709120346162643,0.0,0.6623065879725634,486,6269
self,grambank_s42_A,mlp,lith1251,lith1251,0.24130582854595362,0.6206529142729768,0.012295081967213115,0.6190539818278995,488,7484
self,gold_oracle,profile,lith1251,lith1251,0.3212416951788205,0.6606208475894103,0.0020491803278688526,0.6588722608230893,488,7484
self,grambank_s42_A,mlp,malt1254,malt1254,0.30209637353898383,0.6510481867694919,0.00404040404040404,0.6779743865480496,495,10229
self,gold_oracle,profile,malt1254,malt1254,0.34998536053059354,0.6749926802652968,0.00404040404040404,0.6817870759605045,495,10229
self,grambank_s42_A,mlp,mara1378,mara1378,0.17730221977361565,0.5886511098868078,0.0,0.43131868131868134,46,364
self,gold_oracle,profile,mara1378,mara1378,0.4764200851271791,0.7382100425635894,0.0,0.6318681318681318,46,364
self,grambank_s42_A,mlp,nort2671,nort2671,0.2609486213907005,0.6304743106953502,0.0,0.5308893414799728,500,5892
self,gold_oracle,profile,nort2671,nort2671,0.2329804228203025,0.6164902114101513,0.0,0.5622878479293958,500,5892
self,grambank_s42_A,mlp,west2369,west2369,0.06359015259801847,0.5317950762990092,0.0,0.5394593118514472,500,7324
self,gold_oracle,profile,west2369,west2369,0.58312033924041,0.791560169620205,0.0,0.723784817039869,500,7324
self,grambank_s42_A,mlp,poli1260,poli1260,0.3675658239416527,0.6837829119708264,0.0,0.6867209971236817,494,4172
self,gold_oracle,profile,poli1260,poli1260,0.36183223875976533,0.6809161193798827,0.0,0.6907957813998082,494,4172
self,grambank_s42_A,mlp,port1283,port1283,0.4190398017982468,0.7095199008991234,0.020491803278688523,0.7142398630576655,488,9347
self,gold_oracle,profile,port1283,port1283,0.4546910885942865,0.7273455442971433,0.018442622950819672,0.7053600085588959,488,9347
self,grambank_s42_A,mlp,russ1263,russ1263,0.27591646145670085,0.6379582307283503,0.0,0.66949987681695,495,8118
self,gold_oracle,profile,russ1263,russ1263,0.3331076101018415,0.6665538050509208,0.0,0.6702389751170239,495,8118
self,grambank_s42_A,mlp,slov1268,slov1268,0.3054360057337558,0.6527180028668779,0.002,0.733734448296961,500,9806
self,gold_oracle,profile,slov1268,slov1268,0.3615633692971769,0.6807816846485885,0.002,0.732408729349378,500,9806
self,grambank_s42_A,mlp,swed1254,swed1254,0.350999912230181,0.6754999561150905,0.0041928721174004195,0.6837416481069042,477,7184
self,gold_oracle,profile,swed1254,swed1254,0.3802182889786634,0.6901091444893317,0.0041928721174004195,0.6792873051224945,477,7184
self,grambank_s42_A,mlp,tami1289,tami1289,-0.024681463408733863,0.48765926829563305,0.0,0.4462279293739968,120,1869
self,gold_oracle,profile,tami1289,tami1289,0.6640194655180953,0.8320097327590477,0.0,0.8143392188336008,120,1869
self,grambank_s42_A,mlp,telu1262,telu1262,0.21213945339819468,0.6060697266990974,0.0,0.5192307692307693,143,572
self,gold_oracle,profile,telu1262,telu1262,0.559074259074259,0.7795371295371296,0.0,0.6940559440559441,143,572
self,grambank_s42_A,mlp,nucl1301,nucl1301,0.10894274714491017,0.5544713735724551,0.01016260162601626,0.5036521739130435,492,5750
self,gold_oracle,profile,nucl1301,nucl1301,0.5189098399272442,0.759454919963622,0.012195121951219513,0.7144347826086956,492,5750
self,grambank_s42_A,mlp,ukra1253,ukra1253,0.2586472948534782,0.6293236474267392,0.002178649237472767,0.6979917896371908,459,9013
self,gold_oracle,profile,ukra1253,ukra1253,0.2965814217515292,0.6482907108757646,0.002178649237472767,0.693442804837457,459,9013
self,grambank_s42_A,mlp,viet1252,viet1252,0.33576165506677225,0.6678808275333861,0.0,0.6362606232294618,499,7060
self,gold_oracle,profile,viet1252,viet1252,0.39855767960464367,0.6992788398023219,0.0,0.6236543909348442,499,7060
self,grambank_s42_A,mlp,wels1247,wels1247,0.3475453816530563,0.6737726908265281,0.0,0.6770846201358863,500,8095
self,gold_oracle,profile,wels1247,wels1247,0.24230151788757873,0.6211507589437892,0.0,0.6543545398394071,500,8095
self,grambank_s42_A,mlp,nucl1347,nucl1347,0.3769204010896162,0.688460200544808,0.0021321961620469083,0.6637132501006846,469,9932
self,gold_oracle,profile,nucl1347,nucl1347,0.4239187596083984,0.7119593798041992,0.0021321961620469083,0.6496173983084977,469,9932
self,grambank_s42_B,mlp,stan1318,stan1318,0.35540072770214237,0.6777003638510712,0.006122448979591836,0.6262103431350676,490,22411
self,gold_oracle,profile,stan1318,stan1318,0.19586256216970035,0.5979312810848502,0.00816326530612245,0.645486591406006,490,22411
self,grambank_s42_B,mlp,nucl1235,nucl1235,0.13115284321238088,0.5655764216061905,0.0020491803278688526,0.47898445092322645,488,8232
self,gold_oracle,profile,nucl1235,nucl1235,0.36911067741411646,0.6845553387070582,0.012295081967213115,0.6454081632653061,488,8232
self,grambank_s42_B,mlp,bela1254,bela1254,0.2755636031720405,0.6377818015860204,0.024439918533604887,0.6953493862134089,491,8472
self,gold_oracle,profile,bela1254,bela1254,0.31362769849865657,0.6568138492493283,0.016293279022403257,0.6867327667610954,491,8472
self,grambank_s42_B,mlp,stan1289,stan1289,0.3280588624644495,0.6640294312322247,0.0,0.6969535640343094,500,16905
self,gold_oracle,profile,stan1289,stan1289,0.41781943262444643,0.7089097163122232,0.0,0.7165335699497191,500,16905
self,grambank_s42_B,mlp,mand1415,mand1415,0.3262371237981025,0.6631185618990512,0.0,0.5635968722849696,500,11510
self,gold_oracle,profile,mand1415,mand1415,0.5839407907628922,0.7919703953814462,0.0,0.6902693310165073,500,11510
self,grambank_s42_B,mlp,copt1239,copt1239,0.3503999670100726,0.6751999835050363,0.0,0.7743327312863737,404,9966
self,gold_oracle,profile,copt1239,copt1239,0.45767518236002075,0.7288375911800103,0.0,0.7382099137066025,404,9966
self,grambank_s42_B,mlp,czec1258,czec1258,0.21774171779032434,0.6088708588951621,0.008456659619450317,0.6618280427500399,473,6269
self,gold_oracle,profile,czec1258,czec1258,0.3152768329769632,0.6576384164884816,0.008456659619450317,0.6680491306428458,473,6269
self,grambank_s42_B,mlp,dani1285,dani1285,0.27982849332518633,0.6399142466625931,0.004132231404958678,0.6923442136498517,484,8425
self,gold_oracle,profile,dani1285,dani1285,0.29620851630799105,0.6481042581539956,0.010330578512396695,0.6621958456973294,484,8425
self,grambank_s42_B,mlp,dutc1256,dutc1256,0.32866034958957246,0.6643301747947862,0.0,0.6828632914259826,494,8829
self,gold_oracle,profile,dutc1256,dutc1256,0.47814448470337734,0.7390722423516887,0.004048582995951417,0.6970211802016083,494,8829
self,grambank_s42_B,mlp,stan1293,stan1293,0.37661651068312346,0.6883082553415617,0.004597701149425287,0.7314540059347181,435,6740
self,gold_oracle,profile,stan1293,stan1293,0.4214171215444668,0.7107085607722333,0.0022988505747126436,0.701780415430267,435,6740
self,grambank_s42_B,mlp,faro1244,faro1244,0.351406163298599,0.6757030816492995,0.0,0.6140477046625914,301,8343
self,gold_oracle,profile,faro1244,faro1244,0.4531331309573238,0.7265665654786619,0.0,0.5327819729114227,301,8343
self,grambank_s42_B,mlp,finn1318,finn1318,0.22987954122348872,0.6149397706117444,0.0,0.650049685326267,490,6038
self,gold_oracle,profile,finn1318,finn1318,0.30558797134964205,0.652793985674821,0.0,0.6576681020205366,490,6038
self,grambank_s42_B,mlp,stan1290,stan1290,0.36409452893474104,0.6820472644673703,0.0,0.7519008436621185,416,9601
self,gold_oracle,profile,stan1290,stan1290,0.43949950108944896,0.7197497505447245,0.0,0.7398187688782418,416,9601
self,grambank_s42_B,mlp,mode1248,mode1248,0.31308771124391327,0.6565438556219566,0.006802721088435374,0.7637895561869306,441,10207
self,gold_oracle,profile,mode1248,mode1248,0.3473274443665696,0.6736637221832849,0.011337868480725623,0.753600470265504,441,10207
self,grambank_s42_B,mlp,hebr1245,hebr1245,0.3076549476529952,0.6538274738264975,0.0,0.6119592875318066,490,11790
self,gold_oracle,profile,hebr1245,hebr1245,0.3986818716957859,0.6993409358478929,0.0,0.6330788804071247,490,11790
self,grambank_s42_B,mlp,hind1269,hind1269,-0.09766131500373587,0.4511693424981321,0.0,0.3575407879029049,500,10052
self,gold_oracle,profile,hind1269,hind1269,0.6119894494952609,0.8059947247476306,0.0,0.8464982093115798,500,10052
self,grambank_s42_B,mlp,hung1274,hung1274,0.09587477156895025,0.5479373857844752,0.0,0.5740574057405741,449,9999
self,gold_oracle,profile,hung1274,hung1274,0.3947309525840482,0.6973654762920242,0.0,0.7275727572757276,449,9999
self,grambank_s42_B,mlp,icel1247,icel1247,0.2925095543837885,0.6462547771918942,0.0,0.6018657839301835,500,13292
self,gold_oracle,profile,icel1247,icel1247,0.3031007238010594,0.6515503619005296,0.0,0.568913632260006,500,13292
self,grambank_s42_B,mlp,iris1253,iris1253,0.22450785069673745,0.6122539253483686,0.0,0.6459434255517563,448,9651
self,gold_oracle,profile,iris1253,iris1253,0.28337302045924473,0.6416865102296223,0.0,0.6253238006424204,448,9651
self,grambank_s42_B,mlp,ital1282,ital1282,0.3181917354045587,0.6590958677022793,0.0,0.7209864116758933,482,9935
self,gold_oracle,profile,ital1282,ital1282,0.38513705191208425,0.692568525956042,0.0,0.7235027679919477,482,9935
self,grambank_s42_B,mlp,nucl1643,nucl1643,-0.004550699730818911,0.4977246501345906,0.0,0.29977296542088716,499,11452
self,gold_oracle,profile,nucl1643,nucl1643,0.6520310376239355,0.8260155188119678,0.002004008016032064,0.7482535801606707,499,11452
self,grambank_s42_B,mlp,komi1268,komi1268,0.17711692494010922,0.5885584624700546,0.0,0.5577841451766953,213,2094
self,gold_oracle,profile,komi1268,komi1268,0.23863393979808367,0.6193169698990418,0.0,0.5434574976122254,213,2094
self,grambank_s42_B,mlp,kore1280,kore1280,0.23593123924387222,0.6179656196219361,0.024489795918367346,0.423407917383821,490,5810
self,gold_oracle,profile,kore1280,kore1280,0.5256068573967909,0.7628034286983955,0.05510204081632653,0.6397590361445783,490,5810
self,grambank_s42_B,mlp,latv1249,latv1249,0.22843763612382081,0.6142188180619103,0.0,0.614611580794385,486,6269
self,gold_oracle,profile,latv1249,latv1249,0.3418240692325285,0.6709120346162643,0.0,0.6623065879725634,486,6269
self,grambank_s42_B,mlp,lith1251,lith1251,0.23084660623628092,0.6154233031181404,0.012295081967213115,0.6233297701763763,488,7484
self,gold_oracle,profile,lith1251,lith1251,0.3212416951788205,0.6606208475894103,0.0020491803278688526,0.6588722608230893,488,7484
self,grambank_s42_B,mlp,malt1254,malt1254,0.2864194079411107,0.6432097039705553,0.006060606060606061,0.6874572294456937,495,10229
self,gold_oracle,profile,malt1254,malt1254,0.34998536053059354,0.6749926802652968,0.00404040404040404,0.6817870759605045,495,10229
self,grambank_s42_B,mlp,mara1378,mara1378,0.12293377611455415,0.5614668880572771,0.0,0.4010989010989011,46,364
self,gold_oracle,profile,mara1378,mara1378,0.4764200851271791,0.7382100425635894,0.0,0.6318681318681318,46,364
self,grambank_s42_B,mlp,nort2671,nort2671,0.22174766614670247,0.6108738330733513,0.0,0.5290224032586558,500,5892
self,gold_oracle,profile,nort2671,nort2671,0.2329804228203025,0.6164902114101513,0.0,0.5622878479293958,500,5892
self,grambank_s42_B,mlp,west2369,west2369,0.03240283191311034,0.5162014159565551,0.0,0.5320862916439104,500,7324
self,gold_oracle,profile,west2369,west2369,0.58312033924041,0.791560169620205,0.0,0.723784817039869,500,7324
self,grambank_s42_B,mlp,poli1260,poli1260,0.35409155947968446,0.6770457797398423,0.0,0.7066155321188878,494,4172
self,gold_oracle,profile,poli1260,poli1260,0.36183223875976533,0.6809161193798827,0.0,0.6907957813998082,494,4172
self,grambank_s42_B,mlp,port1283,port1283,0.40013873617812856,0.7000693680890644,0.018442622950819672,0.7217288969722906,488,9347
self,gold_oracle,profile,port1283,port1283,0.4546910885942865,0.7273455442971433,0.018442622950819672,0.7053600085588959,488,9347
self,grambank_s42_B,mlp,russ1263,russ1263,0.2678264600241842,0.6339132300120921,0.0,0.6713476225671348,495,8118
self,gold_oracle,profile,russ1263,russ1263,0.3331076101018415,0.6665538050509208,0.0,0.6702389751170239,495,8118
self,grambank_s42_B,mlp,slov1268,slov1268,0.2707614651749201,0.6353807325874601,0.002,0.7235366102386294,500,9806
self,gold_oracle,profile,slov1268,slov1268,0.3615633692971769,0.6807816846485885,0.002,0.732408729349378,500,9806
self,grambank_s42_B,mlp,swed1254,swed1254,0.3014849056029653,0.6507424528014827,0.0041928721174004195,0.6973830734966593,477,7184
self,gold_oracle,profile,swed1254,swed1254,0.3802182889786634,0.6901091444893317,0.0041928721174004195,0.6792873051224945,477,7184
self,grambank_s42_B,mlp,tami1289,tami1289,-0.0957233546137355,0.45213832269313226,0.0,0.33493846976993047,120,1869
self,gold_oracle,profile,tami1289,tami1289,0.6640194655180953,0.8320097327590477,0.0,0.8143392188336008,120,1869
self,grambank_s42_B,mlp,telu1262,telu1262,0.12173498607065043,0.5608674930353252,0.0,0.4772727272727273,143,572
self,gold_oracle,profile,telu1262,telu1262,0.559074259074259,0.7795371295371296,0.0,0.6940559440559441,143,572
self,grambank_s42_B,mlp,nucl1301,nucl1301,0.0147231005434787,0.5073615502717393,0.0040650406504065045,0.38921739130434785,492,5750
self,gold_oracle,profile,nucl1301,nucl1301,0.5189098399272442,0.759454919963622,0.012195121951219513,0.7144347826086956,492,5750
self,grambank_s42_B,mlp,ukra1253,ukra1253,0.25265622457885273,0.6263281122894264,0.002178649237472767,0.7091978253633641,459,9013
self,gold_oracle,profile,ukra1253,ukra1253,0.2965814217515292,0.6482907108757646,0.002178649237472767,0.693442804837457,459,9013
self,grambank_s42_B,mlp,viet1252,viet1252,0.3171548228199666,0.6585774114099832,0.0,0.6473087818696884,499,7060
self,gold_oracle,profile,viet1252,viet1252,0.39855767960464367,0.6992788398023219,0.0,0.6236543909348442,499,7060
self,grambank_s42_B,mlp,wels1247,wels1247,0.295860806222221,0.6479304031111105,0.0,0.6816553428042001,500,8095
self,gold_oracle,profile,wels1247,wels1247,0.24230151788757873,0.6211507589437892,0.0,0.6543545398394071,500,8095
self,grambank_s42_B,mlp,nucl1347,nucl1347,0.347586527756192,0.6737932638780959,0.0021321961620469083,0.6571687474828836,469,9932
self,gold_oracle,profile,nucl1347,nucl1347,0.4239187596083984,0.7119593798041992,0.0021321961620469083,0.6496173983084977,469,9932
self,grambank_s42_C,mlp,stan1318,stan1318,0.14903744583484702,0.5745187229174235,0.004081632653061225,0.6179554682968186,490,22411
self,gold_oracle,profile,stan1318,stan1318,0.19586256216970035,0.5979312810848502,0.00816326530612245,0.645486591406006,490,22411
self,grambank_s42_C,mlp,nucl1235,nucl1235,0.34504077193624566,0.6725203859681228,0.012295081967213115,0.6064139941690962,488,8232
self,gold_oracle,profile,nucl1235,nucl1235,0.36911067741411646,0.6845553387070582,0.012295081967213115,0.6454081632653061,488,8232
self,grambank_s42_C,mlp,bela1254,bela1254,0.15991716171019185,0.5799585808550959,0.004073319755600814,0.5428470254957507,491,8472
self,gold_oracle,profile,bela1254,bela1254,0.31362769849865657,0.6568138492493283,0.016293279022403257,0.6867327667610954,491,8472
self,grambank_s42_C,mlp,stan1289,stan1289,0.1514678617211638,0.575733930860582,0.0,0.6569653948535936,500,16905
self,gold_oracle,profile,stan1289,stan1289,0.41781943262444643,0.7089097163122232,0.0,0.7165335699497191,500,16905
self,grambank_s42_C,mlp,mand1415,mand1415,0.41842837149501805,0.709214185747509,0.0,0.6260642919200695,500,11510
self,gold_oracle,profile,mand1415,mand1415,0.5839407907628922,0.7919703953814462,0.0,0.6902693310165073,500,11510
self,grambank_s42_C,mlp,copt1239,copt1239,0.32100275538188305,0.6605013776909415,0.0,0.6184025687336946,404,9966
self,gold_oracle,profile,copt1239,copt1239,0.45767518236002075,0.7288375911800103,0.0,0.7382099137066025,404,9966
self,grambank_s42_C,mlp,czec1258,czec1258,0.1826705679031281,0.591335283951564,0.004228329809725159,0.6243420003190302,473,6269
self,gold_oracle,profile,czec1258,czec1258,0.3152768329769632,0.6576384164884816,0.008456659619450317,0.6680491306428458,473,6269
self,grambank_s42_C,mlp,dani1285,dani1285,0.25904442296907726,0.6295222114845387,0.008264462809917356,0.6559050445103858,484,8425
self,gold_oracle,profile,dani1285,dani1285,0.29620851630799105,0.6481042581539956,0.010330578512396695,0.6621958456973294,484,8425
self,grambank_s42_C,mlp,dutc1256,dutc1256,0.1813174622995175,0.5906587311497586,0.0,0.6599841431645713,494,8829
self,gold_oracle,profile,dutc1256,dutc1256,0.47814448470337734,0.7390722423516887,0.004048582995951417,0.6970211802016083,494,8829
self,grambank_s42_C,mlp,stan1293,stan1293,0.3050421277426199,0.6525210638713099,0.0,0.6321958456973293,435,6740
self,gold_oracle,profile,stan1293,stan1293,0.4214171215444668,0.7107085607722333,0.0022988505747126436,0.701780415430267,435,6740
self,grambank_s42_C,mlp,faro1244,faro1244,0.2944982771872634,0.6472491385936316,0.0,0.5157617164089656,301,8343
self,gold_oracle,profile,faro1244,faro1244,0.4531331309573238,0.7265665654786619,0.0,0.5327819729114227,301,8343
self,grambank_s42_C,mlp,finn1318,finn1318,0.277175030270093,0.6385875151350465,0.0,0.5980457105001656,490,6038
self,gold_oracle,profile,finn1318,finn1318,0.30558797134964205,0.652793985674821,0.0,0.6576681020205366,490,6038
self,grambank_s42_C,mlp,stan1290,stan1290,0.21285346699048788,0.6064267334952439,0.0,0.7075304655765025,416,9601
self,gold_oracle,profile,stan1290,stan1290,0.43949950108944896,0.7197497505447245,0.0,0.7398187688782418,416,9601
self,grambank_s42_C,mlp,mode1248,mode1248,0.12414702315457943,0.5620735115772897,0.0022675736961451248,0.7334182423826786,441,10207
self,gold_oracle,profile,mode1248,mode1248,0.3473274443665696,0.6736637221832849,0.011337868480725623,0.753600470265504,441,10207
self,grambank_s42_C,mlp,hebr1245,hebr1245,0.1297099589855204,0.5648549794927601,0.0,0.5799830364715861,490,11790
self,gold_oracle,profile,hebr1245,hebr1245,0.3986818716957859,0.6993409358478929,0.0,0.6330788804071247,490,11790
self,grambank_s42_C,mlp,hind1269,hind1269,0.29013156369551074,0.6450657818477553,0.0,0.5585953044170314,500,10052
self,gold_oracle,profile,hind1269,hind1269,0.6119894494952609,0.8059947247476306,0.0,0.8464982093115798,500,10052
self,grambank_s42_C,mlp,hung1274,hung1274,0.3833385347862888,0.6916692673931444,0.0,0.7007700770077008,449,9999
self,gold_oracle,profile,hung1274,hung1274,0.3947309525840482,0.6973654762920242,0.0,0.7275727572757276,449,9999
self,grambank_s42_C,mlp,icel1247,icel1247,0.24943592978719042,0.6247179648935952,0.0,0.5833584110743304,500,13292
self,gold_oracle,profile,icel1247,icel1247,0.3031007238010594,0.6515503619005296,0.0,0.568913632260006,500,13292
self,grambank_s42_C,mlp,iris1253,iris1253,0.18154365296355485,0.5907718264817774,0.0,0.6137187856180707,448,9651
self,gold_oracle,profile,iris1253,iris1253,0.28337302045924473,0.6416865102296223,0.0,0.6253238006424204,448,9651
self,grambank_s42_C,mlp,ital1282,ital1282,0.1652939866069543,0.5826469933034771,0.0,0.6892803220936085,482,9935
self,gold_oracle,profile,ital1282,ital1282,0.38513705191208425,0.692568525956042,0.0,0.7235027679919477,482,9935
self,grambank_s42_C,mlp,nucl1643,nucl1643,0.1941294346708512,0.5970647173354255,0.0,0.4367796018162766,499,11452
self,gold_oracle,profile,nucl1643,nucl1643,0.6520310376239355,0.8260155188119678,0.002004008016032064,0.7482535801606707,499,11452
self,grambank_s42_C,mlp,komi1268,komi1268,0.29482845745103536,0.6474142287255176,0.0,0.5577841451766953,213,2094
self,gold_oracle,profile,komi1268,komi1268,0.23863393979808367,0.6193169698990418,0.0,0.5434574976122254,213,2094
self,grambank_s42_C,mlp,kore1280,kore1280,0.36830563693351104,0.6841528184667556,0.03469387755102041,0.5480206540447504,490,5810
self,gold_oracle,profile,kore1280,kore1280,0.5256068573967909,0.7628034286983955,0.05510204081632653,0.6397590361445783,490,5810
self,grambank_s42_C,mlp,latv1249,latv1249,0.27857433149438376,0.6392871657471917,0.0,0.6444408996650184,486,6269
self,gold_oracle,profile,latv1249,latv1249,0.3418240692325285,0.6709120346162643,0.0,0.6623065879725634,486,6269
self,grambank_s42_C,mlp,lith1251,lith1251,0.24339157504486308,0.6216957875224315,0.0020491803278688526,0.6411010154997328,488,7484
self,gold_oracle,profile,lith1251,lith1251,0.3212416951788205,0.6606208475894103,0.0020491803278688526,0.6588722608230893,488,7484
self,grambank_s42_C,mlp,malt1254,malt1254,0.23857529499195237,0.6192876474959762,0.00404040404040404,0.6573467592139994,495,10229
self,gold_oracle,profile,malt1254,malt1254,0.34998536053059354,0.6749926802652968,0.00404040404040404,0.6817870759605045,495,10229
self,grambank_s42_C,mlp,mara1378,mara1378,0.30434525936814266,0.6521726296840713,0.0,0.5027472527472527,46,364
self,gold_oracle,profile,mara1378,mara1378,0.4764200851271791,0.7382100425635894,0.0,0.6318681318681318,46,364
self,grambank_s42_C,mlp,nort2671,nort2671,0.34739870472206363,0.6736993523610318,0.0,0.5120502376103191,500,5892
self,gold_oracle,profile,nort2671,nort2671,0.2329804228203025,0.6164902114101513,0.0,0.5622878479293958,500,5892
self,grambank_s42_C,mlp,west2369,west2369,0.2930867059765522,0.6465433529882761,0.0,0.536592026215183,500,7324
self,gold_oracle,profile,west2369,west2369,0.58312033924041,0.791560169620205,0.0,0.723784817039869,500,7324
self,grambank_s42_C,mlp,poli1260,poli1260,-0.012867459623266141,0.4935662701883669,0.0,0.6471716203259827,494,4172
self,gold_oracle,profile,poli1260,poli1260,0.36183223875976533,0.6809161193798827,0.0,0.6907957813998082,494,4172
self,grambank_s42_C,mlp,port1283,port1283,0.19054575661635692,0.5952728783081785,0.006147540983606557,0.6659890874077244,488,9347
self,gold_oracle,profile,port1283,port1283,0.4546910885942865,0.7273455442971433,0.018442622950819672,0.7053600085588959,488,9347
self,grambank_s42_C,mlp,russ1263,russ1263,0.24465493344489783,0.6223274667224489,0.0,0.5966986942596698,495,8118
self,gold_oracle,profile,russ1263,russ1263,0.3331076101018415,0.6665538050509208,0.0,0.6702389751170239,495,8118
self,grambank_s42_C,mlp,slov1268,slov1268,0.2830252418668083,0.6415126209334041,0.0,0.6616357332245564,500,9806
self,gold_oracle,profile,slov1268,slov1268,0.3615633692971769,0.6807816846485885,0.002,0.732408729349378,500,9806
self,grambank_s42_C,mlp,swed1254,swed1254,0.31882127706310653,0.6594106385315532,0.0041928721174004195,0.6681514476614699,477,7184
self,gold_oracle,profile,swed1254,swed1254,0.3802182889786634,0.6901091444893317,0.0041928721174004195,0.6792873051224945,477,7184
self,grambank_s42_C,mlp,tami1289,tami1289,0.23922443762217735,0.6196122188110886,0.0,0.6495452113429642,120,1869
self,gold_oracle,profile,tami1289,tami1289,0.6640194655180953,0.8320097327590477,0.0,0.8143392188336008,120,1869
self,grambank_s42_C,mlp,telu1262,telu1262,0.4034460489005944,0.7017230244502972,0.0,0.6241258741258742,143,572
self,gold_oracle,profile,telu1262,telu1262,0.559074259074259,0.7795371295371296,0.0,0.6940559440559441,143,572
self,grambank_s42_C,mlp,nucl1301,nucl1301,0.36952169664552303,0.6847608483227615,0.012195121951219513,0.6509565217391304,492,5750
self,gold_oracle,profile,nucl1301,nucl1301,0.5189098399272442,0.759454919963622,0.012195121951219513,0.7144347826086956,492,5750
self,grambank_s42_C,mlp,ukra1253,ukra1253,0.20450169438613547,0.6022508471930678,0.0,0.5727282813713525,459,9013
self,gold_oracle,profile,ukra1253,ukra1253,0.2965814217515292,0.6482907108757646,0.002178649237472767,0.693442804837457,459,9013
self,grambank_s42_C,mlp,viet1252,viet1252,0.23558515302694197,0.617792576513471,0.0,0.45439093484419263,499,7060
self,gold_oracle,profile,viet1252,viet1252,0.39855767960464367,0.6992788398023219,0.0,0.6236543909348442,499,7060
self,grambank_s42_C,mlp,wels1247,wels1247,0.26396902553675,0.631984512768375,0.0,0.6625077208153181,500,8095
self,gold_oracle,profile,wels1247,wels1247,0.24230151788757873,0.6211507589437892,0.0,0.6543545398394071,500,8095
self,grambank_s42_C,mlp,nucl1347,nucl1347,0.2534192193169185,0.6267096096584593,0.0021321961620469083,0.5940394683850181,469,9932
self,gold_oracle,profile,nucl1347,nucl1347,0.4239187596083984,0.7119593798041992,0.0021321961620469083,0.6496173983084977,469,9932
self,grambank_s42_B_masked30,mlp,stan1318,stan1318,0.3653071427441195,0.6826535713720597,0.006122448979591836,0.6465128731426532,490,22411
self,gold_oracle,profile,stan1318,stan1318,0.19586256216970035,0.5979312810848502,0.00816326530612245,0.645486591406006,490,22411
self,grambank_s42_B_masked30,mlp,nucl1235,nucl1235,0.12743259670131601,0.563716298350658,0.0020491803278688526,0.4842079689018465,488,8232
self,gold_oracle,profile,nucl1235,nucl1235,0.36911067741411646,0.6845553387070582,0.012295081967213115,0.6454081632653061,488,8232
self,grambank_s42_B_masked30,mlp,bela1254,bela1254,0.28753096819624574,0.6437654840981228,0.016293279022403257,0.695703493862134,491,8472
self,gold_oracle,profile,bela1254,bela1254,0.31362769849865657,0.6568138492493283,0.016293279022403257,0.6867327667610954,491,8472
self,grambank_s42_B_masked30,mlp,stan1289,stan1289,0.34759287653758686,0.6737964382687933,0.0,0.6926353149955634,500,16905
self,gold_oracle,profile,stan1289,stan1289,0.41781943262444643,0.7089097163122232,0.0,0.7165335699497191,500,16905
self,grambank_s42_B_masked30,mlp,mand1415,mand1415,0.33274409480610434,0.6663720474030521,0.0,0.5481320590790617,500,11510
self,gold_oracle,profile,mand1415,mand1415,0.5839407907628922,0.7919703953814462,0.0,0.6902693310165073,500,11510
self,grambank_s42_B_masked30,mlp,copt1239,copt1239,0.3569485456844677,0.6784742728422339,0.0,0.7618904274533413,404,9966
self,gold_oracle,profile,copt1239,copt1239,0.45767518236002075,0.7288375911800103,0.0,0.7382099137066025,404,9966
self,grambank_s42_B_masked30,mlp,czec1258,czec1258,0.22220468335682966,0.6111023416784148,0.008456659619450317,0.6567235603764556,473,6269
self,gold_oracle,profile,czec1258,czec1258,0.3152768329769632,0.6576384164884816,0.008456659619450317,0.6680491306428458,473,6269
self,grambank_s42_B_masked30,mlp,dani1285,dani1285,0.2897460237901008,0.6448730118950504,0.006198347107438017,0.6887833827893175,484,8425
self,gold_oracle,profile,dani1285,dani1285,0.29620851630799105,0.6481042581539956,0.010330578512396695,0.6621958456973294,484,8425
self,grambank_s42_B_masked30,mlp,dutc1256,dutc1256,0.3654098817420811,0.6827049408710405,0.0,0.6824102389851625,494,8829
self,gold_oracle,profile,dutc1256,dutc1256,0.47814448470337734,0.7390722423516887,0.004048582995951417,0.6970211802016083,494,8829
self,grambank_s42_B_masked30,mlp,stan1293,stan1293,0.38242038582269944,0.6912101929113498,0.0022988505747126436,0.7206231454005935,435,6740
self,gold_oracle,profile,stan1293,stan1293,0.4214171215444668,0.7107085607722333,0.0022988505747126436,0.701780415430267,435,6740
self,grambank_s42_B_masked30,mlp,faro1244,faro1244,0.3438473856899886,0.6719236928449943,0.0,0.6084142394822006,301,8343
self,gold_oracle,profile,faro1244,faro1244,0.4531331309573238,0.7265665654786619,0.0,0.5327819729114227,301,8343
self,grambank_s42_B_masked30,mlp,finn1318,finn1318,0.246462248939811,0.6232311244699055,0.0,0.6377939715137463,490,6038
self,gold_oracle,profile,finn1318,finn1318,0.30558797134964205,0.652793985674821,0.0,0.6576681020205366,490,6038
self,grambank_s42_B_masked30,mlp,stan1290,stan1290,0.39416551527847976,0.69708275763924,0.0,0.7490886366003542,416,9601
self,gold_oracle,profile,stan1290,stan1290,0.43949950108944896,0.7197497505447245,0.0,0.7398187688782418,416,9601
self,grambank_s42_B_masked30,mlp,mode1248,mode1248,0.36145370457357745,0.6807268522867886,0.009070294784580499,0.7764279416086999,441,10207
self,gold_oracle,profile,mode1248,mode1248,0.3473274443665696,0.6736637221832849,0.011337868480725623,0.753600470265504,441,10207
self,grambank_s42_B_masked30,mlp,hebr1245,hebr1245,0.32846594948919483,0.6642329747445974,0.0,0.618490245971162,490,11790
self,gold_oracle,profile,hebr1245,hebr1245,0.3986818716957859,0.6993409358478929,0.0,0.6330788804071247,490,11790
self,grambank_s42_B_masked30,mlp,hind1269,hind1269,-0.08670913597510423,0.4566454320124479,0.0,0.3547552725825706,500,10052
self,gold_oracle,profile,hind1269,hind1269,0.6119894494952609,0.8059947247476306,0.0,0.8464982093115798,500,10052
self,grambank_s42_B_masked30,mlp,hung1274,hung1274,0.12261453328600702,0.5613072666430035,0.0,0.5956595659565956,449,9999
self,gold_oracle,profile,hung1274,hung1274,0.3947309525840482,0.6973654762920242,0.0,0.7275727572757276,449,9999
self,grambank_s42_B_masked30,mlp,icel1247,icel1247,0.3098806299913294,0.6549403149956647,0.0,0.605853144748721,500,13292
self,gold_oracle,profile,icel1247,icel1247,0.3031007238010594,0.6515503619005296,0.0,0.568913632260006,500,13292
self,grambank_s42_B_masked30,mlp,iris1253,iris1253,0.273820665006016,0.636910332503008,0.0,0.608330742928194,448,9651
self,gold_oracle,profile,iris1253,iris1253,0.28337302045924473,0.6416865102296223,0.0,0.6253238006424204,448,9651
self,grambank_s42_B_masked30,mlp,ital1282,ital1282,0.3170573616211927,0.6585286808105965,0.0,0.7214896829391042,482,9935
self,gold_oracle,profile,ital1282,ital1282,0.38513705191208425,0.692568525956042,0.0,0.7235027679919477,482,9935
self,grambank_s42_B_masked30,mlp,nucl1643,nucl1643,0.040693504680732545,0.5203467523403662,0.0,0.30632203981837236,499,11452
self,gold_oracle,profile,nucl1643,nucl1643,0.6520310376239355,0.8260155188119678,0.002004008016032064,0.7482535801606707,499,11452
self,grambank_s42_B_masked30,mlp,komi1268,komi1268,0.17603230304175063,0.5880161515208753,0.0,0.5563514804202483,213,2094
self,gold_oracle,profile,komi1268,komi1268,0.23863393979808367,0.6193169698990418,0.0,0.5434574976122254,213,2094
self,grambank_s42_B_masked30,mlp,kore1280,kore1280,0.23074092655808953,0.6153704632790448,0.024489795918367346,0.42633390705679863,490,5810
self,gold_oracle,profile,kore1280,kore1280,0.5256068573967909,0.7628034286983955,0.05510204081632653,0.6397590361445783,490,5810
self,grambank_s42_B_masked30,mlp,latv1249,latv1249,0.22994834854809756,0.6149741742740487,0.0,0.6085500079757538,486,6269
self,gold_oracle,profile,latv1249,latv1249,0.3418240692325285,0.6709120346162643,0.0,0.6623065879725634,486,6269
self,grambank_s42_B_masked30,mlp,lith1251,lith1251,0.23681824287476266,0.6184091214373812,0.012295081967213115,0.6142437199358631,488,7484
self,gold_oracle,profile,lith1251,lith1251,0.3212416951788205,0.6606208475894103,0.0020491803278688526,0.6588722608230893,488,7484
self,grambank_s42_B_masked30,mlp,malt1254,malt1254,0.3018570733239468,0.6509285366619734,0.006060606060606061,0.6925408153289666,495,10229
self,gold_oracle,profile,malt1254,malt1254,0.34998536053059354,0.6749926802652968,0.00404040404040404,0.6817870759605045,495,10229
self,grambank_s42_B_masked30,mlp,mara1378,mara1378,0.1175703320325746,0.5587851660162872,0.0,0.3708791208791209,46,364
self,gold_oracle,profile,mara1378,mara1378,0.4764200851271791,0.7382100425635894,0.0,0.6318681318681318,46,364
self,grambank_s42_B_masked30,mlp,nort2671,nort2671,0.2288968592928328,0.6144484296464163,0.0,0.5207060420909708,500,5892
self,gold_oracle,profile,nort2671,nort2671,0.2329804228203025,0.6164902114101513,0.0,0.5622878479293958,500,5892
self,grambank_s42_B_masked30,mlp,west2369,west2369,0.07552427224804559,0.5377621361240228,0.0,0.563216821409066,500,7324
self,gold_oracle,profile,west2369,west2369,0.58312033924041,0.791560169620205,0.0,0.723784817039869,500,7324
self,grambank_s42_B_masked30,mlp,poli1260,poli1260,0.36804034075527287,0.6840201703776364,0.0,0.7027804410354745,494,4172
self,gold_oracle,profile,poli1260,poli1260,0.36183223875976533,0.6809161193798827,0.0,0.6907957813998082,494,4172
self,grambank_s42_B_masked30,mlp,port1283,port1283,0.4325131399643195,0.7162565699821597,0.020491803278688523,0.7208730073820477,488,9347
self,gold_oracle,profile,port1283,port1283,0.4546910885942865,0.7273455442971433,0.018442622950819672,0.7053600085588959,488,9347
self,grambank_s42_B_masked30,mlp,russ1263,russ1263,0.2636016775586538,0.6318008387793269,0.0,0.6711012564671102,495,8118
self,gold_oracle,profile,russ1263,russ1263,0.3331076101018415,0.6665538050509208,0.0,0.6702389751170239,495,8118
self,grambank_s42_B_masked30,mlp,slov1268,slov1268,0.2846335356435793,0.6423167678217897,0.002,0.7228227615745462,500,9806
self,gold_oracle,profile,slov1268,slov1268,0.3615633692971769,0.6807816846485885,0.002,0.732408729349378,500,9806
self,grambank_s42_B_masked30,mlp,swed1254,swed1254,0.340465096894607,0.6702325484473036,0.0041928721174004195,0.6869432071269488,477,7184
self,gold_oracle,profile,swed1254,swed1254,0.3802182889786634,0.6901091444893317,0.0041928721174004195,0.6792873051224945,477,7184
self,grambank_s42_B_masked30,mlp,tami1289,tami1289,-0.09782688138452358,0.45108655930773817,0.0,0.3301230604601391,120,1869
self,gold_oracle,profile,tami1289,tami1289,0.6640194655180953,0.8320097327590477,0.0,0.8143392188336008,120,1869
self,grambank_s42_B_masked30,mlp,telu1262,telu1262,0.1237672195714154,0.5618836097857077,0.0,0.4597902097902098,143,572
self,gold_oracle,profile,telu1262,telu1262,0.559074259074259,0.7795371295371296,0.0,0.6940559440559441,143,572
self,grambank_s42_B_masked30,mlp,nucl1301,nucl1301,0.04233934079546596,0.521169670397733,0.008130081300813009,0.41130434782608694,492,5750
self,gold_oracle,profile,nucl1301,nucl1301,0.5189098399272442,0.759454919963622,0.012195121951219513,0.7144347826086956,492,5750
self,grambank_s42_B_masked30,mlp,ukra1253,ukra1253,0.24836053907045466,0.6241802695352272,0.002178649237472767,0.7077554643293021,459,9013
self,gold_oracle,profile,ukra1253,ukra1253,0.2965814217515292,0.6482907108757646,0.002178649237472767,0.693442804837457,459,9013
self,grambank_s42_B_masked30,mlp,viet1252,viet1252,0.346091482918962,0.673045741459481,0.0,0.6396600566572238,499,7060
self,gold_oracle,profile,viet1252,viet1252,0.39855767960464367,0.6992788398023219,0.0,0.6236543909348442,499,7060
self,grambank_s42_B_masked30,mlp,wels1247,wels1247,0.33786507890312145,0.6689325394515606,0.0,0.6690549722050648,500,8095
self,gold_oracle,profile,wels1247,wels1247,0.24230151788757873,0.6211507589437892,0.0,0.6543545398394071,500,8095
self,grambank_s42_B_masked30,mlp,nucl1347,nucl1347,0.3846799904776667,0.6923399952388334,0.0021321961620469083,0.6588803866290778,469,9932
self,gold_oracle,profile,nucl1347,nucl1347,0.4239187596083984,0.7119593798041992,0.0021321961620469083,0.6496173983084977,469,9932
self,grambank_s42_B_masked50,mlp,stan1318,stan1318,0.36809132616380236,0.6840456630819012,0.006122448979591836,0.6348668064789612,490,22411
self,gold_oracle,profile,stan1318,stan1318,0.19586256216970035,0.5979312810848502,0.00816326530612245,0.645486591406006,490,22411
self,grambank_s42_B_masked50,mlp,nucl1235,nucl1235,0.12865258168249163,0.5643262908412457,0.0020491803278688526,0.483843537414966,488,8232
self,gold_oracle,profile,nucl1235,nucl1235,0.36911067741411646,0.6845553387070582,0.012295081967213115,0.6454081632653061,488,8232
self,grambank_s42_B_masked50,mlp,bela1254,bela1254,0.2939762018276191,0.6469881009138095,0.026476578411405296,0.6968838526912181,491,8472
self,gold_oracle,profile,bela1254,bela1254,0.31362769849865657,0.6568138492493283,0.016293279022403257,0.6867327667610954,491,8472
self,grambank_s42_B_masked50,mlp,stan1289,stan1289,0.3542981872786331,0.6771490936393165,0.0,0.6973084886128365,500,16905
self,gold_oracle,profile,stan1289,stan1289,0.41781943262444643,0.7089097163122232,0.0,0.7165335699497191,500,16905
self,grambank_s42_B_masked50,mlp,mand1415,mand1415,0.3513443635417475,0.6756721817708737,0.0,0.553866203301477,500,11510
self,gold_oracle,profile,mand1415,mand1415,0.5839407907628922,0.7919703953814462,0.0,0.6902693310165073,500,11510
self,grambank_s42_B_masked50,mlp,copt1239,copt1239,0.3611512310831193,0.6805756155415597,0.0,0.7553682520569938,404,9966
self,gold_oracle,profile,copt1239,copt1239,0.45767518236002075,0.7288375911800103,0.0,0.7382099137066025,404,9966
self,grambank_s42_B_masked50,mlp,czec1258,czec1258,0.22668166326092465,0.6133408316304624,0.008456659619450317,0.6610304673791674,473,6269
self,gold_oracle,profile,czec1258,czec1258,0.3152768329769632,0.6576384164884816,0.008456659619450317,0.6680491306428458,473,6269
self,grambank_s42_B_masked50,mlp,dani1285,dani1285,0.30891434066476936,0.6544571703323847,0.010330578512396695,0.6949554896142434,484,8425
self,gold_oracle,profile,dani1285,dani1285,0.29620851630799105,0.6481042581539956,0.010330578512396695,0.6621958456973294,484,8425
self,grambank_s42_B_masked50,mlp,dutc1256,dutc1256,0.3747111776547037,0.6873555888273518,0.0,0.6966813908709933,494,8829
self,gold_oracle,profile,dutc1256,dutc1256,0.47814448470337734,0.7390722423516887,0.004048582995951417,0.6970211802016083,494,8829
self,grambank_s42_B_masked50,mlp,stan1293,stan1293,0.4210366734224924,0.7105183367112461,0.004597701149425287,0.7393175074183976,435,6740
self,gold_oracle,profile,stan1293,stan1293,0.4214171215444668,0.7107085607722333,0.0022988505747126436,0.701780415430267,435,6740
self,grambank_s42_B_masked50,mlp,faro1244,faro1244,0.3554935914057714,0.6777467957028857,0.0,0.6027807743018099,301,8343
self,gold_oracle,profile,faro1244,faro1244,0.4531331309573238,0.7265665654786619,0.0,0.5327819729114227,301,8343
self,grambank_s42_B_masked50,mlp,finn1318,finn1318,0.2479824167237821,0.6239912083618911,0.0,0.6435905929115601,490,6038
self,gold_oracle,profile,finn1318,finn1318,0.30558797134964205,0.652793985674821,0.0,0.6576681020205366,490,6038
self,grambank_s42_B_masked50,mlp,stan1290,stan1290,0.4148594217650974,0.7074297108825487,0.0,0.7513800645766066,416,9601
self,gold_oracle,profile,stan1290,stan1290,0.43949950108944896,0.7197497505447245,0.0,0.7398187688782418,416,9601
self,grambank_s42_B_masked50,mlp,mode1248,mode1248,0.3651312263270964,0.6825656131635482,0.009070294784580499,0.7718232585480552,441,10207
self,gold_oracle,profile,mode1248,mode1248,0.3473274443665696,0.6736637221832849,0.011337868480725623,0.753600470265504,441,10207
self,grambank_s42_B_masked50,mlp,hebr1245,hebr1245,0.34546942096185085,0.6727347104809255,0.0,0.6039864291772689,490,11790
self,gold_oracle,profile,hebr1245,hebr1245,0.3986818716957859,0.6993409358478929,0.0,0.6330788804071247,490,11790
self,grambank_s42_B_masked50,mlp,hind1269,hind1269,-0.05807748771235032,0.47096125614382484,0.0,0.36470354158376445,500,10052
self,gold_oracle,profile,hind1269,hind1269,0.6119894494952609,0.8059947247476306,0.0,0.8464982093115798,500,10052
self,grambank_s42_B_masked50,mlp,hung1274,hung1274,0.11296264692111313,0.5564813234605566,0.0,0.5921592159215922,449,9999
self,gold_oracle,profile,hung1274,hung1274,0.3947309525840482,0.6973654762920242,0.0,0.7275727572757276,449,9999
self,grambank_s42_B_masked50,mlp,icel1247,icel1247,0.3267580052287896,0.6633790026143949,0.0,0.5972765573277159,500,13292
self,gold_oracle,profile,icel1247,icel1247,0.3031007238010594,0.6515503619005296,0.0,0.568913632260006,500,13292
self,grambank_s42_B_masked50,mlp,iris1253,iris1253,0.26387977106493193,0.6319398855324659,0.0,0.6317480053880427,448,9651
self,gold_oracle,profile,iris1253,iris1253,0.28337302045924473,0.6416865102296223,0.0,0.6253238006424204,448,9651
self,grambank_s42_B_masked50,mlp,ital1282,ital1282,0.320664883955551,0.6603324419777756,0.0,0.7217916456970307,482,9935
self,gold_oracle,profile,ital1282,ital1282,0.38513705191208425,0.692568525956042,0.0,0.7235027679919477,482,9935
self,grambank_s42_B_masked50,mlp,nucl1643,nucl1643,0.045843151669371876,0.522921575834686,0.0,0.3067586447782047,499,11452
self,gold_oracle,profile,nucl1643,nucl1643,0.6520310376239355,0.8260155188119678,0.002004008016032064,0.7482535801606707,499,11452
self,grambank_s42_B_masked50,mlp,komi1268,komi1268,0.17327352132224716,0.5866367606611236,0.0,0.5601719197707736,213,2094
self,gold_oracle,profile,komi1268,komi1268,0.23863393979808367,0.6193169698990418,0.0,0.5434574976122254,213,2094
self,grambank_s42_B_masked50,mlp,kore1280,kore1280,0.23760986655922703,0.6188049332796136,0.024489795918367346,0.42994836488812394,490,5810
self,gold_oracle,profile,kore1280,kore1280,0.5256068573967909,0.7628034286983955,0.05510204081632653,0.6397590361445783,490,5810
self,grambank_s42_B_masked50,mlp,latv1249,latv1249,0.2435098677721083,0.6217549338860541,0.0,0.6213112139097144,486,6269
self,gold_oracle,profile,latv1249,latv1249,0.3418240692325285,0.6709120346162643,0.0,0.6623065879725634,486,6269
self,grambank_s42_B_masked50,mlp,lith1251,lith1251,0.23960127959507113,0.6198006397975356,0.012295081967213115,0.627605558524853,488,7484
self,gold_oracle,profile,lith1251,lith1251,0.3212416951788205,0.6606208475894103,0.0020491803278688526,0.6588722608230893,488,7484
self,grambank_s42_B_masked50,mlp,malt1254,malt1254,0.3146531621708332,0.6573265810854166,0.006060606060606061,0.6811027470916023,495,10229
self,gold_oracle,profile,malt1254,malt1254,0.34998536053059354,0.6749926802652968,0.00404040404040404,0.6817870759605045,495,10229
self,grambank_s42_B_masked50,mlp,mara1378,mara1378,0.13845790111236336,0.5692289505561817,0.0,0.40384615384615385,46,364
self,gold_oracle,profile,mara1378,mara1378,0.4764200851271791,0.7382100425635894,0.0,0.6318681318681318,46,364
self,grambank_s42_B_masked50,mlp,nort2671,nort2671,0.24267887435520413,0.6213394371776021,0.0,0.5307196198234895,500,5892
self,gold_oracle,profile,nort2671,nort2671,0.2329804228203025,0.6164902114101513,0.0,0.5622878479293958,500,5892
self,grambank_s42_B_masked50,mlp,west2369,west2369,0.06322084656612584,0.5316104232830631,0.0,0.5285363189513926,500,7324
self,gold_oracle,profile,west2369,west2369,0.58312033924041,0.791560169620205,0.0,0.723784817039869,500,7324
self,grambank_s42_B_masked50,mlp,poli1260,poli1260,0.3668356758800599,0.68341783794003,0.0,0.7061361457334612,494,4172
self,gold_oracle,profile,poli1260,poli1260,0.36183223875976533,0.6809161193798827,0.0,0.6907957813998082,494,4172
self,grambank_s42_B_masked50,mlp,port1283,port1283,0.45162994771348147,0.7258149738567407,0.022540983606557378,0.7233336899539959,488,9347
self,gold_oracle,profile,port1283,port1283,0.4546910885942865,0.7273455442971433,0.018442622950819672,0.7053600085588959,488,9347
self,grambank_s42_B_masked50,mlp,russ1263,russ1263,0.2717906322334886,0.6358953161167442,0.0,0.6751662971175166,495,8118
self,gold_oracle,profile,russ1263,russ1263,0.3331076101018415,0.6665538050509208,0.0,0.6702389751170239,495,8118
self,grambank_s42_B_masked50,mlp,slov1268,slov1268,0.30487640770108543,0.6524382038505427,0.002,0.7275137670813787,500,9806
self,gold_oracle,profile,slov1268,slov1268,0.3615633692971769,0.6807816846485885,0.002,0.732408729349378,500,9806
self,grambank_s42_B_masked50,mlp,swed1254,swed1254,0.3666284533918287,0.6833142266959144,0.006289308176100629,0.7014198218262806,477,7184
self,gold_oracle,profile,swed1254,swed1254,0.3802182889786634,0.6901091444893317,0.0041928721174004195,0.6792873051224945,477,7184
self,grambank_s42_B_masked50,mlp,tami1289,tami1289,-0.12702405436849276,0.43648797281575363,0.0,0.33440342429106473,120,1869
self,gold_oracle,profile,tami1289,tami1289,0.6640194655180953,0.8320097327590477,0.0,0.8143392188336008,120,1869
self,grambank_s42_B_masked50,mlp,telu1262,telu1262,0.16292805873225455,0.5814640293661273,0.0,0.48776223776223776,143,572
self,gold_oracle,profile,telu1262,telu1262,0.559074259074259,0.7795371295371296,0.0,0.6940559440559441,143,572
self,grambank_s42_B_masked50,mlp,nucl1301,nucl1301,0.0605884071948418,0.5302942035974209,0.008130081300813009,0.41547826086956524,492,5750
self,gold_oracle,profile,nucl1301,nucl1301,0.5189098399272442,0.759454919963622,0.012195121951219513,0.7144347826086956,492,5750
self,grambank_s42_B_masked50,mlp,ukra1253,ukra1253,0.2529759637938981,0.626487981896949,0.002178649237472767,0.709752579607234,459,9013
self,gold_oracle,profile,ukra1253,ukra1253,0.2965814217515292,0.6482907108757646,0.002178649237472767,0.693442804837457,459,9013
self,grambank_s42_B_masked50,mlp,viet1252,viet1252,0.3598267927741142,0.6799133963870572,0.0,0.6449008498583569,499,7060
self,gold_oracle,profile,viet1252,viet1252,0.39855767960464367,0.6992788398023219,0.0,0.6236543909348442,499,7060
self,grambank_s42_B_masked50,mlp,wels1247,wels1247,0.33017175828297013,0.6650858791414851,0.0,0.6780728844966029,500,8095
self,gold_oracle,profile,wels1247,wels1247,0.24230151788757873,0.6211507589437892,0.0,0.6543545398394071,500,8095
self,grambank_s42_B_masked50,mlp,nucl1347,nucl1347,0.3861564138738988,0.6930782069369494,0.0021321961620469083,0.6573701167942005,469,9932
self,gold_oracle,profile,nucl1347,nucl1347,0.4239187596083984,0.7119593798041992,0.0021321961620469083,0.6496173983084977,469,9932
value_No_dom_order,wals_s42_A,mlp,trained_on_all_train,bela1254,0.2772767102852057,0.6386383551426028,0.024439918533604887,0.6931067044381491,491,8472
value_No_dom_order,wals_s42_B,mlp,trained_on_all_train,bela1254,0.2867624634525742,0.6433812317262873,0.016293279022403257,0.6975920679886686,491,8472
value_No_dom_order,wals_s42_C,mlp,trained_on_all_train,bela1254,0.18535990968775917,0.5926799548438796,0.004073319755600814,0.5173512747875354,491,8472
value_No_dom_order,wals_s42_B_masked30,mlp,trained_on_all_train,bela1254,0.29067896434196094,0.6453394821709804,0.026476578411405296,0.6979461756373938,491,8472
value_No_dom_order,wals_s42_B_masked50,mlp,trained_on_all_train,bela1254,0.2835879669240253,0.6417939834620127,0.024439918533604887,0.6991265344664778,491,8472
value_No_dom_order,grambank_s42_A,mlp,trained_on_all_train,bela1254,0.2771274599534844,0.6385637299767422,0.018329938900203666,0.6916902738432483,491,8472
value_No_dom_order,grambank_s42_B,mlp,trained_on_all_train,bela1254,0.2755636031720405,0.6377818015860204,0.024439918533604887,0.6953493862134089,491,8472
value_No_dom_order,grambank_s42_C,mlp,trained_on_all_train,bela1254,0.15991716171019185,0.5799585808550959,0.004073319755600814,0.5428470254957507,491,8472
value_No_dom_order,grambank_s42_B_masked30,mlp,trained_on_all_train,bela1254,0.28753096819624574,0.6437654840981228,0.016293279022403257,0.695703493862134,491,8472
value_No_dom_order,grambank_s42_B_masked50,mlp,trained_on_all_train,bela1254,0.2939762018276191,0.6469881009138095,0.026476578411405296,0.6968838526912181,491,8472
value_No_dom_order_VOS_OVS,wals_s42_A,mlp,trained_on_all_train,bela1254,0.2772767102852057,0.6386383551426028,0.024439918533604887,0.6931067044381491,491,8472
value_No_dom_order_VOS_OVS,wals_s42_B,mlp,trained_on_all_train,bela1254,0.2867624634525742,0.6433812317262873,0.016293279022403257,0.6975920679886686,491,8472
value_No_dom_order_VOS_OVS,wals_s42_C,mlp,trained_on_all_train,bela1254,0.18535990968775917,0.5926799548438796,0.004073319755600814,0.5173512747875354,491,8472
value_No_dom_order_VOS_OVS,wals_s42_B_masked30,mlp,trained_on_all_train,bela1254,0.29067896434196094,0.6453394821709804,0.026476578411405296,0.6979461756373938,491,8472
value_No_dom_order_VOS_OVS,wals_s42_B_masked50,mlp,trained_on_all_train,bela1254,0.2835879669240253,0.6417939834620127,0.024439918533604887,0.6991265344664778,491,8472
value_No_dom_order_VOS_OVS,grambank_s42_A,mlp,trained_on_all_train,bela1254,0.2771274599534844,0.6385637299767422,0.018329938900203666,0.6916902738432483,491,8472
value_No_dom_order_VOS_OVS,grambank_s42_B,mlp,trained_on_all_train,bela1254,0.2755636031720405,0.6377818015860204,0.024439918533604887,0.6953493862134089,491,8472
value_No_dom_order_VOS_OVS,grambank_s42_C,mlp,trained_on_all_train,bela1254,0.15991716171019185,0.5799585808550959,0.004073319755600814,0.5428470254957507,491,8472
value_No_dom_order_VOS_OVS,grambank_s42_B_masked30,mlp,trained_on_all_train,bela1254,0.28753096819624574,0.6437654840981228,0.016293279022403257,0.695703493862134,491,8472
value_No_dom_order_VOS_OVS,grambank_s42_B_masked50,mlp,trained_on_all_train,bela1254,0.2939762018276191,0.6469881009138095,0.026476578411405296,0.6968838526912181,491,8472
